journal_id,posting_date,amount,currency,transaction_type,counterparty,gl_account,description,bank_account_id
CJ-000001,2025-03-17,104050,USD,INFLOW,Sunrise Technologies,4010,Customer payment received,BA001
CJ-000002,2025-03-17,117115,USD,INFLOW,Sunbelt Energy Corp,4000,Product sales revenue,BA002
CJ-000003,2025-03-17,115222,USD,INFLOW,Coastal Shipping USA,4000,Service fee payment,BA001
CJ-000004,2025-03-17,113759,USD,OUTFLOW,Office Depot,6300,Material procurement,BA003
CJ-000005,2025-03-17,81182,USD,OUTFLOW,Waste Management Inc,5000,Professional services,BA003
CJ-000006,2025-03-17,127822,USD,OUTFLOW,Cisco Systems,2000,Maintenance services,BA002
CJ-000007,2025-03-17,137565,USD,OUTFLOW,Amazon Web Services,6200,Material procurement,BA002
CJ-000008,2025-03-17,126060,USD,OUTFLOW,Office Depot,6100,Maintenance services,BA003
CJ-000009,2025-03-17,109737,USD,OUTFLOW,VMware Inc,2000,Vendor payment,BA003
CJ-000010,2025-03-17,136898,USD,OUTFLOW,Amazon Web Services,6400,Vendor payment,BA002
CJ-000011,2025-03-17,52638,EUR,INFLOW,Vienna Tech GmbH,4030,Service fee payment,BA005
CJ-000012,2025-03-17,33427,EUR,INFLOW,Berlin Analytics GmbH,4020,Product sales revenue,BA004
CJ-000013,2025-03-17,32654,EUR,INFLOW,Deutsche Industrial AG,4020,Consulting revenue,BA005
CJ-000014,2025-03-17,64352,EUR,INFLOW,Frankfurt Solutions,4020,Customer payment received,BA004
CJ-000015,2025-03-17,49855,EUR,OUTFLOW,Lufthansa AG,6300,Material procurement,BA005
CJ-000016,2025-03-17,39098,EUR,OUTFLOW,Lufthansa AG,2010,Equipment rental,BA004
CJ-000017,2025-03-17,55755,EUR,OUTFLOW,RWE Energy,6300,Service provider payment,BA005
CJ-000018,2025-03-17,72432,EUR,OUTFLOW,Capgemini SE,2010,Equipment rental,BA005
CJ-000019,2025-03-17,67714,EUR,OUTFLOW,Deutsche Post,6300,Equipment rental,BA004
CJ-000020,2025-03-17,60457,EUR,OUTFLOW,Allianz SE,5010,Equipment rental,BA005
CJ-000021,2025-03-17,25100,GBP,INFLOW,Highland Manufacturing,1220,Customer payment received,BA007
CJ-000022,2025-03-17,24077,GBP,INFLOW,Westminster Holdings,4040,Service fee payment,BA007
CJ-000023,2025-03-17,37797,GBP,OUTFLOW,Rolls-Royce Holdings,6200,Utilities payment,BA006
CJ-000024,2025-03-17,16699,GBP,OUTFLOW,Tesco PLC,6200,Vendor payment,BA007
CJ-000025,2025-03-17,30318,GBP,OUTFLOW,BT Group,2020,Service provider payment,BA006
CJ-000026,2025-03-17,30477,GBP,OUTFLOW,BP Energy,6200,Utilities payment,BA007
CJ-000027,2025-03-17,28487,GBP,OUTFLOW,Royal Mail,6200,Service provider payment,BA007
CJ-000028,2025-03-18,141463,USD,INFLOW,Western Digital Corp,1200,License renewal payment,BA002
CJ-000029,2025-03-18,132573,USD,INFLOW,Sunrise Technologies,4010,Product sales revenue,BA003
CJ-000030,2025-03-18,134365,USD,INFLOW,Continental Systems,1200,Consulting services payment,BA001
CJ-000031,2025-03-18,133455,USD,INFLOW,Sunrise Technologies,4000,Consulting services payment,BA001
CJ-000032,2025-03-18,138543,USD,INFLOW,MegaCorp USA,4000,Customer payment received,BA001
CJ-000033,2025-03-18,78562,USD,OUTFLOW,Office Depot,6300,Vendor payment,BA001
CJ-000034,2025-03-18,88259,USD,OUTFLOW,Salesforce Inc,5000,Vendor payment,BA001
CJ-000035,2025-03-18,83178,USD,OUTFLOW,3M Company,6300,Utilities payment,BA003
CJ-000036,2025-03-18,72510,USD,OUTFLOW,VMware Inc,6200,Material procurement,BA003
CJ-000037,2025-03-18,63358,EUR,INFLOW,FranceTech SA,4030,Customer payment received,BA004
CJ-000038,2025-03-18,79038,EUR,INFLOW,Milan Industries,4030,Consulting revenue,BA005
CJ-000039,2025-03-18,43763,EUR,INFLOW,FranceTech SA,4030,Customer payment received,BA004
CJ-000040,2025-03-18,43836,EUR,INFLOW,Deutsche Industrial AG,4030,Consulting revenue,BA004
CJ-000041,2025-03-18,83863,EUR,INFLOW,Rhine Logistics AG,4020,Service fee payment,BA005
CJ-000042,2025-03-18,26760,EUR,OUTFLOW,Airbus SE,2010,Equipment rental,BA004
CJ-000043,2025-03-18,38095,EUR,OUTFLOW,Schneider Electric,5010,Service provider payment,BA004
CJ-000044,2025-03-18,31955,GBP,INFLOW,Westminster Holdings,1220,Service fee payment,BA007
CJ-000045,2025-03-18,17111,GBP,INFLOW,Cambridge Biotech,1220,Product sales revenue,BA006
CJ-000046,2025-03-18,18461,GBP,INFLOW,Highland Manufacturing,4040,Service fee payment,BA006
CJ-000047,2025-03-18,21862,GBP,OUTFLOW,Vodafone Group,2020,Vendor payment,BA007
CJ-000048,2025-03-18,26433,GBP,OUTFLOW,BP Energy,6200,Utilities payment,BA006
CJ-000049,2025-03-18,11496,GBP,OUTFLOW,Vodafone Group,6200,Vendor payment,BA006
CJ-000050,2025-03-19,112281,USD,INFLOW,Atlantic Corp,4010,Customer payment received,BA002
CJ-000051,2025-03-19,146301,USD,INFLOW,Central Systems Inc,1200,Product sales revenue,BA002
CJ-000052,2025-03-19,99223,USD,INFLOW,American Logistics Inc,4010,Consulting services payment,BA003
CJ-000053,2025-03-19,154507,USD,INFLOW,Global Pharma Corp,4010,License renewal payment,BA002
CJ-000054,2025-03-19,77856,USD,OUTFLOW,3M Company,6300,Utilities payment,BA003
CJ-000055,2025-03-19,93732,USD,OUTFLOW,IBM Corp,6400,Material procurement,BA002
CJ-000056,2025-03-19,57178,USD,OUTFLOW,VMware Inc,6000,Service provider payment,BA001
CJ-000057,2025-03-19,75667,EUR,INFLOW,Deutsche Industrial AG,4030,Product sales revenue,BA005
CJ-000058,2025-03-19,68883,EUR,INFLOW,Vienna Tech GmbH,4030,Service fee payment,BA004
CJ-000059,2025-03-19,90331,EUR,INFLOW,Stuttgart Engineering,1210,Customer payment received,BA005
CJ-000060,2025-03-19,30725,EUR,OUTFLOW,Capgemini SE,5010,Service provider payment,BA005
CJ-000061,2025-03-19,22113,EUR,OUTFLOW,SAP SE,6300,Material procurement,BA005
CJ-000062,2025-03-19,28168,GBP,INFLOW,Westminster Holdings,1220,Service fee payment,BA006
CJ-000063,2025-03-19,19617,GBP,INFLOW,London Financial Services,4040,Service fee payment,BA007
CJ-000064,2025-03-19,11227,GBP,OUTFLOW,Rolls-Royce Holdings,6200,Utilities payment,BA006
CJ-000065,2025-03-20,94378,USD,INFLOW,American Logistics Inc,4000,Customer payment received,BA002
CJ-000066,2025-03-20,102364,USD,INFLOW,Sunbelt Energy Corp,1200,License renewal payment,BA002
CJ-000067,2025-03-20,95929,USD,INFLOW,MegaCorp USA,4010,Customer payment received,BA003
CJ-000068,2025-03-20,130042,USD,INFLOW,American Logistics Inc,4000,Consulting services payment,BA002
CJ-000069,2025-03-20,80068,USD,INFLOW,Central Systems Inc,4000,Customer payment received,BA003
CJ-000070,2025-03-20,94570,USD,INFLOW,Coastal Shipping USA,4010,Product sales revenue,BA002
CJ-000071,2025-03-20,95190,USD,OUTFLOW,General Electric,6400,Service provider payment,BA001
CJ-000072,2025-03-20,77305,USD,OUTFLOW,Oracle Corp,5000,Utilities payment,BA002
CJ-000073,2025-03-20,123060,USD,OUTFLOW,Waste Management Inc,6200,Vendor payment,BA003
CJ-000074,2025-03-20,95735,USD,OUTFLOW,3M Company,6100,Professional services,BA003
CJ-000075,2025-03-20,97341,USD,OUTFLOW,Staples Inc,6200,Professional services,BA002
CJ-000076,2025-03-20,66235,EUR,INFLOW,ACME Corp,1210,Product sales revenue,BA004
CJ-000077,2025-03-20,63708,EUR,INFLOW,Rhine Logistics AG,4020,Service fee payment,BA004
CJ-000078,2025-03-20,34945,EUR,INFLOW,Berlin Analytics GmbH,4030,Product sales revenue,BA004
CJ-000079,2025-03-20,26115,EUR,OUTFLOW,ThyssenKrupp AG,2010,Equipment rental,BA005
CJ-000080,2025-03-20,24522,EUR,OUTFLOW,L'Oreal SA,2010,Material procurement,BA005
CJ-000081,2025-03-20,27734,EUR,OUTFLOW,Volkswagen AG,5010,Vendor payment,BA005
CJ-000082,2025-03-20,41501,EUR,OUTFLOW,Bayer AG,5010,Service provider payment,BA005
CJ-000083,2025-03-20,36539,GBP,INFLOW,Scottish Energy Solutions,4040,Customer payment received,BA006
CJ-000084,2025-03-20,25211,GBP,OUTFLOW,Sainsbury's,2020,Service provider payment,BA007
CJ-000085,2025-03-21,77943,USD,INFLOW,TransAtlantic Shipping,1200,Service fee payment,BA002
CJ-000086,2025-03-21,69144,USD,INFLOW,Coastal Shipping USA,4000,Customer payment received,BA001
CJ-000087,2025-03-21,80253,USD,INFLOW,American Logistics Inc,1200,License renewal payment,BA002
CJ-000088,2025-03-21,80067,USD,INFLOW,Continental Systems,1200,Product sales revenue,BA003
CJ-000089,2025-03-21,89972,USD,OUTFLOW,3M Company,2000,Professional services,BA001
CJ-000090,2025-03-21,81572,USD,OUTFLOW,Salesforce Inc,6200,Material procurement,BA001
CJ-000091,2025-03-21,71737,USD,OUTFLOW,Workday Inc,6100,Vendor payment,BA002
CJ-000092,2025-03-21,59724,USD,OUTFLOW,Verizon Business,6100,Material procurement,BA001
CJ-000093,2025-03-21,85904,USD,OUTFLOW,Microsoft Corp,6000,Vendor payment,BA001
CJ-000094,2025-03-21,31996,EUR,INFLOW,Vienna Tech GmbH,1210,Consulting revenue,BA004
CJ-000095,2025-03-21,21568,EUR,OUTFLOW,L'Oreal SA,2010,Vendor payment,BA005
CJ-000096,2025-03-21,32784,EUR,OUTFLOW,Bosch Group,5010,Equipment rental,BA004
CJ-000097,2025-03-21,28223,GBP,INFLOW,Highland Manufacturing,4040,Customer payment received,BA007
CJ-000098,2025-03-21,15299,GBP,OUTFLOW,Sainsbury's,2020,Utilities payment,BA007
CJ-000099,2025-03-21,15438,GBP,OUTFLOW,BT Group,6200,Vendor payment,BA006
CJ-000100,2025-03-24,73692,USD,INFLOW,Southern Manufacturing,1200,License renewal payment,BA003
CJ-000101,2025-03-24,112528,USD,INFLOW,MegaCorp USA,4000,Product sales revenue,BA002
CJ-000102,2025-03-24,83617,USD,INFLOW,Global Pharma Corp,4010,Service fee payment,BA001
CJ-000103,2025-03-24,115710,USD,INFLOW,Midwest Agribusiness,4000,Product sales revenue,BA002
CJ-000104,2025-03-24,121036,USD,OUTFLOW,Workday Inc,2000,Professional services,BA003
CJ-000105,2025-03-24,146749,USD,OUTFLOW,Workday Inc,2000,Vendor payment,BA002
CJ-000106,2025-03-24,95801,USD,OUTFLOW,Accenture PLC,6000,Material procurement,BA003
CJ-000107,2025-03-24,87405,USD,OUTFLOW,AT&T Services,2000,Service provider payment,BA003
CJ-000108,2025-03-24,106070,USD,OUTFLOW,General Electric,5000,Professional services,BA002
CJ-000109,2025-03-24,65385,EUR,INFLOW,Deutsche Industrial AG,1210,Customer payment received,BA005
CJ-000110,2025-03-24,67792,EUR,INFLOW,Nordic Energy AS,4030,Consulting revenue,BA004
CJ-000111,2025-03-24,42317,EUR,OUTFLOW,Bosch Group,5010,Material procurement,BA005
CJ-000112,2025-03-24,67868,EUR,OUTFLOW,BASF SE,2010,Vendor payment,BA004
CJ-000113,2025-03-24,72495,EUR,OUTFLOW,ThyssenKrupp AG,2010,Equipment rental,BA005
CJ-000114,2025-03-24,45046,EUR,OUTFLOW,Schneider Electric,5010,Vendor payment,BA004
CJ-000115,2025-03-24,79982,EUR,OUTFLOW,Lufthansa AG,2010,Equipment rental,BA004
CJ-000116,2025-03-24,26248,GBP,INFLOW,Westminster Holdings,4040,Customer payment received,BA007
CJ-000117,2025-03-24,27503,GBP,OUTFLOW,Royal Mail,6200,Service provider payment,BA007
CJ-000118,2025-03-24,17637,GBP,OUTFLOW,Tesco PLC,6200,Service provider payment,BA007
CJ-000119,2025-03-24,21672,GBP,OUTFLOW,Rolls-Royce Holdings,2020,Service provider payment,BA007
CJ-000120,2025-03-25,163731,USD,INFLOW,Northeast Industries,1200,Service fee payment,BA003
CJ-000121,2025-03-25,173645,USD,INFLOW,MegaCorp USA,4000,Customer payment received,BA002
CJ-000122,2025-03-25,153476,USD,INFLOW,Southern Manufacturing,1200,Customer payment received,BA002
CJ-000123,2025-03-25,206472,USD,INFLOW,Midwest Agribusiness,4010,Service fee payment,BA001
CJ-000124,2025-03-25,200153,USD,INFLOW,Central Systems Inc,4010,License renewal payment,BA003
CJ-000125,2025-03-25,129593,USD,INFLOW,Pacific Trading Corp,4000,License renewal payment,BA002
CJ-000126,2025-03-25,94685,USD,OUTFLOW,IBM Corp,6400,Service provider payment,BA001
CJ-000127,2025-03-25,78199,USD,OUTFLOW,VMware Inc,6000,Service provider payment,BA003
CJ-000128,2025-03-25,111620,USD,OUTFLOW,Amazon Web Services,6000,Vendor payment,BA001
CJ-000129,2025-03-25,82432,USD,OUTFLOW,AT&T Services,6000,Maintenance services,BA002
CJ-000130,2025-03-25,104179,USD,OUTFLOW,Staples Inc,6200,Vendor payment,BA001
CJ-000131,2025-03-25,80227,USD,OUTFLOW,AT&T Services,6400,Maintenance services,BA001
CJ-000132,2025-03-25,70804,EUR,INFLOW,Rhine Logistics AG,4030,Customer payment received,BA004
CJ-000133,2025-03-25,49592,EUR,INFLOW,AutoMotive Industries GmbH,1210,Customer payment received,BA005
CJ-000134,2025-03-25,114991,EUR,INFLOW,EuroTech Solutions,1210,Consulting revenue,BA004
CJ-000135,2025-03-25,47806,EUR,INFLOW,Milan Industries,4020,Service fee payment,BA005
CJ-000136,2025-03-25,109527,EUR,INFLOW,Stuttgart Engineering,1210,Consulting revenue,BA005
CJ-000137,2025-03-25,61635,EUR,OUTFLOW,Schneider Electric,2010,Vendor payment,BA004
CJ-000138,2025-03-25,55451,EUR,OUTFLOW,Volkswagen AG,6300,Service provider payment,BA004
CJ-000139,2025-03-25,55561,EUR,OUTFLOW,Deutsche Post,5010,Material procurement,BA005
CJ-000140,2025-03-25,34486,EUR,OUTFLOW,BASF SE,6300,Service provider payment,BA005
CJ-000141,2025-03-25,32868,GBP,INFLOW,Bristol Aerospace,1220,Service fee payment,BA007
CJ-000142,2025-03-25,50359,GBP,INFLOW,British Retail Group,4040,Customer payment received,BA007
CJ-000143,2025-03-25,35365,GBP,INFLOW,Cardiff Construction Ltd,1220,Customer payment received,BA007
CJ-000144,2025-03-25,44586,GBP,INFLOW,Bristol Aerospace,4040,Product sales revenue,BA007
CJ-000145,2025-03-25,55588,GBP,INFLOW,Highland Manufacturing,1220,Customer payment received,BA007
CJ-000146,2025-03-25,20571,GBP,OUTFLOW,British Gas,6200,Utilities payment,BA007
CJ-000147,2025-03-26,180076,USD,INFLOW,American Logistics Inc,1200,Product sales revenue,BA002
CJ-000148,2025-03-26,191607,USD,INFLOW,Sunbelt Energy Corp,1200,License renewal payment,BA003
CJ-000149,2025-03-26,199883,USD,INFLOW,Southern Manufacturing,4000,Consulting services payment,BA003
CJ-000150,2025-03-26,148385,USD,INFLOW,Continental Systems,4010,Customer payment received,BA002
CJ-000151,2025-03-26,132934,USD,INFLOW,Midwest Agribusiness,4000,License renewal payment,BA001
CJ-000152,2025-03-26,204394,USD,INFLOW,Northeast Industries,1200,Product sales revenue,BA003
CJ-000153,2025-03-26,89104,USD,OUTFLOW,Workday Inc,6100,Material procurement,BA002
CJ-000154,2025-03-26,67224,USD,OUTFLOW,Microsoft Corp,6100,Utilities payment,BA003
CJ-000155,2025-03-26,101185,USD,OUTFLOW,Salesforce Inc,6000,Material procurement,BA002
CJ-000156,2025-03-26,90272,EUR,INFLOW,Milan Industries,4020,Service fee payment,BA005
CJ-000157,2025-03-26,57436,EUR,INFLOW,Siemens Digital Industries,4030,Product sales revenue,BA005
CJ-000158,2025-03-26,43120,EUR,INFLOW,Vienna Tech GmbH,1210,Customer payment received,BA005
CJ-000159,2025-03-26,87427,EUR,INFLOW,Siemens Digital Industries,4020,Consulting revenue,BA005
CJ-000160,2025-03-26,21891,EUR,OUTFLOW,Airbus SE,2010,Equipment rental,BA005
CJ-000161,2025-03-26,59860,EUR,OUTFLOW,Bosch Group,5010,Service provider payment,BA005
CJ-000162,2025-03-26,48273,EUR,OUTFLOW,Siemens AG,6300,Equipment rental,BA005
CJ-000163,2025-03-26,28830,GBP,INFLOW,Cardiff Construction Ltd,4040,Product sales revenue,BA006
CJ-000164,2025-03-26,53505,GBP,INFLOW,Metropolitan Transit,1220,Service fee payment,BA007
CJ-000165,2025-03-26,26563,GBP,OUTFLOW,Vodafone Group,2020,Service provider payment,BA007
CJ-000166,2025-03-26,30853,GBP,OUTFLOW,Tesco PLC,6200,Vendor payment,BA006
CJ-000167,2025-03-27,158489,USD,INFLOW,Central Systems Inc,1200,License renewal payment,BA002
CJ-000168,2025-03-27,127564,USD,INFLOW,MegaCorp USA,4010,Product sales revenue,BA003
CJ-000169,2025-03-27,120958,USD,INFLOW,Sunrise Technologies,4010,Consulting services payment,BA001
CJ-000170,2025-03-27,144713,USD,INFLOW,Western Digital Corp,1200,License renewal payment,BA001
CJ-000171,2025-03-27,95991,USD,INFLOW,Pacific Trading Corp,4010,License renewal payment,BA003
CJ-000172,2025-03-27,102688,USD,OUTFLOW,Oracle Corp,2000,Vendor payment,BA003
CJ-000173,2025-03-27,119100,USD,OUTFLOW,Salesforce Inc,6300,Utilities payment,BA003
CJ-000174,2025-03-27,79117,USD,OUTFLOW,Microsoft Corp,6400,Vendor payment,BA002
CJ-000175,2025-03-27,107728,USD,OUTFLOW,3M Company,6100,Service provider payment,BA001
CJ-000176,2025-03-27,128974,USD,OUTFLOW,Workday Inc,6400,Maintenance services,BA001
CJ-000177,2025-03-27,123460,USD,OUTFLOW,Cisco Systems,6300,Material procurement,BA001
CJ-000178,2025-03-27,83678,EUR,INFLOW,Siemens Digital Industries,4030,Service fee payment,BA004
CJ-000179,2025-03-27,46811,EUR,INFLOW,Rhine Logistics AG,4030,Service fee payment,BA005
CJ-000180,2025-03-27,81466,EUR,INFLOW,Deutsche Industrial AG,4030,Product sales revenue,BA004
CJ-000181,2025-03-27,43218,EUR,OUTFLOW,Bosch Group,5010,Material procurement,BA004
CJ-000182,2025-03-27,60285,EUR,OUTFLOW,SAP SE,2010,Vendor payment,BA004
CJ-000183,2025-03-27,46730,EUR,OUTFLOW,L'Oreal SA,2010,Material procurement,BA004
CJ-000184,2025-03-27,24818,GBP,INFLOW,Scottish Energy Solutions,4040,Customer payment received,BA007
CJ-000185,2025-03-27,15995,GBP,OUTFLOW,Royal Mail,2020,Service provider payment,BA006
CJ-000186,2025-03-28,94887,USD,INFLOW,Central Systems Inc,1200,Customer payment received,BA001
CJ-000187,2025-03-28,123715,USD,INFLOW,Central Systems Inc,4010,Customer payment received,BA003
CJ-000188,2025-03-28,75175,USD,OUTFLOW,Office Depot,6200,Maintenance services,BA003
CJ-000189,2025-03-28,63098,USD,OUTFLOW,Verizon Business,6200,Service provider payment,BA002
CJ-000190,2025-03-28,43079,EUR,INFLOW,Nordic Energy AS,1210,Customer payment received,BA005
CJ-000191,2025-03-28,25402,EUR,OUTFLOW,Deutsche Telekom,5010,Service provider payment,BA005
CJ-000192,2025-03-28,28314,GBP,INFLOW,Cambridge Biotech,4040,Customer payment received,BA006
CJ-000193,2025-03-28,20020,GBP,OUTFLOW,British Gas,6200,Vendor payment,BA007
CJ-000194,2025-03-31,3522022,USD,OUTFLOW,ADP Payroll Services,6000,Monthly payroll processing,BA003
CJ-000195,2025-03-31,135926,USD,INFLOW,Sunbelt Energy Corp,4000,Consulting services payment,BA002
CJ-000196,2025-03-31,98021,USD,INFLOW,Northeast Industries,4010,License renewal payment,BA001
CJ-000197,2025-03-31,105408,USD,INFLOW,TechGlobal Solutions,4000,Service fee payment,BA003
CJ-000198,2025-03-31,120493,USD,INFLOW,Coastal Shipping USA,4010,Service fee payment,BA003
CJ-000199,2025-03-31,156106,USD,OUTFLOW,IBM Corp,2000,Maintenance services,BA002
CJ-000200,2025-03-31,270232,USD,OUTFLOW,Microsoft Corp,6100,Utilities payment,BA002
CJ-000201,2025-03-31,257590,USD,OUTFLOW,AT&T Services,6400,Maintenance services,BA003
CJ-000202,2025-03-31,165122,USD,OUTFLOW,Honeywell International,5000,Professional services,BA003
CJ-000203,2025-03-31,221181,USD,OUTFLOW,Caterpillar Inc,6200,Utilities payment,BA001
CJ-000204,2025-03-31,240348,USD,OUTFLOW,Salesforce Inc,5000,Maintenance services,BA001
CJ-000205,2025-03-31,172724,USD,OUTFLOW,Deloitte Consulting,6100,Maintenance services,BA002
CJ-000206,2025-03-31,206966,USD,OUTFLOW,3M Company,6200,Material procurement,BA003
CJ-000207,2025-03-31,40895,EUR,INFLOW,Vienna Tech GmbH,4030,Service fee payment,BA004
CJ-000208,2025-03-31,74663,EUR,INFLOW,FranceTech SA,1210,Customer payment received,BA005
CJ-000209,2025-03-31,66852,EUR,INFLOW,Hamburg Port Services,1210,Consulting revenue,BA005
CJ-000210,2025-03-31,100732,EUR,OUTFLOW,ThyssenKrupp AG,5010,Service provider payment,BA004
CJ-000211,2025-03-31,113957,EUR,OUTFLOW,L'Oreal SA,6300,Service provider payment,BA004
CJ-000212,2025-03-31,82822,EUR,OUTFLOW,SAP SE,5010,Vendor payment,BA005
CJ-000213,2025-03-31,91197,EUR,OUTFLOW,Deutsche Telekom,6300,Vendor payment,BA004
CJ-000214,2025-03-31,62195,EUR,OUTFLOW,Airbus SE,5010,Service provider payment,BA005
CJ-000215,2025-03-31,75281,EUR,OUTFLOW,Volkswagen AG,5010,Service provider payment,BA005
CJ-000216,2025-03-31,135616,EUR,OUTFLOW,Lufthansa AG,5010,Material procurement,BA005
CJ-000217,2025-03-31,19843,GBP,INFLOW,Westminster Holdings,4040,Service fee payment,BA007
CJ-000218,2025-03-31,34572,GBP,INFLOW,Cardiff Construction Ltd,4040,Customer payment received,BA006
CJ-000219,2025-03-31,28564,GBP,INFLOW,Manchester United Industries,1220,Service fee payment,BA007
CJ-000220,2025-03-31,62051,GBP,OUTFLOW,Royal Mail,6200,Utilities payment,BA006
CJ-000221,2025-03-31,51240,GBP,OUTFLOW,Shell Energy,6200,Utilities payment,BA006
CJ-000222,2025-03-31,19637,GBP,OUTFLOW,BAE Systems,2020,Utilities payment,BA007
CJ-000223,2025-03-31,64432,GBP,OUTFLOW,Rolls-Royce Holdings,6200,Vendor payment,BA006
CJ-000224,2025-03-31,39177,GBP,OUTFLOW,BP Energy,6200,Vendor payment,BA006
CJ-000225,2025-03-31,70603,GBP,OUTFLOW,Sainsbury's,2020,Service provider payment,BA007
CJ-000226,2025-04-01,179323,USD,INFLOW,MegaCorp USA,4000,License renewal payment,BA001
CJ-000227,2025-04-01,153051,USD,INFLOW,Midwest Manufacturing,1200,Customer payment received,BA003
CJ-000228,2025-04-01,155390,USD,INFLOW,Continental Systems,4010,License renewal payment,BA002
CJ-000229,2025-04-01,209018,USD,INFLOW,Global Pharma Corp,4010,Customer payment received,BA001
CJ-000230,2025-04-01,229627,USD,INFLOW,Global Pharma Corp,1200,Product sales revenue,BA003
CJ-000231,2025-04-01,206116,USD,INFLOW,American Logistics Inc,4010,License renewal payment,BA003
CJ-000232,2025-04-01,171576,USD,INFLOW,Atlantic Corp,1200,Product sales revenue,BA001
CJ-000233,2025-04-01,135096,USD,INFLOW,TransAtlantic Shipping,4010,Consulting services payment,BA001
CJ-000234,2025-04-01,137326,USD,INFLOW,Midwest Agribusiness,1200,Customer payment received,BA001
CJ-000235,2025-04-01,166810,USD,INFLOW,TechGlobal Solutions,4010,Customer payment received,BA003
CJ-000236,2025-04-01,91205,USD,OUTFLOW,Salesforce Inc,6400,Utilities payment,BA001
CJ-000237,2025-04-01,69443,USD,OUTFLOW,Office Depot,6200,Vendor payment,BA001
CJ-000238,2025-04-01,92527,USD,OUTFLOW,Verizon Business,6300,Vendor payment,BA003
CJ-000239,2025-04-01,61786,USD,OUTFLOW,Accenture PLC,6100,Utilities payment,BA003
CJ-000240,2025-04-01,77625,EUR,INFLOW,Hamburg Port Services,4020,Product sales revenue,BA005
CJ-000241,2025-04-01,121770,EUR,INFLOW,Deutsche Industrial AG,4020,Consulting revenue,BA005
CJ-000242,2025-04-01,102494,EUR,INFLOW,Frankfurt Solutions,4020,Customer payment received,BA004
CJ-000243,2025-04-01,94811,EUR,INFLOW,Milan Industries,4030,Product sales revenue,BA005
CJ-000244,2025-04-01,103352,EUR,INFLOW,Stuttgart Engineering,4020,Product sales revenue,BA004
CJ-000245,2025-04-01,74241,EUR,INFLOW,EuroTech Solutions,1210,Customer payment received,BA004
CJ-000246,2025-04-01,53532,EUR,OUTFLOW,BASF SE,5010,Equipment rental,BA005
CJ-000247,2025-04-01,38145,EUR,OUTFLOW,RWE Energy,5010,Equipment rental,BA005
CJ-000248,2025-04-01,33308,EUR,OUTFLOW,Bosch Group,2010,Vendor payment,BA005
CJ-000249,2025-04-01,34442,EUR,OUTFLOW,SAP SE,2010,Equipment rental,BA004
CJ-000250,2025-04-01,58601,GBP,INFLOW,London Financial Services,1220,Customer payment received,BA007
CJ-000251,2025-04-01,65244,GBP,INFLOW,Oxford Research Labs,4040,Customer payment received,BA007
CJ-000252,2025-04-01,29708,GBP,INFLOW,Oxford Research Labs,1220,Product sales revenue,BA007
CJ-000253,2025-04-01,46011,GBP,INFLOW,Cambridge Biotech,4040,Service fee payment,BA007
CJ-000254,2025-04-01,41202,GBP,INFLOW,Highland Manufacturing,4040,Customer payment received,BA007
CJ-000255,2025-04-01,29159,GBP,INFLOW,Highland Manufacturing,4040,Product sales revenue,BA006
CJ-000256,2025-04-01,45090,GBP,INFLOW,Cambridge Biotech,1220,Customer payment received,BA007
CJ-000257,2025-04-01,17025,GBP,OUTFLOW,Royal Mail,6200,Service provider payment,BA007
CJ-000258,2025-04-02,183600,USD,INFLOW,Southern Manufacturing,1200,Customer payment received,BA001
CJ-000259,2025-04-02,206165,USD,INFLOW,MegaCorp USA,1200,Product sales revenue,BA001
CJ-000260,2025-04-02,172555,USD,INFLOW,Central Systems Inc,4000,Product sales revenue,BA001
CJ-000261,2025-04-02,200523,USD,INFLOW,American Logistics Inc,1200,Service fee payment,BA001
CJ-000262,2025-04-02,178854,USD,INFLOW,Central Systems Inc,4000,Product sales revenue,BA001
CJ-000263,2025-04-02,159794,USD,INFLOW,Central Systems Inc,4010,Consulting services payment,BA001
CJ-000264,2025-04-02,193985,USD,INFLOW,Pacific Trading Corp,4010,Customer payment received,BA003
CJ-000265,2025-04-02,84476,USD,OUTFLOW,AT&T Services,2000,Utilities payment,BA002
CJ-000266,2025-04-02,60436,USD,OUTFLOW,EY Global,5000,Service provider payment,BA002
CJ-000267,2025-04-02,65491,USD,OUTFLOW,Adobe Systems,2000,Vendor payment,BA002
CJ-000268,2025-04-02,79975,EUR,INFLOW,EuroTech Solutions,1210,Customer payment received,BA004
CJ-000269,2025-04-02,62497,EUR,INFLOW,Nordic Energy AS,4030,Product sales revenue,BA004
CJ-000270,2025-04-02,105001,EUR,INFLOW,Siemens Digital Industries,4020,Consulting revenue,BA004
CJ-000271,2025-04-02,64199,EUR,INFLOW,Berlin Analytics GmbH,1210,Product sales revenue,BA005
CJ-000272,2025-04-02,60687,EUR,INFLOW,ACME Corp,4030,Customer payment - received late,BA005
CJ-000273,2025-04-02,39925,EUR,OUTFLOW,Lufthansa AG,5010,Vendor payment,BA004
CJ-000274,2025-04-02,26720,EUR,OUTFLOW,Airbus SE,5010,Vendor payment,BA004
CJ-000275,2025-04-02,24526,EUR,OUTFLOW,Lufthansa AG,6300,Vendor payment,BA005
CJ-000276,2025-04-02,26047,GBP,INFLOW,Westminster Holdings,1220,Product sales revenue,BA007
CJ-000277,2025-04-02,54178,GBP,INFLOW,Scottish Energy Solutions,4040,Customer payment received,BA006
CJ-000278,2025-04-02,54551,GBP,INFLOW,Cambridge Biotech,4040,Customer payment received,BA006
CJ-000279,2025-04-02,38713,GBP,INFLOW,Scottish Energy Solutions,4040,Customer payment received,BA007
CJ-000280,2025-04-02,39436,GBP,INFLOW,Highland Manufacturing,4040,Service fee payment,BA007
CJ-000281,2025-04-02,58389,GBP,INFLOW,Metropolitan Transit,1220,Product sales revenue,BA006
CJ-000282,2025-04-02,21604,GBP,OUTFLOW,BP Energy,2020,Service provider payment,BA006
CJ-000283,2025-04-02,7696,GBP,OUTFLOW,Rolls-Royce Holdings,6200,Utilities payment,BA006
CJ-000284,2025-04-03,105657,USD,INFLOW,American Logistics Inc,4010,Product sales revenue,BA002
CJ-000285,2025-04-03,159594,USD,INFLOW,Pacific Trading Corp,4000,Consulting services payment,BA001
CJ-000286,2025-04-03,154514,USD,INFLOW,Midwest Manufacturing,4000,Customer payment received,BA003
CJ-000287,2025-04-03,111392,USD,INFLOW,TechGlobal Solutions,4000,Customer payment received,BA001
CJ-000288,2025-04-03,178571,USD,INFLOW,Sunrise Technologies,1200,Service fee payment,BA003
CJ-000289,2025-04-03,75855,USD,OUTFLOW,Workday Inc,6000,Professional services,BA002
CJ-000290,2025-04-03,73047,USD,OUTFLOW,Honeywell International,6200,Professional services,BA003
CJ-000291,2025-04-03,96913,USD,OUTFLOW,Office Depot,5000,Vendor payment,BA002
CJ-000292,2025-04-03,101428,USD,OUTFLOW,Workday Inc,6200,Maintenance services,BA001
CJ-000293,2025-04-03,76659,USD,OUTFLOW,Cisco Systems,6300,Utilities payment,BA001
CJ-000294,2025-04-03,108233,USD,OUTFLOW,Deloitte Consulting,6100,Vendor payment,BA001
CJ-000295,2025-04-03,54675,EUR,INFLOW,Hamburg Port Services,4020,Consulting revenue,BA005
CJ-000296,2025-04-03,48462,EUR,INFLOW,Rhine Logistics AG,4030,Consulting revenue,BA005
CJ-000297,2025-04-03,39321,EUR,INFLOW,Munich Automotive,4020,Product sales revenue,BA004
CJ-000298,2025-04-03,53252,EUR,INFLOW,AutoMotive Industries GmbH,1210,Product sales revenue,BA005
CJ-000299,2025-04-03,53518,EUR,INFLOW,AutoMotive Industries GmbH,4020,Service fee payment,BA004
CJ-000300,2025-04-03,73933,EUR,INFLOW,Berlin Analytics GmbH,1210,Product sales revenue,BA004
CJ-000301,2025-04-03,26133,EUR,OUTFLOW,Schneider Electric,5010,Service provider payment,BA004
CJ-000302,2025-04-03,39114,EUR,OUTFLOW,L'Oreal SA,2010,Equipment rental,BA005
CJ-000303,2025-04-03,45441,EUR,OUTFLOW,SAP SE,6300,Vendor payment,BA005
CJ-000304,2025-04-03,47168,EUR,OUTFLOW,Capgemini SE,5010,Material procurement,BA004
CJ-000305,2025-04-03,16877,GBP,INFLOW,Scottish Energy Solutions,4040,Customer payment received,BA007
CJ-000306,2025-04-03,21721,GBP,INFLOW,Cardiff Construction Ltd,4040,Service fee payment,BA007
CJ-000307,2025-04-03,44375,GBP,INFLOW,London Financial Services,4040,Product sales revenue,BA006
CJ-000308,2025-04-03,24891,GBP,INFLOW,Highland Manufacturing,1220,Product sales revenue,BA007
CJ-000309,2025-04-03,10450,GBP,OUTFLOW,AstraZeneca PLC,2020,Utilities payment,BA007
CJ-000310,2025-04-03,25352,GBP,OUTFLOW,Vodafone Group,6200,Vendor payment,BA007
CJ-000311,2025-04-04,64631,USD,INFLOW,Coastal Shipping USA,4000,Service fee payment,BA003
CJ-000312,2025-04-04,111698,USD,INFLOW,MegaCorp USA,1200,Product sales revenue,BA003
CJ-000313,2025-04-04,109026,USD,INFLOW,Central Systems Inc,1200,Product sales revenue,BA002
CJ-000314,2025-04-04,86319,USD,INFLOW,Midwest Agribusiness,4000,Customer payment received,BA001
CJ-000315,2025-04-04,92440,USD,OUTFLOW,Salesforce Inc,6200,Professional services,BA003
CJ-000316,2025-04-04,75521,USD,OUTFLOW,AT&T Services,6100,Vendor payment,BA002
CJ-000317,2025-04-04,63573,USD,OUTFLOW,IBM Corp,6400,Utilities payment,BA002
CJ-000318,2025-04-04,83964,USD,OUTFLOW,Caterpillar Inc,2000,Professional services,BA001
CJ-000319,2025-04-04,96419,USD,OUTFLOW,3M Company,2000,Professional services,BA001
CJ-000320,2025-04-04,41921,EUR,INFLOW,FranceTech SA,4020,Product sales revenue,BA004
CJ-000321,2025-04-04,40796,EUR,OUTFLOW,Siemens AG,2010,Service provider payment,BA004
CJ-000322,2025-04-04,22208,EUR,OUTFLOW,RWE Energy,2010,Vendor payment,BA004
CJ-000323,2025-04-04,33421,EUR,OUTFLOW,Lufthansa AG,6300,Material procurement,BA005
CJ-000324,2025-04-04,7611,GBP,INFLOW,Westminster Holdings,1220,Product sales revenue,BA006
CJ-000325,2025-04-04,12018,GBP,OUTFLOW,BAE Systems,2020,Vendor payment,BA007
CJ-000326,2025-04-07,73259,USD,INFLOW,Coastal Shipping USA,4010,License renewal payment,BA001
CJ-000327,2025-04-07,87973,USD,INFLOW,TransAtlantic Shipping,4000,Service fee payment,BA002
CJ-000328,2025-04-07,80523,USD,INFLOW,Continental Systems,4000,Customer payment received,BA003
CJ-000329,2025-04-07,100426,USD,OUTFLOW,EY Global,6300,Professional services,BA003
CJ-000330,2025-04-07,140640,USD,OUTFLOW,Microsoft Corp,6300,Professional services,BA001
CJ-000331,2025-04-07,142764,USD,OUTFLOW,AT&T Services,6300,Service provider payment,BA002
CJ-000332,2025-04-07,153730,USD,OUTFLOW,3M Company,6000,Service provider payment,BA001
CJ-000333,2025-04-07,90066,USD,OUTFLOW,Waste Management Inc,6000,Utilities payment,BA001
CJ-000334,2025-04-07,46221,EUR,INFLOW,Stuttgart Engineering,4020,Consulting revenue,BA005
CJ-000335,2025-04-07,37316,EUR,INFLOW,FranceTech SA,1210,Customer payment received,BA005
CJ-000336,2025-04-07,41053,EUR,OUTFLOW,Allianz SE,5010,Vendor payment,BA004
CJ-000337,2025-04-07,46238,EUR,OUTFLOW,BASF SE,6300,Equipment rental,BA004
CJ-000338,2025-04-07,74685,EUR,OUTFLOW,Volkswagen AG,5010,Equipment rental,BA005
CJ-000339,2025-04-07,60280,EUR,OUTFLOW,Bayer AG,6300,Service provider payment,BA004
CJ-000340,2025-04-07,80369,EUR,OUTFLOW,L'Oreal SA,2010,Equipment rental,BA005
CJ-000341,2025-04-07,15936,GBP,INFLOW,Cambridge Biotech,4040,Customer payment received,BA006
CJ-000342,2025-04-07,26505,GBP,INFLOW,Bristol Aerospace,4040,Product sales revenue,BA006
CJ-000343,2025-04-07,26938,GBP,OUTFLOW,Tesco PLC,6200,Vendor payment,BA007
CJ-000344,2025-04-07,27461,GBP,OUTFLOW,British Gas,2020,Service provider payment,BA007
CJ-000345,2025-04-07,38507,GBP,OUTFLOW,BT Group,2020,Vendor payment,BA006
CJ-000346,2025-04-07,19845,GBP,OUTFLOW,Royal Mail,2020,Utilities payment,BA007
CJ-000347,2025-04-07,19740,GBP,OUTFLOW,Unilever PLC,2020,Vendor payment,BA007
CJ-000348,2025-04-08,132247,USD,INFLOW,Global Pharma Corp,1200,Customer payment received,BA001
CJ-000349,2025-04-08,153518,USD,INFLOW,Western Digital Corp,4000,Consulting services payment,BA003
CJ-000350,2025-04-08,169888,USD,INFLOW,Southern Manufacturing,4010,Customer payment received,BA003
CJ-000351,2025-04-08,167906,USD,INFLOW,Pacific Trading Corp,4000,Customer payment received,BA002
CJ-000352,2025-04-08,147374,USD,INFLOW,Midwest Agribusiness,1200,Product sales revenue,BA002
CJ-000353,2025-04-08,135036,USD,INFLOW,Atlantic Corp,4010,Consulting services payment,BA001
CJ-000354,2025-04-08,143370,USD,INFLOW,Atlantic Corp,1200,Customer payment received,BA003
CJ-000355,2025-04-08,69217,USD,OUTFLOW,Workday Inc,5000,Professional services,BA001
CJ-000356,2025-04-08,89708,USD,OUTFLOW,Accenture PLC,6200,Maintenance services,BA003
CJ-000357,2025-04-08,89220,USD,OUTFLOW,Verizon Business,6100,Professional services,BA001
CJ-000358,2025-04-08,107306,USD,OUTFLOW,IBM Corp,2000,Utilities payment,BA002
CJ-000359,2025-04-08,68265,USD,OUTFLOW,IBM Corp,5000,Professional services,BA002
CJ-000360,2025-04-08,80240,USD,OUTFLOW,General Electric,6300,Maintenance services,BA003
CJ-000361,2025-04-08,74754,EUR,INFLOW,Vienna Tech GmbH,1210,Service fee payment,BA004
CJ-000362,2025-04-08,92078,EUR,INFLOW,Stuttgart Engineering,1210,Service fee payment,BA005
CJ-000363,2025-04-08,100298,EUR,INFLOW,EuroTech Solutions,4020,Service fee payment,BA005
CJ-000364,2025-04-08,97584,EUR,INFLOW,Munich Automotive,1210,Customer payment received,BA005
CJ-000365,2025-04-08,37135,EUR,OUTFLOW,ThyssenKrupp AG,6300,Material procurement,BA004
CJ-000366,2025-04-08,35435,EUR,OUTFLOW,Capgemini SE,6300,Vendor payment,BA005
CJ-000367,2025-04-08,19468,EUR,OUTFLOW,ThyssenKrupp AG,6300,Material procurement,BA005
CJ-000368,2025-04-08,47266,GBP,INFLOW,Oxford Research Labs,1220,Service fee payment,BA006
CJ-000369,2025-04-08,41344,GBP,INFLOW,Highland Manufacturing,1220,Product sales revenue,BA006
CJ-000370,2025-04-08,20533,GBP,INFLOW,London Financial Services,4040,Customer payment received,BA007
CJ-000371,2025-04-08,24316,GBP,OUTFLOW,BT Group,6200,Utilities payment,BA006
CJ-000372,2025-04-08,24577,GBP,OUTFLOW,British Gas,6200,Service provider payment,BA006
CJ-000373,2025-04-08,21861,GBP,OUTFLOW,Vodafone Group,6200,Vendor payment,BA007
CJ-000374,2025-04-09,171997,USD,INFLOW,Global Pharma Corp,4000,Consulting services payment,BA003
CJ-000375,2025-04-09,145837,USD,INFLOW,Sunrise Technologies,1200,Consulting services payment,BA001
CJ-000376,2025-04-09,105017,USD,INFLOW,Sunbelt Energy Corp,1200,License renewal payment,BA002
CJ-000377,2025-04-09,178146,USD,INFLOW,TechGlobal Solutions,4010,Customer payment received,BA003
CJ-000378,2025-04-09,163874,USD,INFLOW,Coastal Shipping USA,4010,Consulting services payment,BA001
CJ-000379,2025-04-09,65181,USD,OUTFLOW,Honeywell International,6300,Maintenance services,BA002
CJ-000380,2025-04-09,81978,USD,OUTFLOW,AT&T Services,2000,Utilities payment,BA002
CJ-000381,2025-04-09,83198,USD,OUTFLOW,Salesforce Inc,6200,Utilities payment,BA003
CJ-000382,2025-04-09,93412,USD,OUTFLOW,IBM Corp,6300,Vendor payment,BA002
CJ-000383,2025-04-09,97744,USD,OUTFLOW,Adobe Systems,6300,Maintenance services,BA002
CJ-000384,2025-04-09,48173,EUR,INFLOW,ACME Corp,4020,Service fee payment,BA004
CJ-000385,2025-04-09,88688,EUR,INFLOW,Munich Automotive,4020,Product sales revenue,BA004
CJ-000386,2025-04-09,50005,EUR,INFLOW,Frankfurt Solutions,4030,Customer payment received,BA004
CJ-000387,2025-04-09,50255,EUR,INFLOW,Hamburg Port Services,1210,Consulting revenue,BA004
CJ-000388,2025-04-09,49405,EUR,OUTFLOW,Bosch Group,5010,Material procurement,BA004
CJ-000389,2025-04-09,43764,EUR,OUTFLOW,Volkswagen AG,2010,Vendor payment,BA004
CJ-000390,2025-04-09,48224,EUR,OUTFLOW,BASF SE,2010,Equipment rental,BA005
CJ-000391,2025-04-09,46759,EUR,OUTFLOW,Schneider Electric,5010,Equipment rental,BA005
CJ-000392,2025-04-09,29226,GBP,INFLOW,British Retail Group,4040,Service fee payment,BA006
CJ-000393,2025-04-09,40423,GBP,INFLOW,Cambridge Biotech,4040,Service fee payment,BA006
CJ-000394,2025-04-09,10489,GBP,OUTFLOW,BT Group,6200,Vendor payment,BA007
CJ-000395,2025-04-09,24993,GBP,OUTFLOW,Royal Mail,2020,Service provider payment,BA007
CJ-000396,2025-04-09,17176,GBP,OUTFLOW,BP Energy,6200,Service provider payment,BA007
CJ-000397,2025-04-10,120401,USD,INFLOW,Midwest Manufacturing,4010,Product sales revenue,BA002
CJ-000398,2025-04-10,148950,USD,INFLOW,Atlantic Corp,4010,Service fee payment,BA001
CJ-000399,2025-04-10,83303,USD,INFLOW,American Logistics Inc,1200,Consulting services payment,BA002
CJ-000400,2025-04-10,73482,USD,OUTFLOW,General Electric,5000,Vendor payment,BA002
CJ-000401,2025-04-10,112679,USD,OUTFLOW,Microsoft Corp,6100,Maintenance services,BA001
CJ-000402,2025-04-10,99390,USD,OUTFLOW,Verizon Business,6100,Maintenance services,BA002
CJ-000403,2025-04-10,92551,USD,OUTFLOW,3M Company,2000,Utilities payment,BA002
CJ-000404,2025-04-10,104735,USD,OUTFLOW,Verizon Business,6000,Professional services,BA003
CJ-000405,2025-04-10,104213,USD,OUTFLOW,Office Depot,6400,Material procurement,BA002
CJ-000406,2025-04-10,34208,EUR,INFLOW,ACME Corp,1210,Service fee payment,BA004
CJ-000407,2025-04-10,47482,EUR,INFLOW,AutoMotive Industries GmbH,4020,Product sales revenue,BA005
CJ-000408,2025-04-10,23749,EUR,OUTFLOW,Volkswagen AG,5010,Vendor payment,BA005
CJ-000409,2025-04-10,62123,EUR,OUTFLOW,Lufthansa AG,6300,Material procurement,BA004
CJ-000410,2025-04-10,35245,EUR,OUTFLOW,Airbus SE,6300,Material procurement,BA004
CJ-000411,2025-04-10,36363,EUR,OUTFLOW,SAP SE,2010,Vendor payment,BA004
CJ-000412,2025-04-10,21528,GBP,INFLOW,Edinburgh Systems,4040,Product sales revenue,BA006
CJ-000413,2025-04-10,10152,GBP,INFLOW,Manchester United Industries,4040,Product sales revenue,BA007
CJ-000414,2025-04-10,31579,GBP,OUTFLOW,Unilever PLC,2020,Vendor payment,BA007
CJ-000415,2025-04-10,10835,GBP,OUTFLOW,Royal Mail,2020,Vendor payment,BA006
CJ-000416,2025-04-11,78907,USD,INFLOW,Atlantic Corp,4010,Consulting services payment,BA003
CJ-000417,2025-04-11,76455,USD,INFLOW,Coastal Shipping USA,4010,Consulting services payment,BA002
CJ-000418,2025-04-11,79207,USD,OUTFLOW,Caterpillar Inc,2000,Utilities payment,BA001
CJ-000419,2025-04-11,77287,USD,OUTFLOW,Workday Inc,6200,Service provider payment,BA003
CJ-000420,2025-04-11,59852,EUR,INFLOW,Siemens Digital Industries,1210,Consulting revenue,BA005
CJ-000421,2025-04-11,43507,EUR,OUTFLOW,ThyssenKrupp AG,6300,Vendor payment,BA005
CJ-000422,2025-04-11,30908,EUR,OUTFLOW,SAP SE,6300,Vendor payment,BA004
CJ-000423,2025-04-11,24211,GBP,INFLOW,Edinburgh Systems,1220,Product sales revenue,BA006
CJ-000424,2025-04-11,27009,GBP,INFLOW,London Financial Services,4040,Customer payment received,BA007
CJ-000425,2025-04-11,11022,GBP,OUTFLOW,Tesco PLC,6200,Utilities payment,BA007
CJ-000426,2025-04-11,10113,GBP,OUTFLOW,Unilever PLC,2020,Utilities payment,BA007
CJ-000427,2025-04-14,96296,USD,INFLOW,Midwest Manufacturing,4000,License renewal payment,BA002
CJ-000428,2025-04-14,101599,USD,INFLOW,MegaCorp USA,4010,Service fee payment,BA002
CJ-000429,2025-04-14,95904,USD,INFLOW,Central Systems Inc,4010,Service fee payment,BA003
CJ-000430,2025-04-14,98895,USD,INFLOW,Midwest Agribusiness,1200,Consulting services payment,BA003
CJ-000431,2025-04-14,72821,USD,INFLOW,Northeast Industries,4010,Product sales revenue,BA001
CJ-000432,2025-04-14,100346,USD,OUTFLOW,EY Global,6300,Vendor payment,BA001
CJ-000433,2025-04-14,93881,USD,OUTFLOW,General Electric,6100,Professional services,BA003
CJ-000434,2025-04-14,156672,USD,OUTFLOW,VMware Inc,6400,Vendor payment,BA001
CJ-000435,2025-04-14,108995,USD,OUTFLOW,Workday Inc,6200,Service provider payment,BA003
CJ-000436,2025-04-14,138305,USD,OUTFLOW,EY Global,6000,Service provider payment,BA002
CJ-000437,2025-04-14,35480,EUR,INFLOW,Stuttgart Engineering,1210,Service fee payment,BA005
CJ-000438,2025-04-14,26595,EUR,INFLOW,Frankfurt Solutions,1210,Consulting revenue,BA005
CJ-000439,2025-04-14,80977,EUR,OUTFLOW,L'Oreal SA,6300,Service provider payment,BA005
CJ-000440,2025-04-14,47404,EUR,OUTFLOW,Lufthansa AG,6300,Equipment rental,BA005
CJ-000441,2025-04-14,32566,EUR,OUTFLOW,Bayer AG,2010,Service provider payment,BA004
CJ-000442,2025-04-14,64090,EUR,OUTFLOW,Volkswagen AG,5010,Service provider payment,BA004
CJ-000443,2025-04-14,72251,EUR,OUTFLOW,Deutsche Post,6300,Equipment rental,BA005
CJ-000444,2025-04-14,76819,EUR,OUTFLOW,L'Oreal SA,5010,Service provider payment,BA004
CJ-000445,2025-04-14,11968,GBP,INFLOW,London Financial Services,4040,Customer payment received,BA007
CJ-000446,2025-04-14,9476,GBP,INFLOW,Oxford Research Labs,4040,Customer payment received,BA006
CJ-000447,2025-04-14,22096,GBP,INFLOW,Highland Manufacturing,4040,Service fee payment,BA006
CJ-000448,2025-04-14,14404,GBP,OUTFLOW,Tesco PLC,2020,Service provider payment,BA006
CJ-000449,2025-04-14,11460,GBP,OUTFLOW,Shell Energy,2020,Service provider payment,BA006
CJ-000450,2025-04-14,15735,GBP,OUTFLOW,Rolls-Royce Holdings,6200,Vendor payment,BA007
CJ-000451,2025-04-14,34126,GBP,OUTFLOW,Sainsbury's,6200,Vendor payment,BA006
CJ-000452,2025-04-15,1377524,USD,OUTFLOW,ADP Payroll Services,6000,Monthly payroll processing,BA003
CJ-000453,2025-04-15,150366,USD,INFLOW,Midwest Manufacturing,4010,License renewal payment,BA003
CJ-000454,2025-04-15,116066,USD,INFLOW,Western Digital Corp,4000,License renewal payment,BA001
CJ-000455,2025-04-15,141808,USD,INFLOW,Central Systems Inc,1200,Product sales revenue,BA002
CJ-000456,2025-04-15,151285,USD,INFLOW,Sunbelt Energy Corp,1200,Consulting services payment,BA001
CJ-000457,2025-04-15,122128,USD,INFLOW,Global Pharma Corp,1200,Customer payment received,BA001
CJ-000458,2025-04-15,108449,USD,INFLOW,Coastal Shipping USA,4000,License renewal payment,BA001
CJ-000459,2025-04-15,142563,USD,INFLOW,TechGlobal Solutions,1200,Product sales revenue,BA002
CJ-000460,2025-04-15,182672,USD,INFLOW,Global Pharma Corp,4010,Consulting services payment,BA001
CJ-000461,2025-04-15,97766,USD,OUTFLOW,Waste Management Inc,6400,Material procurement,BA003
CJ-000462,2025-04-15,57677,USD,OUTFLOW,IBM Corp,6000,Utilities payment,BA003
CJ-000463,2025-04-15,87131,USD,OUTFLOW,General Electric,6300,Material procurement,BA001
CJ-000464,2025-04-15,55690,USD,OUTFLOW,Workday Inc,6300,Material procurement,BA003
CJ-000465,2025-04-15,99653,EUR,INFLOW,Siemens Digital Industries,4030,Customer payment received,BA005
CJ-000466,2025-04-15,45000,EUR,INFLOW,AutoMotive Industries GmbH,4030,Consulting revenue,BA005
CJ-000467,2025-04-15,84146,EUR,INFLOW,Stuttgart Engineering,1210,Service fee payment,BA005
CJ-000468,2025-04-15,52713,EUR,INFLOW,Munich Automotive,4020,Customer payment received,BA004
CJ-000469,2025-04-15,77160,EUR,INFLOW,Vienna Tech GmbH,4030,Customer payment received,BA005
CJ-000470,2025-04-15,89429,EUR,INFLOW,Milan Industries,1210,Product sales revenue,BA005
CJ-000471,2025-04-15,46369,EUR,OUTFLOW,ThyssenKrupp AG,2010,Material procurement,BA004
CJ-000472,2025-04-15,25851,EUR,OUTFLOW,L'Oreal SA,5010,Equipment rental,BA004
CJ-000473,2025-04-15,52150,EUR,OUTFLOW,SAP SE,5010,Material procurement,BA005
CJ-000474,2025-04-15,22938,EUR,OUTFLOW,SAP SE,2010,Vendor payment,BA004
CJ-000475,2025-04-15,20186,GBP,INFLOW,Bristol Aerospace,1220,Service fee payment,BA006
CJ-000476,2025-04-15,24539,GBP,INFLOW,Manchester United Industries,1220,Service fee payment,BA007
CJ-000477,2025-04-15,36192,GBP,INFLOW,British Retail Group,4040,Product sales revenue,BA006
CJ-000478,2025-04-15,10035,GBP,OUTFLOW,British Gas,2020,Service provider payment,BA006
CJ-000479,2025-04-15,13877,GBP,OUTFLOW,BAE Systems,6200,Utilities payment,BA007
CJ-000480,2025-04-16,167387,USD,INFLOW,Western Digital Corp,1200,Service fee payment,BA001
CJ-000481,2025-04-16,173405,USD,INFLOW,Southern Manufacturing,4010,Product sales revenue,BA002
CJ-000482,2025-04-16,107284,USD,INFLOW,Midwest Agribusiness,4010,License renewal payment,BA001
CJ-000483,2025-04-16,145427,USD,INFLOW,National Services LLC,4000,Product sales revenue,BA002
CJ-000484,2025-04-16,98462,USD,OUTFLOW,EY Global,6100,Vendor payment,BA003
CJ-000485,2025-04-16,63065,USD,OUTFLOW,Accenture PLC,6300,Utilities payment,BA003
CJ-000486,2025-04-16,96215,USD,OUTFLOW,AT&T Services,6200,Material procurement,BA002
CJ-000487,2025-04-16,61564,USD,OUTFLOW,Staples Inc,6300,Professional services,BA001
CJ-000488,2025-04-16,100896,USD,OUTFLOW,Waste Management Inc,6300,Professional services,BA001
CJ-000489,2025-04-16,77474,EUR,INFLOW,Rhine Logistics AG,4030,Customer payment received,BA004
CJ-000490,2025-04-16,67762,EUR,INFLOW,Berlin Analytics GmbH,1210,Customer payment received,BA005
CJ-000491,2025-04-16,84294,EUR,INFLOW,Rhine Logistics AG,4020,Consulting revenue,BA005
CJ-000492,2025-04-16,23471,EUR,OUTFLOW,SAP SE,2010,Vendor payment,BA004
CJ-000493,2025-04-16,39296,EUR,OUTFLOW,Schneider Electric,6300,Service provider payment,BA005
CJ-000494,2025-04-16,26678,EUR,OUTFLOW,ThyssenKrupp AG,2010,Service provider payment,BA004
CJ-000495,2025-04-16,39334,EUR,OUTFLOW,BASF SE,5010,Material procurement,BA005
CJ-000496,2025-04-16,46784,GBP,INFLOW,Westminster Holdings,1220,Service fee payment,BA006
CJ-000497,2025-04-16,22830,GBP,INFLOW,London Financial Services,1220,Service fee payment,BA006
CJ-000498,2025-04-16,39140,GBP,INFLOW,Highland Manufacturing,4040,Product sales revenue,BA006
CJ-000499,2025-04-16,14343,GBP,OUTFLOW,Sainsbury's,6200,Service provider payment,BA006
CJ-000500,2025-04-16,21309,GBP,OUTFLOW,BP Energy,6200,Utilities payment,BA007
CJ-000501,2025-04-16,7845,GBP,OUTFLOW,BAE Systems,2020,Vendor payment,BA006
CJ-000502,2025-04-17,126743,USD,INFLOW,TechGlobal Solutions,1200,License renewal payment,BA002
CJ-000503,2025-04-17,127925,USD,INFLOW,MegaCorp USA,1200,Service fee payment,BA002
CJ-000504,2025-04-17,93583,USD,INFLOW,Coastal Shipping USA,1200,Service fee payment,BA002
CJ-000505,2025-04-17,150329,USD,INFLOW,Midwest Manufacturing,4000,Customer payment received,BA003
CJ-000506,2025-04-17,74871,USD,OUTFLOW,Caterpillar Inc,6100,Utilities payment,BA001
CJ-000507,2025-04-17,121822,USD,OUTFLOW,Oracle Corp,6300,Utilities payment,BA001
CJ-000508,2025-04-17,78218,USD,OUTFLOW,Waste Management Inc,5000,Professional services,BA003
CJ-000509,2025-04-17,126361,USD,OUTFLOW,3M Company,2000,Professional services,BA001
CJ-000510,2025-04-17,101937,USD,OUTFLOW,Amazon Web Services,6300,Service provider payment,BA002
CJ-000511,2025-04-17,108576,USD,OUTFLOW,General Electric,5000,Service provider payment,BA001
CJ-000512,2025-04-17,41335,EUR,INFLOW,EuroTech Solutions,1210,Customer payment received,BA004
CJ-000513,2025-04-17,45313,EUR,INFLOW,EuroTech Solutions,4020,Service fee payment,BA005
CJ-000514,2025-04-17,31567,EUR,INFLOW,Deutsche Industrial AG,4020,Product sales revenue,BA004
CJ-000515,2025-04-17,22053,EUR,OUTFLOW,Volkswagen AG,6300,Service provider payment,BA004
CJ-000516,2025-04-17,32746,EUR,OUTFLOW,Bosch Group,2010,Equipment rental,BA005
CJ-000517,2025-04-17,37596,GBP,INFLOW,London Financial Services,1220,Product sales revenue,BA007
CJ-000518,2025-04-17,21777,GBP,INFLOW,British Retail Group,1220,Product sales revenue,BA007
CJ-000519,2025-04-17,15902,GBP,INFLOW,Oxford Research Labs,4040,Product sales revenue,BA007
CJ-000520,2025-04-17,20782,GBP,OUTFLOW,BAE Systems,6200,Utilities payment,BA006
CJ-000521,2025-04-18,80495,USD,INFLOW,MegaCorp USA,4010,Product sales revenue,BA001
CJ-000522,2025-04-18,60661,USD,INFLOW,Central Systems Inc,4000,Consulting services payment,BA003
CJ-000523,2025-04-18,98355,USD,INFLOW,Northeast Industries,1200,Product sales revenue,BA002
CJ-000524,2025-04-18,87034,USD,INFLOW,Midwest Agribusiness,4010,License renewal payment,BA002
CJ-000525,2025-04-18,80908,USD,INFLOW,Midwest Agribusiness,1200,License renewal payment,BA001
CJ-000526,2025-04-18,58958,USD,OUTFLOW,Workday Inc,6000,Maintenance services,BA001
CJ-000527,2025-04-18,62536,USD,OUTFLOW,Waste Management Inc,6200,Maintenance services,BA002
CJ-000528,2025-04-18,94206,USD,OUTFLOW,General Electric,6300,Utilities payment,BA001
CJ-000529,2025-04-18,34208,EUR,INFLOW,Rhine Logistics AG,4030,Consulting revenue,BA005
CJ-000530,2025-04-18,26894,EUR,INFLOW,EuroTech Solutions,1210,Consulting revenue,BA005
CJ-000531,2025-04-18,31480,EUR,OUTFLOW,Capgemini SE,5010,Material procurement,BA005
CJ-000532,2025-04-18,38796,EUR,OUTFLOW,Airbus SE,6300,Service provider payment,BA004
CJ-000533,2025-04-18,22909,GBP,INFLOW,London Financial Services,1220,Product sales revenue,BA007
CJ-000534,2025-04-18,16320,GBP,OUTFLOW,Vodafone Group,2020,Service provider payment,BA007
CJ-000535,2025-04-21,110194,USD,INFLOW,Atlantic Corp,4000,Consulting services payment,BA003
CJ-000536,2025-04-21,103728,USD,INFLOW,Sunrise Technologies,4010,Product sales revenue,BA001
CJ-000537,2025-04-21,107236,USD,INFLOW,National Services LLC,4010,Service fee payment,BA003
CJ-000538,2025-04-21,111136,USD,INFLOW,TechGlobal Solutions,4000,Product sales revenue,BA003
CJ-000539,2025-04-21,110350,USD,INFLOW,American Logistics Inc,1200,Customer payment received,BA002
CJ-000540,2025-04-21,102889,USD,INFLOW,Sunrise Technologies,1200,Service fee payment,BA002
CJ-000541,2025-04-21,150047,USD,OUTFLOW,VMware Inc,6400,Material procurement,BA001
CJ-000542,2025-04-21,106282,USD,OUTFLOW,Amazon Web Services,5000,Utilities payment,BA002
CJ-000543,2025-04-21,130186,USD,OUTFLOW,General Electric,6300,Material procurement,BA002
CJ-000544,2025-04-21,134285,USD,OUTFLOW,Amazon Web Services,6400,Maintenance services,BA003
CJ-000545,2025-04-21,137689,USD,OUTFLOW,Deloitte Consulting,6200,Service provider payment,BA001
CJ-000546,2025-04-21,86819,USD,OUTFLOW,IBM Corp,6100,Professional services,BA003
CJ-000547,2025-04-21,84274,USD,OUTFLOW,Amazon Web Services,6200,Service provider payment,BA001
CJ-000548,2025-04-21,68290,EUR,INFLOW,Stuttgart Engineering,4020,Product sales revenue,BA004
CJ-000549,2025-04-21,51522,EUR,INFLOW,AutoMotive Industries GmbH,4020,Consulting revenue,BA004
CJ-000550,2025-04-21,60327,EUR,OUTFLOW,Schneider Electric,6300,Material procurement,BA005
CJ-000551,2025-04-21,30028,EUR,OUTFLOW,Deutsche Telekom,6300,Material procurement,BA004
CJ-000552,2025-04-21,52038,EUR,OUTFLOW,Volkswagen AG,5010,Equipment rental,BA004
CJ-000553,2025-04-21,35824,EUR,OUTFLOW,L'Oreal SA,6300,Material procurement,BA005
CJ-000554,2025-04-21,23047,GBP,INFLOW,Cambridge Biotech,1220,Product sales revenue,BA007
CJ-000555,2025-04-21,12700,GBP,INFLOW,Cardiff Construction Ltd,1220,Product sales revenue,BA006
CJ-000556,2025-04-21,16428,GBP,OUTFLOW,Unilever PLC,2020,Service provider payment,BA006
CJ-000557,2025-04-21,13918,GBP,OUTFLOW,AstraZeneca PLC,2020,Utilities payment,BA007
CJ-000558,2025-04-21,37457,GBP,OUTFLOW,Vodafone Group,2020,Utilities payment,BA006
CJ-000559,2025-04-22,159060,USD,INFLOW,Southern Manufacturing,1200,Consulting services payment,BA003
CJ-000560,2025-04-22,176915,USD,INFLOW,Midwest Agribusiness,1200,Product sales revenue,BA003
CJ-000561,2025-04-22,171946,USD,INFLOW,Sunbelt Energy Corp,4000,Service fee payment,BA003
CJ-000562,2025-04-22,139568,USD,INFLOW,National Services LLC,1200,License renewal payment,BA001
CJ-000563,2025-04-22,110802,USD,INFLOW,Pacific Trading Corp,4010,Service fee payment,BA001
CJ-000564,2025-04-22,154415,USD,INFLOW,Western Digital Corp,4000,Consulting services payment,BA001
CJ-000565,2025-04-22,148603,USD,INFLOW,Central Systems Inc,4000,Product sales revenue,BA001
CJ-000566,2025-04-22,158808,USD,INFLOW,Pacific Trading Corp,4010,Service fee payment,BA003
CJ-000567,2025-04-22,67172,USD,OUTFLOW,Accenture PLC,6200,Maintenance services,BA001
CJ-000568,2025-04-22,82684,USD,OUTFLOW,Honeywell International,6200,Professional services,BA001
CJ-000569,2025-04-22,54789,USD,OUTFLOW,KPMG LLP,6200,Professional services,BA003
CJ-000570,2025-04-22,98468,USD,OUTFLOW,IBM Corp,6200,Professional services,BA003
CJ-000571,2025-04-22,96066,USD,OUTFLOW,KPMG LLP,6400,Vendor payment,BA003
CJ-000572,2025-04-22,86368,USD,OUTFLOW,Microsoft Corp,6200,Service provider payment,BA001
CJ-000573,2025-04-22,62366,EUR,INFLOW,Vienna Tech GmbH,1210,Customer payment received,BA005
CJ-000574,2025-04-22,50734,EUR,INFLOW,ACME Corp,4030,Consulting revenue,BA005
CJ-000575,2025-04-22,62399,EUR,INFLOW,Deutsche Industrial AG,1210,Customer payment received,BA005
CJ-000576,2025-04-22,44865,EUR,INFLOW,Vienna Tech GmbH,1210,Consulting revenue,BA004
CJ-000577,2025-04-22,50329,EUR,INFLOW,Rhine Logistics AG,4020,Service fee payment,BA004
CJ-000578,2025-04-22,41011,EUR,OUTFLOW,Volkswagen AG,5010,Material procurement,BA004
CJ-000579,2025-04-22,52779,EUR,OUTFLOW,Bayer AG,6300,Vendor payment,BA004
CJ-000580,2025-04-22,48492,EUR,OUTFLOW,ThyssenKrupp AG,6300,Material procurement,BA005
CJ-000581,2025-04-22,35574,GBP,INFLOW,Cardiff Construction Ltd,4040,Service fee payment,BA007
CJ-000582,2025-04-22,23230,GBP,INFLOW,Bristol Aerospace,1220,Product sales revenue,BA007
CJ-000583,2025-04-22,15904,GBP,INFLOW,Metropolitan Transit,1220,Service fee payment,BA007
CJ-000584,2025-04-22,15577,GBP,OUTFLOW,Sainsbury's,2020,Vendor payment,BA007
CJ-000585,2025-04-22,20241,GBP,OUTFLOW,AstraZeneca PLC,2020,Utilities payment,BA007
CJ-000586,2025-04-23,161939,USD,INFLOW,MegaCorp USA,1200,Service fee payment,BA001
CJ-000587,2025-04-23,103954,USD,INFLOW,American Logistics Inc,1200,License renewal payment,BA002
CJ-000588,2025-04-23,144836,USD,INFLOW,Midwest Agribusiness,4000,Consulting services payment,BA002
CJ-000589,2025-04-23,112851,USD,INFLOW,Sunbelt Energy Corp,4000,License renewal payment,BA001
CJ-000590,2025-04-23,126592,USD,INFLOW,Coastal Shipping USA,4000,Consulting services payment,BA001
CJ-000591,2025-04-23,173346,USD,INFLOW,TechGlobal Solutions,1200,Consulting services payment,BA002
CJ-000592,2025-04-23,67369,USD,OUTFLOW,Salesforce Inc,6200,Utilities payment,BA002
CJ-000593,2025-04-23,98705,USD,OUTFLOW,Adobe Systems,6200,Maintenance services,BA001
CJ-000594,2025-04-23,84638,USD,OUTFLOW,Deloitte Consulting,6000,Service provider payment,BA003
CJ-000595,2025-04-23,45372,EUR,INFLOW,Berlin Analytics GmbH,4030,Consulting revenue,BA005
CJ-000596,2025-04-23,55164,EUR,INFLOW,Berlin Analytics GmbH,4020,Service fee payment,BA004
CJ-000597,2025-04-23,40771,EUR,INFLOW,Frankfurt Solutions,4020,Customer payment received,BA004
CJ-000598,2025-04-23,61430,EUR,INFLOW,FranceTech SA,1210,Consulting revenue,BA004
CJ-000599,2025-04-23,36190,EUR,INFLOW,Stuttgart Engineering,1210,Service fee payment,BA004
CJ-000600,2025-04-23,23782,EUR,OUTFLOW,Bosch Group,5010,Material procurement,BA005
CJ-000601,2025-04-23,43967,EUR,OUTFLOW,BASF SE,6300,Vendor payment,BA004
CJ-000602,2025-04-23,19684,EUR,OUTFLOW,Volkswagen AG,6300,Vendor payment,BA005
CJ-000603,2025-04-23,43448,EUR,OUTFLOW,Airbus SE,5010,Material procurement,BA005
CJ-000604,2025-04-23,22101,GBP,INFLOW,Westminster Holdings,4040,Product sales revenue,BA007
CJ-000605,2025-04-23,32799,GBP,INFLOW,Edinburgh Systems,4040,Customer payment received,BA007
CJ-000606,2025-04-23,21639,GBP,OUTFLOW,Shell Energy,2020,Vendor payment,BA006
CJ-000607,2025-04-23,9983,GBP,OUTFLOW,Unilever PLC,6200,Vendor payment,BA007
CJ-000608,2025-04-24,144105,USD,INFLOW,American Logistics Inc,4010,Customer payment received,BA003
CJ-000609,2025-04-24,147818,USD,INFLOW,National Services LLC,4010,Product sales revenue,BA001
CJ-000610,2025-04-24,91263,USD,INFLOW,Northeast Industries,4010,Product sales revenue,BA003
CJ-000611,2025-04-24,70958,USD,OUTFLOW,Deloitte Consulting,5000,Utilities payment,BA003
CJ-000612,2025-04-24,75177,USD,OUTFLOW,VMware Inc,6400,Vendor payment,BA003
CJ-000613,2025-04-24,64350,USD,OUTFLOW,Honeywell International,5000,Material procurement,BA002
CJ-000614,2025-04-24,101358,USD,OUTFLOW,Amazon Web Services,2000,Material procurement,BA003
CJ-000615,2025-04-24,94779,USD,OUTFLOW,IBM Corp,6400,Utilities payment,BA001
CJ-000616,2025-04-24,95348,USD,OUTFLOW,VMware Inc,6000,Utilities payment,BA001
CJ-000617,2025-04-24,61438,EUR,INFLOW,ACME Corp,4030,Service fee payment,BA004
CJ-000618,2025-04-24,52787,EUR,INFLOW,Nordic Energy AS,4020,Customer payment received,BA004
CJ-000619,2025-04-24,32868,EUR,INFLOW,Stuttgart Engineering,4030,Customer payment received,BA004
CJ-000620,2025-04-24,34703,EUR,INFLOW,Rhine Logistics AG,4030,Customer payment received,BA005
CJ-000621,2025-04-24,63089,EUR,OUTFLOW,Deutsche Telekom,2010,Equipment rental,BA004
CJ-000622,2025-04-24,41209,EUR,OUTFLOW,BASF SE,6300,Vendor payment,BA004
CJ-000623,2025-04-24,13030,GBP,INFLOW,British Retail Group,1220,Service fee payment,BA007
CJ-000624,2025-04-24,16769,GBP,INFLOW,Manchester United Industries,1220,Customer payment received,BA006
CJ-000625,2025-04-24,19461,GBP,INFLOW,Metropolitan Transit,4040,Service fee payment,BA006
CJ-000626,2025-04-24,27975,GBP,OUTFLOW,Sainsbury's,6200,Utilities payment,BA006
CJ-000627,2025-04-25,79954,USD,INFLOW,Central Systems Inc,4010,License renewal payment,BA003
CJ-000628,2025-04-25,104747,USD,INFLOW,Global Pharma Corp,4010,Service fee payment,BA002
CJ-000629,2025-04-25,102568,USD,INFLOW,Continental Systems,4010,Consulting services payment,BA001
CJ-000630,2025-04-25,106036,USD,INFLOW,Western Digital Corp,4000,Customer payment received,BA003
CJ-000631,2025-04-25,56423,USD,OUTFLOW,VMware Inc,6100,Vendor payment,BA002
CJ-000632,2025-04-25,78422,USD,OUTFLOW,KPMG LLP,5000,Maintenance services,BA001
CJ-000633,2025-04-25,59431,EUR,INFLOW,EuroTech Solutions,1210,Service fee payment,BA004
CJ-000634,2025-04-25,34058,EUR,INFLOW,Frankfurt Solutions,4030,Consulting revenue,BA005
CJ-000635,2025-04-25,17290,EUR,OUTFLOW,Lufthansa AG,6300,Service provider payment,BA004
CJ-000636,2025-04-25,36771,EUR,OUTFLOW,Airbus SE,2010,Material procurement,BA004
CJ-000637,2025-04-25,19253,GBP,INFLOW,London Financial Services,4040,Service fee payment,BA006
CJ-000638,2025-04-25,18569,GBP,OUTFLOW,Royal Mail,2020,Utilities payment,BA007
CJ-000639,2025-04-28,106952,USD,INFLOW,Western Digital Corp,4010,License renewal payment,BA001
CJ-000640,2025-04-28,98209,USD,INFLOW,Northeast Industries,4000,Consulting services payment,BA003
CJ-000641,2025-04-28,86043,USD,INFLOW,Atlantic Corp,4000,Product sales revenue,BA003
CJ-000642,2025-04-28,112183,USD,INFLOW,Global Pharma Corp,4000,License renewal payment,BA002
CJ-000643,2025-04-28,100350,USD,INFLOW,Midwest Agribusiness,4010,Service fee payment,BA002
CJ-000644,2025-04-28,213376,USD,OUTFLOW,General Electric,5000,Utilities payment,BA001
CJ-000645,2025-04-28,137757,USD,OUTFLOW,Staples Inc,6200,Vendor payment,BA001
CJ-000646,2025-04-28,164061,USD,OUTFLOW,Verizon Business,5000,Maintenance services,BA001
CJ-000647,2025-04-28,225933,USD,OUTFLOW,VMware Inc,6000,Material procurement,BA002
CJ-000648,2025-04-28,191337,USD,OUTFLOW,Office Depot,6000,Material procurement,BA001
CJ-000649,2025-04-28,185591,USD,OUTFLOW,General Electric,5000,Service provider payment,BA001
CJ-000650,2025-04-28,219855,USD,OUTFLOW,3M Company,6000,Service provider payment,BA002
CJ-000651,2025-04-28,124032,USD,OUTFLOW,Salesforce Inc,6000,Vendor payment,BA002
CJ-000652,2025-04-28,59020,EUR,INFLOW,FranceTech SA,4020,Product sales revenue,BA005
CJ-000653,2025-04-28,62569,EUR,INFLOW,AutoMotive Industries GmbH,1210,Consulting revenue,BA004
CJ-000654,2025-04-28,84497,EUR,OUTFLOW,L'Oreal SA,6300,Equipment rental,BA005
CJ-000655,2025-04-28,50580,EUR,OUTFLOW,L'Oreal SA,2010,Equipment rental,BA004
CJ-000656,2025-04-28,99062,EUR,OUTFLOW,Siemens AG,6300,Material procurement,BA005
CJ-000657,2025-04-28,84658,EUR,OUTFLOW,Lufthansa AG,6300,Vendor payment,BA004
CJ-000658,2025-04-28,79281,EUR,OUTFLOW,Bosch Group,6300,Service provider payment,BA005
CJ-000659,2025-04-28,94250,EUR,OUTFLOW,Bosch Group,6300,Service provider payment,BA004
CJ-000660,2025-04-28,64412,EUR,OUTFLOW,Deutsche Telekom,5010,Equipment rental,BA004
CJ-000661,2025-04-28,96676,EUR,OUTFLOW,Lufthansa AG,6300,Material procurement,BA005
CJ-000662,2025-04-28,10145,GBP,INFLOW,Bristol Aerospace,1220,Service fee payment,BA007
CJ-000663,2025-04-28,17442,GBP,INFLOW,Cardiff Construction Ltd,1220,Product sales revenue,BA006
CJ-000664,2025-04-28,14399,GBP,INFLOW,Westminster Holdings,1220,Service fee payment,BA006
CJ-000665,2025-04-28,52772,GBP,OUTFLOW,BAE Systems,6200,Utilities payment,BA007
CJ-000666,2025-04-28,56603,GBP,OUTFLOW,Royal Mail,6200,Service provider payment,BA007
CJ-000667,2025-04-28,49467,GBP,OUTFLOW,Shell Energy,2020,Vendor payment,BA007
CJ-000668,2025-04-28,26140,GBP,OUTFLOW,Royal Mail,2020,Service provider payment,BA007
CJ-000669,2025-04-28,41702,GBP,OUTFLOW,Royal Mail,6200,Service provider payment,BA007
CJ-000670,2025-04-29,184476,USD,INFLOW,Western Digital Corp,1200,Product sales revenue,BA002
CJ-000671,2025-04-29,118268,USD,INFLOW,Sunrise Technologies,4000,Product sales revenue,BA002
CJ-000672,2025-04-29,159447,USD,INFLOW,Western Digital Corp,4000,Customer payment received,BA001
CJ-000673,2025-04-29,162847,USD,INFLOW,Coastal Shipping USA,1200,Consulting services payment,BA002
CJ-000674,2025-04-29,141350,USD,INFLOW,TransAtlantic Shipping,4000,License renewal payment,BA002
CJ-000675,2025-04-29,81740,USD,OUTFLOW,General Electric,2000,Service provider payment,BA002
CJ-000676,2025-04-29,120989,USD,OUTFLOW,Verizon Business,6100,Vendor payment,BA001
CJ-000677,2025-04-29,108407,USD,OUTFLOW,3M Company,5000,Vendor payment,BA001
CJ-000678,2025-04-29,104517,USD,OUTFLOW,VMware Inc,6300,Professional services,BA003
CJ-000679,2025-04-29,98100,USD,OUTFLOW,Salesforce Inc,2000,Service provider payment,BA002
CJ-000680,2025-04-29,132498,USD,OUTFLOW,Verizon Business,6300,Material procurement,BA001
CJ-000681,2025-04-29,69530,EUR,INFLOW,Siemens Digital Industries,4020,Product sales revenue,BA005
CJ-000682,2025-04-29,92049,EUR,INFLOW,Munich Automotive,1210,Customer payment received,BA005
CJ-000683,2025-04-29,64219,EUR,INFLOW,Rhine Logistics AG,4020,Service fee payment,BA004
CJ-000684,2025-04-29,98515,EUR,INFLOW,Berlin Analytics GmbH,1210,Service fee payment,BA004
CJ-000685,2025-04-29,85056,EUR,INFLOW,AutoMotive Industries GmbH,1210,Consulting revenue,BA005
CJ-000686,2025-04-29,67705,EUR,OUTFLOW,Allianz SE,5010,Vendor payment,BA004
CJ-000687,2025-04-29,65585,EUR,OUTFLOW,Deutsche Telekom,2010,Vendor payment,BA004
CJ-000688,2025-04-29,27487,EUR,OUTFLOW,Schneider Electric,6300,Vendor payment,BA004
CJ-000689,2025-04-29,73075,EUR,OUTFLOW,Capgemini SE,2010,Vendor payment,BA004
CJ-000690,2025-04-29,24960,GBP,INFLOW,Cardiff Construction Ltd,1220,Service fee payment,BA007
CJ-000691,2025-04-29,35506,GBP,INFLOW,Bristol Aerospace,4040,Customer payment received,BA007
CJ-000692,2025-04-29,36638,GBP,INFLOW,Cardiff Construction Ltd,4040,Service fee payment,BA006
CJ-000693,2025-04-29,33342,GBP,OUTFLOW,Royal Mail,6200,Utilities payment,BA006
CJ-000694,2025-04-29,11576,GBP,OUTFLOW,BP Energy,6200,Utilities payment,BA007
CJ-000695,2025-04-29,37107,GBP,OUTFLOW,BAE Systems,2020,Service provider payment,BA007
CJ-000696,2025-04-30,1739698,USD,OUTFLOW,ADP Payroll Services,6000,Monthly payroll processing,BA003
CJ-000697,2025-04-30,105446,USD,INFLOW,Pacific Trading Corp,4010,License renewal payment,BA002
CJ-000698,2025-04-30,135352,USD,INFLOW,Continental Systems,1200,License renewal payment,BA002
CJ-000699,2025-04-30,178159,USD,INFLOW,Atlantic Corp,1200,Service fee payment,BA003
CJ-000700,2025-04-30,176835,USD,INFLOW,Atlantic Corp,4000,Product sales revenue,BA002
CJ-000701,2025-04-30,125465,USD,INFLOW,Global Pharma Corp,4000,Product sales revenue,BA002
CJ-000702,2025-04-30,84306,USD,OUTFLOW,Office Depot,6300,Vendor payment,BA003
CJ-000703,2025-04-30,140136,USD,OUTFLOW,Amazon Web Services,2000,Service provider payment,BA002
CJ-000704,2025-04-30,96080,USD,OUTFLOW,Cisco Systems,6300,Vendor payment,BA003
CJ-000705,2025-04-30,82045,USD,OUTFLOW,Verizon Business,6300,Professional services,BA001
CJ-000706,2025-04-30,99591,USD,OUTFLOW,EY Global,6400,Professional services,BA002
CJ-000707,2025-04-30,77941,USD,OUTFLOW,Office Depot,2000,Maintenance services,BA001
CJ-000708,2025-04-30,107898,USD,OUTFLOW,VMware Inc,6400,Vendor payment,BA001
CJ-000709,2025-04-30,74939,USD,OUTFLOW,Office Depot,6400,Service provider payment,BA002
CJ-000710,2025-04-30,53939,EUR,INFLOW,Munich Automotive,4030,Service fee payment,BA005
CJ-000711,2025-04-30,96007,EUR,INFLOW,Nordic Energy AS,1210,Consulting revenue,BA005
CJ-000712,2025-04-30,58586,EUR,INFLOW,Nordic Energy AS,1210,Consulting revenue,BA004
CJ-000713,2025-04-30,24180,EUR,OUTFLOW,Bayer AG,2010,Material procurement,BA005
CJ-000714,2025-04-30,71194,EUR,OUTFLOW,L'Oreal SA,6300,Material procurement,BA004
CJ-000715,2025-04-30,38834,EUR,OUTFLOW,Capgemini SE,2010,Material procurement,BA004
CJ-000716,2025-04-30,50777,EUR,OUTFLOW,Deutsche Post,5010,Material procurement,BA005
CJ-000717,2025-04-30,38277,GBP,INFLOW,Oxford Research Labs,1220,Customer payment received,BA007
CJ-000718,2025-04-30,20514,GBP,INFLOW,Cardiff Construction Ltd,4040,Service fee payment,BA006
CJ-000719,2025-04-30,43506,GBP,INFLOW,Bristol Aerospace,4040,Service fee payment,BA007
CJ-000720,2025-04-30,17051,GBP,OUTFLOW,Tesco PLC,2020,Service provider payment,BA006
CJ-000721,2025-04-30,33638,GBP,OUTFLOW,Royal Mail,6200,Vendor payment,BA006
CJ-000722,2025-04-30,10939,GBP,OUTFLOW,British Gas,6200,Vendor payment,BA006
CJ-000723,2025-05-01,160637,USD,INFLOW,Continental Systems,4010,Product sales revenue,BA003
CJ-000724,2025-05-01,188292,USD,INFLOW,Sunbelt Energy Corp,4010,Service fee payment,BA001
CJ-000725,2025-05-01,122575,USD,INFLOW,Midwest Manufacturing,4000,Product sales revenue,BA001
CJ-000726,2025-05-01,151446,USD,INFLOW,Sunbelt Energy Corp,4000,Product sales revenue,BA002
CJ-000727,2025-05-01,141226,USD,INFLOW,Western Digital Corp,1200,License renewal payment,BA001
CJ-000728,2025-05-01,113749,USD,INFLOW,National Services LLC,4000,Consulting services payment,BA003
CJ-000729,2025-05-01,141839,USD,INFLOW,Continental Systems,1200,Product sales revenue,BA002
CJ-000730,2025-05-01,106741,USD,INFLOW,TechGlobal Solutions,4010,Consulting services payment,BA002
CJ-000731,2025-05-01,92018,USD,OUTFLOW,Office Depot,6000,Vendor payment,BA002
CJ-000732,2025-05-01,123082,USD,OUTFLOW,Microsoft Corp,6000,Service provider payment,BA003
CJ-000733,2025-05-01,97099,USD,OUTFLOW,3M Company,6200,Utilities payment,BA001
CJ-000734,2025-05-01,80803,USD,OUTFLOW,General Electric,2000,Service provider payment,BA003
CJ-000735,2025-05-01,98306,USD,OUTFLOW,Salesforce Inc,6300,Service provider payment,BA001
CJ-000736,2025-05-01,99342,USD,OUTFLOW,IBM Corp,6100,Utilities payment,BA002
CJ-000737,2025-05-01,88550,EUR,INFLOW,Deutsche Industrial AG,1210,Consulting revenue,BA004
CJ-000738,2025-05-01,60152,EUR,INFLOW,Rhine Logistics AG,4030,Consulting revenue,BA005
CJ-000739,2025-05-01,94911,EUR,INFLOW,Milan Industries,4030,Product sales revenue,BA005
CJ-000740,2025-05-01,92260,EUR,INFLOW,AutoMotive Industries GmbH,1210,Customer payment received,BA005
CJ-000741,2025-05-01,89164,EUR,INFLOW,AutoMotive Industries GmbH,4030,Service fee payment,BA005
CJ-000742,2025-05-01,50546,EUR,INFLOW,Hamburg Port Services,1210,Service fee payment,BA004
CJ-000743,2025-05-01,22290,EUR,OUTFLOW,Schneider Electric,2010,Material procurement,BA005
CJ-000744,2025-05-01,40838,EUR,OUTFLOW,Bayer AG,2010,Service provider payment,BA004
CJ-000745,2025-05-01,33558,EUR,OUTFLOW,Volkswagen AG,2010,Material procurement,BA004
CJ-000746,2025-05-01,29574,GBP,INFLOW,Bristol Aerospace,4040,Customer payment received,BA007
CJ-000747,2025-05-01,32842,GBP,INFLOW,Cardiff Construction Ltd,4040,Customer payment received,BA007
CJ-000748,2025-05-01,23603,GBP,INFLOW,Manchester United Industries,4040,Service fee payment,BA006
CJ-000749,2025-05-01,9668,GBP,OUTFLOW,BT Group,6200,Vendor payment,BA007
CJ-000750,2025-05-02,123647,USD,INFLOW,American Logistics Inc,1200,Customer payment received,BA003
CJ-000751,2025-05-02,129531,USD,INFLOW,Northeast Industries,1200,Customer payment received,BA001
CJ-000752,2025-05-02,117891,USD,INFLOW,MegaCorp USA,4010,Product sales revenue,BA002
CJ-000753,2025-05-02,123520,USD,INFLOW,MegaCorp USA,1200,Product sales revenue,BA003
CJ-000754,2025-05-02,122431,USD,INFLOW,Northeast Industries,4000,License renewal payment,BA003
CJ-000755,2025-05-02,94914,USD,OUTFLOW,Accenture PLC,2000,Vendor payment,BA002
CJ-000756,2025-05-02,78328,USD,OUTFLOW,VMware Inc,6200,Professional services,BA001
CJ-000757,2025-05-02,63443,USD,OUTFLOW,3M Company,6400,Utilities payment,BA003
CJ-000758,2025-05-02,87696,USD,OUTFLOW,Honeywell International,2000,Material procurement,BA001
CJ-000759,2025-05-02,87003,USD,OUTFLOW,AT&T Services,2000,Material procurement,BA003
CJ-000760,2025-05-02,70852,EUR,INFLOW,Hamburg Port Services,1210,Customer payment received,BA004
CJ-000761,2025-05-02,67392,EUR,INFLOW,Hamburg Port Services,4020,Service fee payment,BA004
CJ-000762,2025-05-02,72653,EUR,INFLOW,ACME Corp,4030,Service fee payment,BA005
CJ-000763,2025-05-02,35682,EUR,OUTFLOW,Volkswagen AG,6300,Equipment rental,BA004
CJ-000764,2025-05-02,45753,EUR,OUTFLOW,RWE Energy,6300,Equipment rental,BA005
CJ-000765,2025-05-02,30007,GBP,INFLOW,British Retail Group,4040,Product sales revenue,BA007
CJ-000766,2025-05-02,31298,GBP,INFLOW,Bristol Aerospace,1220,Product sales revenue,BA006
CJ-000767,2025-05-02,29510,GBP,INFLOW,London Financial Services,4040,Customer payment received,BA006
CJ-000768,2025-05-02,17081,GBP,OUTFLOW,Vodafone Group,2020,Utilities payment,BA006
CJ-000769,2025-05-05,124039,USD,INFLOW,TechGlobal Solutions,1200,Service fee payment,BA003
CJ-000770,2025-05-05,99561,USD,INFLOW,Southern Manufacturing,4010,Product sales revenue,BA003
CJ-000771,2025-05-05,126262,USD,INFLOW,Global Pharma Corp,4010,Consulting services payment,BA002
CJ-000772,2025-05-05,108840,USD,OUTFLOW,Deloitte Consulting,6300,Maintenance services,BA001
CJ-000773,2025-05-05,148906,USD,OUTFLOW,Caterpillar Inc,6000,Material procurement,BA003
CJ-000774,2025-05-05,101883,USD,OUTFLOW,General Electric,6300,Maintenance services,BA003
CJ-000775,2025-05-05,108103,USD,OUTFLOW,Microsoft Corp,6100,Utilities payment,BA003
CJ-000776,2025-05-05,134959,USD,OUTFLOW,AT&T Services,2000,Utilities payment,BA001
CJ-000777,2025-05-05,96905,USD,OUTFLOW,Accenture PLC,2000,Professional services,BA002
CJ-000778,2025-05-05,106261,USD,OUTFLOW,Honeywell International,6200,Material procurement,BA003
CJ-000779,2025-05-05,121872,USD,OUTFLOW,Adobe Systems,5000,Service provider payment,BA001
CJ-000780,2025-05-05,36458,EUR,INFLOW,AutoMotive Industries GmbH,4030,Consulting revenue,BA004
CJ-000781,2025-05-05,61957,EUR,INFLOW,AutoMotive Industries GmbH,4020,Service fee payment,BA004
CJ-000782,2025-05-05,66492,EUR,OUTFLOW,Siemens AG,6300,Material procurement,BA005
CJ-000783,2025-05-05,56924,EUR,OUTFLOW,Deutsche Telekom,2010,Vendor payment,BA005
CJ-000784,2025-05-05,56199,EUR,OUTFLOW,Siemens AG,6300,Equipment rental,BA005
CJ-000785,2025-05-05,79931,EUR,OUTFLOW,Bayer AG,5010,Material procurement,BA004
CJ-000786,2025-05-05,15011,GBP,INFLOW,British Retail Group,1220,Service fee payment,BA006
CJ-000787,2025-05-05,20346,GBP,INFLOW,Metropolitan Transit,1220,Customer payment received,BA007
CJ-000788,2025-05-05,22990,GBP,INFLOW,Oxford Research Labs,4040,Customer payment received,BA006
CJ-000789,2025-05-05,20824,GBP,OUTFLOW,British Gas,6200,Vendor payment,BA007
CJ-000790,2025-05-05,24328,GBP,OUTFLOW,BAE Systems,2020,Vendor payment,BA007
CJ-000791,2025-05-05,32617,GBP,OUTFLOW,Shell Energy,2020,Service provider payment,BA006
CJ-000792,2025-05-05,29380,GBP,OUTFLOW,Unilever PLC,2020,Service provider payment,BA006
CJ-000793,2025-05-06,146010,USD,INFLOW,Northeast Industries,4000,Product sales revenue,BA003
CJ-000794,2025-05-06,186135,USD,INFLOW,Sunbelt Energy Corp,1200,Product sales revenue,BA001
CJ-000795,2025-05-06,182989,USD,INFLOW,MegaCorp USA,1200,Service fee payment,BA001
CJ-000796,2025-05-06,145806,USD,INFLOW,Continental Systems,4000,Consulting services payment,BA003
CJ-000797,2025-05-06,122622,USD,INFLOW,Midwest Manufacturing,4000,Service fee payment,BA002
CJ-000798,2025-05-06,166985,USD,INFLOW,MegaCorp USA,1200,Customer payment received,BA003
CJ-000799,2025-05-06,140013,USD,INFLOW,MegaCorp USA,4000,Service fee payment,BA002
CJ-000800,2025-05-06,68287,USD,OUTFLOW,Staples Inc,6300,Vendor payment,BA001
CJ-000801,2025-05-06,106526,USD,OUTFLOW,Workday Inc,6000,Material procurement,BA002
CJ-000802,2025-05-06,85411,USD,OUTFLOW,Deloitte Consulting,6000,Professional services,BA001
CJ-000803,2025-05-06,93923,USD,OUTFLOW,3M Company,5000,Professional services,BA003
CJ-000804,2025-05-06,70028,USD,OUTFLOW,IBM Corp,6100,Maintenance services,BA002
CJ-000805,2025-05-06,50842,EUR,INFLOW,Berlin Analytics GmbH,4030,Product sales revenue,BA005
CJ-000806,2025-05-06,56496,EUR,INFLOW,Munich Automotive,1210,Consulting revenue,BA005
CJ-000807,2025-05-06,82849,EUR,INFLOW,Berlin Analytics GmbH,1210,Consulting revenue,BA005
CJ-000808,2025-05-06,93127,EUR,INFLOW,FranceTech SA,4020,Service fee payment,BA005
CJ-000809,2025-05-06,51960,EUR,OUTFLOW,SAP SE,2010,Vendor payment,BA004
CJ-000810,2025-05-06,47991,EUR,OUTFLOW,Lufthansa AG,5010,Material procurement,BA004
CJ-000811,2025-05-06,42214,GBP,INFLOW,Edinburgh Systems,4040,Customer payment received,BA006
CJ-000812,2025-05-06,38472,GBP,INFLOW,Highland Manufacturing,4040,Customer payment received,BA006
CJ-000813,2025-05-06,47536,GBP,INFLOW,Metropolitan Transit,4040,Product sales revenue,BA007
CJ-000814,2025-05-06,16302,GBP,OUTFLOW,British Gas,6200,Vendor payment,BA007
CJ-000815,2025-05-07,138891,USD,INFLOW,Coastal Shipping USA,1200,License renewal payment,BA003
CJ-000816,2025-05-07,146959,USD,INFLOW,Continental Systems,4010,License renewal payment,BA001
CJ-000817,2025-05-07,164213,USD,INFLOW,Western Digital Corp,4000,Service fee payment,BA003
CJ-000818,2025-05-07,151035,USD,INFLOW,Coastal Shipping USA,1200,Service fee payment,BA001
CJ-000819,2025-05-07,112108,USD,INFLOW,Sunrise Technologies,1200,Customer payment received,BA002
CJ-000820,2025-05-07,153717,USD,INFLOW,Northeast Industries,4010,License renewal payment,BA003
CJ-000821,2025-05-07,89203,USD,OUTFLOW,Deloitte Consulting,2000,Material procurement,BA001
CJ-000822,2025-05-07,53603,USD,OUTFLOW,Office Depot,6000,Material procurement,BA001
CJ-000823,2025-05-07,72841,USD,OUTFLOW,Office Depot,6300,Utilities payment,BA001
CJ-000824,2025-05-07,61905,USD,OUTFLOW,3M Company,6400,Material procurement,BA003
CJ-000825,2025-05-07,37433,EUR,INFLOW,Frankfurt Solutions,4020,Customer payment received,BA005
CJ-000826,2025-05-07,43301,EUR,INFLOW,Vienna Tech GmbH,4020,Customer payment received,BA005
CJ-000827,2025-05-07,78198,EUR,INFLOW,FranceTech SA,1210,Consulting revenue,BA005
CJ-000828,2025-05-07,24716,EUR,OUTFLOW,Schneider Electric,5010,Equipment rental,BA005
CJ-000829,2025-05-07,47664,EUR,OUTFLOW,Deutsche Telekom,2010,Equipment rental,BA005
CJ-000830,2025-05-07,12749,GBP,INFLOW,Metropolitan Transit,1220,Product sales revenue,BA007
CJ-000831,2025-05-07,40163,GBP,INFLOW,Scottish Energy Solutions,1220,Service fee payment,BA007
CJ-000832,2025-05-07,19868,GBP,OUTFLOW,BAE Systems,6200,Utilities payment,BA006
CJ-000833,2025-05-07,15960,GBP,OUTFLOW,Vodafone Group,2020,Utilities payment,BA007
CJ-000834,2025-05-07,20567,GBP,OUTFLOW,Rolls-Royce Holdings,2020,Vendor payment,BA006
CJ-000835,2025-05-08,91500,USD,INFLOW,Central Systems Inc,4010,Service fee payment,BA003
CJ-000836,2025-05-08,147832,USD,INFLOW,Southern Manufacturing,4010,Product sales revenue,BA003
CJ-000837,2025-05-08,93836,USD,INFLOW,Pacific Trading Corp,4010,Consulting services payment,BA002
CJ-000838,2025-05-08,81330,USD,INFLOW,Coastal Shipping USA,4010,Product sales revenue,BA002
CJ-000839,2025-05-08,90029,USD,INFLOW,MegaCorp USA,1200,Consulting services payment,BA001
CJ-000840,2025-05-08,92031,USD,INFLOW,Coastal Shipping USA,1200,Customer payment received,BA001
CJ-000841,2025-05-08,80999,USD,OUTFLOW,Adobe Systems,6000,Material procurement,BA001
CJ-000842,2025-05-08,91236,USD,OUTFLOW,IBM Corp,2000,Service provider payment,BA001
CJ-000843,2025-05-08,94195,USD,OUTFLOW,Caterpillar Inc,6100,Maintenance services,BA002
CJ-000844,2025-05-08,109933,USD,OUTFLOW,General Electric,6300,Material procurement,BA002
CJ-000845,2025-05-08,111674,USD,OUTFLOW,Accenture PLC,6100,Maintenance services,BA002
CJ-000846,2025-05-08,67064,USD,OUTFLOW,Workday Inc,5000,Vendor payment,BA002
CJ-000847,2025-05-08,60649,EUR,INFLOW,EuroTech Solutions,1210,Service fee payment,BA005
CJ-000848,2025-05-08,44652,EUR,INFLOW,ACME Corp,4030,Customer payment - received late,BA004
CJ-000849,2025-05-08,47174,EUR,OUTFLOW,Bayer AG,5010,Equipment rental,BA005
CJ-000850,2025-05-08,26601,EUR,OUTFLOW,Deutsche Post,5010,Vendor payment,BA005
CJ-000851,2025-05-08,54685,EUR,OUTFLOW,RWE Energy,5010,Material procurement,BA004
CJ-000852,2025-05-08,31094,GBP,INFLOW,London Financial Services,4040,Customer payment received,BA007
CJ-000853,2025-05-08,30630,GBP,OUTFLOW,Unilever PLC,2020,Utilities payment,BA006
CJ-000854,2025-05-08,28092,GBP,OUTFLOW,AstraZeneca PLC,2020,Utilities payment,BA007
CJ-000855,2025-05-08,10980,GBP,OUTFLOW,BAE Systems,6200,Utilities payment,BA007
CJ-000856,2025-05-09,63248,USD,INFLOW,TechGlobal Solutions,1200,Service fee payment,BA002
CJ-000857,2025-05-09,113450,USD,INFLOW,MegaCorp USA,4010,License renewal payment,BA002
CJ-000858,2025-05-09,78598,USD,INFLOW,Southern Manufacturing,1200,Customer payment received,BA001
CJ-000859,2025-05-09,50233,USD,OUTFLOW,AT&T Services,5000,Professional services,BA003
CJ-000860,2025-05-09,67629,USD,OUTFLOW,Amazon Web Services,5000,Material procurement,BA003
CJ-000861,2025-05-09,74521,USD,OUTFLOW,VMware Inc,6100,Professional services,BA002
CJ-000862,2025-05-09,49352,EUR,INFLOW,Frankfurt Solutions,1210,Service fee payment,BA005
CJ-000863,2025-05-09,56510,EUR,INFLOW,Stuttgart Engineering,4020,Service fee payment,BA004
CJ-000864,2025-05-09,25968,EUR,OUTFLOW,Bosch Group,6300,Service provider payment,BA005
CJ-000865,2025-05-09,20517,GBP,INFLOW,British Retail Group,4040,Customer payment received,BA007
CJ-000866,2025-05-09,8966,GBP,OUTFLOW,Royal Mail,2020,Vendor payment,BA007
CJ-000867,2025-05-12,119279,USD,INFLOW,Western Digital Corp,4010,Product sales revenue,BA002
CJ-000868,2025-05-12,124855,USD,INFLOW,American Logistics Inc,4000,Consulting services payment,BA003
CJ-000869,2025-05-12,128004,USD,INFLOW,MegaCorp USA,4010,Consulting services payment,BA003
CJ-000870,2025-05-12,138700,USD,OUTFLOW,Verizon Business,2000,Utilities payment,BA002
CJ-000871,2025-05-12,102685,USD,OUTFLOW,Salesforce Inc,6100,Maintenance services,BA001
CJ-000872,2025-05-12,135976,USD,OUTFLOW,Deloitte Consulting,6000,Service provider payment,BA001
CJ-000873,2025-05-12,123920,USD,OUTFLOW,General Electric,6300,Maintenance services,BA003
CJ-000874,2025-05-12,149532,USD,OUTFLOW,Waste Management Inc,6000,Maintenance services,BA001
CJ-000875,2025-05-12,61502,EUR,INFLOW,Vienna Tech GmbH,4020,Service fee payment,BA005
CJ-000876,2025-05-12,61024,EUR,INFLOW,Stuttgart Engineering,1210,Product sales revenue,BA004
CJ-000877,2025-05-12,64414,EUR,INFLOW,Berlin Analytics GmbH,1210,Consulting revenue,BA005
CJ-000878,2025-05-12,46084,EUR,OUTFLOW,Schneider Electric,5010,Equipment rental,BA004
CJ-000879,2025-05-12,65208,EUR,OUTFLOW,ThyssenKrupp AG,5010,Vendor payment,BA004
CJ-000880,2025-05-12,81481,EUR,OUTFLOW,BASF SE,2010,Material procurement,BA004
CJ-000881,2025-05-12,28746,EUR,OUTFLOW,RWE Energy,6300,Equipment rental,BA005
CJ-000882,2025-05-12,33363,GBP,INFLOW,Westminster Holdings,4040,Service fee payment,BA006
CJ-000883,2025-05-12,13179,GBP,OUTFLOW,British Gas,2020,Service provider payment,BA007
CJ-000884,2025-05-12,25531,GBP,OUTFLOW,BAE Systems,2020,Service provider payment,BA006
CJ-000885,2025-05-12,23947,GBP,OUTFLOW,Unilever PLC,2020,Vendor payment,BA006
CJ-000886,2025-05-12,30677,GBP,OUTFLOW,Vodafone Group,2020,Vendor payment,BA006
CJ-000887,2025-05-13,137843,USD,INFLOW,Continental Systems,4000,Service fee payment,BA002
CJ-000888,2025-05-13,127290,USD,INFLOW,Southern Manufacturing,4010,Product sales revenue,BA002
CJ-000889,2025-05-13,170547,USD,INFLOW,American Logistics Inc,4010,Consulting services payment,BA001
CJ-000890,2025-05-13,160169,USD,INFLOW,TransAtlantic Shipping,1200,Customer payment received,BA001
CJ-000891,2025-05-13,143662,USD,INFLOW,Coastal Shipping USA,4000,License renewal payment,BA003
CJ-000892,2025-05-13,148014,USD,INFLOW,American Logistics Inc,4000,Product sales revenue,BA003
CJ-000893,2025-05-13,118616,USD,INFLOW,Sunbelt Energy Corp,4000,Customer payment received,BA001
CJ-000894,2025-05-13,104753,USD,OUTFLOW,Adobe Systems,6100,Maintenance services,BA001
CJ-000895,2025-05-13,87328,USD,OUTFLOW,Waste Management Inc,6300,Service provider payment,BA001
CJ-000896,2025-05-13,95443,USD,OUTFLOW,Amazon Web Services,6200,Professional services,BA001
CJ-000897,2025-05-13,74023,USD,OUTFLOW,EY Global,5000,Vendor payment,BA002
CJ-000898,2025-05-13,67370,EUR,INFLOW,Hamburg Port Services,1210,Consulting revenue,BA004
CJ-000899,2025-05-13,60358,EUR,INFLOW,AutoMotive Industries GmbH,4020,Consulting revenue,BA005
CJ-000900,2025-05-13,42326,EUR,INFLOW,AutoMotive Industries GmbH,1210,Product sales revenue,BA004
CJ-000901,2025-05-13,68491,EUR,INFLOW,Munich Automotive,4020,Customer payment received,BA005
CJ-000902,2025-05-13,46209,EUR,OUTFLOW,SAP SE,5010,Vendor payment,BA005
CJ-000903,2025-05-13,26797,EUR,OUTFLOW,Bosch Group,6300,Equipment rental,BA004
CJ-000904,2025-05-13,29960,EUR,OUTFLOW,ThyssenKrupp AG,6300,Material procurement,BA005
CJ-000905,2025-05-13,40846,GBP,INFLOW,Westminster Holdings,1220,Service fee payment,BA007
CJ-000906,2025-05-13,42130,GBP,INFLOW,Cardiff Construction Ltd,1220,Customer payment received,BA006
CJ-000907,2025-05-13,31181,GBP,INFLOW,Highland Manufacturing,1220,Customer payment received,BA006
CJ-000908,2025-05-13,31355,GBP,INFLOW,Oxford Research Labs,1220,Product sales revenue,BA007
CJ-000909,2025-05-13,11248,GBP,OUTFLOW,Rolls-Royce Holdings,6200,Vendor payment,BA007
CJ-000910,2025-05-13,14619,GBP,OUTFLOW,BT Group,2020,Utilities payment,BA006
CJ-000911,2025-05-13,25138,GBP,OUTFLOW,Royal Mail,2020,Utilities payment,BA007
CJ-000912,2025-05-14,108975,USD,INFLOW,TechGlobal Solutions,4000,Consulting services payment,BA002
CJ-000913,2025-05-14,153722,USD,INFLOW,Global Pharma Corp,4000,Service fee payment,BA001
CJ-000914,2025-05-14,102409,USD,INFLOW,National Services LLC,4010,Consulting services payment,BA003
CJ-000915,2025-05-14,165431,USD,INFLOW,American Logistics Inc,1200,Product sales revenue,BA003
CJ-000916,2025-05-14,87512,USD,OUTFLOW,Cisco Systems,6200,Material procurement,BA003
CJ-000917,2025-05-14,93059,USD,OUTFLOW,Salesforce Inc,5000,Vendor payment,BA002
CJ-000918,2025-05-14,57937,USD,OUTFLOW,Honeywell International,5000,Utilities payment,BA003
CJ-000919,2025-05-14,95064,USD,OUTFLOW,Honeywell International,6200,Material procurement,BA003
CJ-000920,2025-05-14,80975,USD,OUTFLOW,Deloitte Consulting,5000,Utilities payment,BA001
CJ-000921,2025-05-14,83306,EUR,INFLOW,ACME Corp,1210,Consulting revenue,BA005
CJ-000922,2025-05-14,69646,EUR,INFLOW,Stuttgart Engineering,4030,Customer payment received,BA004
CJ-000923,2025-05-14,72362,EUR,INFLOW,Berlin Analytics GmbH,4020,Customer payment received,BA005
CJ-000924,2025-05-14,85904,EUR,INFLOW,Milan Industries,4020,Consulting revenue,BA004
CJ-000925,2025-05-14,47676,EUR,OUTFLOW,L'Oreal SA,5010,Material procurement,BA004
CJ-000926,2025-05-14,36176,EUR,OUTFLOW,Bosch Group,6300,Material procurement,BA005
CJ-000927,2025-05-14,39970,GBP,INFLOW,Metropolitan Transit,1220,Product sales revenue,BA006
CJ-000928,2025-05-14,19239,GBP,INFLOW,Oxford Research Labs,4040,Customer payment received,BA007
CJ-000929,2025-05-14,29115,GBP,INFLOW,Cardiff Construction Ltd,1220,Product sales revenue,BA007
CJ-000930,2025-05-14,21844,GBP,OUTFLOW,BT Group,6200,Service provider payment,BA007
CJ-000931,2025-05-15,1635950,USD,OUTFLOW,ADP Payroll Services,6000,Monthly payroll processing,BA002
CJ-000932,2025-05-15,110502,USD,INFLOW,Sunrise Technologies,4010,License renewal payment,BA002
CJ-000933,2025-05-15,93567,USD,INFLOW,Southern Manufacturing,1200,Consulting services payment,BA002
CJ-000934,2025-05-15,124549,USD,INFLOW,Coastal Shipping USA,1200,Service fee payment,BA002
CJ-000935,2025-05-15,123678,USD,OUTFLOW,Salesforce Inc,6400,Service provider payment,BA002
CJ-000936,2025-05-15,96301,USD,OUTFLOW,Salesforce Inc,5000,Material procurement,BA003
CJ-000937,2025-05-15,71595,USD,OUTFLOW,General Electric,2000,Vendor payment,BA003
CJ-000938,2025-05-15,65573,USD,OUTFLOW,Deloitte Consulting,6200,Maintenance services,BA001
CJ-000939,2025-05-15,70223,EUR,INFLOW,Nordic Energy AS,1210,Consulting revenue,BA004
CJ-000940,2025-05-15,36518,EUR,INFLOW,AutoMotive Industries GmbH,4030,Service fee payment,BA004
CJ-000941,2025-05-15,62012,EUR,OUTFLOW,Deutsche Telekom,2010,Vendor payment,BA004
CJ-000942,2025-05-15,41451,EUR,OUTFLOW,SAP SE,5010,Material procurement,BA005
CJ-000943,2025-05-15,42298,EUR,OUTFLOW,Bayer AG,2010,Vendor payment,BA005
CJ-000944,2025-05-15,53946,EUR,OUTFLOW,RWE Energy,2010,Service provider payment,BA004
CJ-000945,2025-05-15,27552,GBP,INFLOW,Westminster Holdings,1220,Product sales revenue,BA007
CJ-000946,2025-05-15,29511,GBP,OUTFLOW,Tesco PLC,2020,Vendor payment,BA007
CJ-000947,2025-05-15,20079,GBP,OUTFLOW,Sainsbury's,2020,Utilities payment,BA006
CJ-000948,2025-05-15,15641,GBP,OUTFLOW,BT Group,2020,Utilities payment,BA007
CJ-000949,2025-05-16,96315,USD,INFLOW,Sunbelt Energy Corp,4010,Service fee payment,BA002
CJ-000950,2025-05-16,107871,USD,INFLOW,Pacific Trading Corp,4000,Customer payment received,BA003
CJ-000951,2025-05-16,96349,USD,INFLOW,National Services LLC,4010,License renewal payment,BA001
CJ-000952,2025-05-16,64234,USD,INFLOW,Atlantic Corp,4010,Service fee payment,BA002
CJ-000953,2025-05-16,107191,USD,INFLOW,Global Pharma Corp,1200,Consulting services payment,BA001
CJ-000954,2025-05-16,68444,USD,OUTFLOW,General Electric,2000,Professional services,BA002
CJ-000955,2025-05-16,63197,USD,OUTFLOW,Salesforce Inc,6100,Professional services,BA001
CJ-000956,2025-05-16,89453,USD,OUTFLOW,Waste Management Inc,6100,Utilities payment,BA003
CJ-000957,2025-05-16,93647,USD,OUTFLOW,EY Global,6400,Professional services,BA001
CJ-000958,2025-05-16,32588,EUR,INFLOW,Stuttgart Engineering,1210,Customer payment received,BA005
CJ-000959,2025-05-16,55864,EUR,INFLOW,Berlin Analytics GmbH,4030,Customer payment received,BA004
CJ-000960,2025-05-16,54266,EUR,INFLOW,Deutsche Industrial AG,1210,Customer payment received,BA005
CJ-000961,2025-05-16,42163,EUR,OUTFLOW,Deutsche Telekom,2010,Material procurement,BA004
CJ-000962,2025-05-16,12479,GBP,INFLOW,London Financial Services,4040,Customer payment received,BA007
CJ-000963,2025-05-16,6905,GBP,OUTFLOW,British Gas,2020,Utilities payment,BA006
CJ-000964,2025-05-16,16623,GBP,OUTFLOW,Tesco PLC,2020,Service provider payment,BA006
CJ-000965,2025-05-19,77771,USD,INFLOW,Continental Systems,1200,Product sales revenue,BA002
CJ-000966,2025-05-19,126366,USD,INFLOW,Northeast Industries,4010,Service fee payment,BA003
CJ-000967,2025-05-19,117614,USD,INFLOW,Sunrise Technologies,4010,Consulting services payment,BA001
CJ-000968,2025-05-19,125345,USD,INFLOW,Continental Systems,4000,License renewal payment,BA002
CJ-000969,2025-05-19,80515,USD,INFLOW,Midwest Agribusiness,1200,Product sales revenue,BA002
CJ-000970,2025-05-19,136419,USD,OUTFLOW,Honeywell International,6400,Service provider payment,BA001
CJ-000971,2025-05-19,121508,USD,OUTFLOW,Honeywell International,6400,Service provider payment,BA003
CJ-000972,2025-05-19,135278,USD,OUTFLOW,Staples Inc,2000,Service provider payment,BA003
CJ-000973,2025-05-19,140797,USD,OUTFLOW,IBM Corp,6300,Vendor payment,BA002
CJ-000974,2025-05-19,110893,USD,OUTFLOW,Adobe Systems,6100,Vendor payment,BA001
CJ-000975,2025-05-19,47361,EUR,INFLOW,Siemens Digital Industries,4020,Service fee payment,BA004
CJ-000976,2025-05-19,33284,EUR,INFLOW,Frankfurt Solutions,1210,Consulting revenue,BA005
CJ-000977,2025-05-19,67553,EUR,INFLOW,AutoMotive Industries GmbH,4020,Service fee payment,BA004
CJ-000978,2025-05-19,80416,EUR,OUTFLOW,Airbus SE,5010,Material procurement,BA004
CJ-000979,2025-05-19,34765,EUR,OUTFLOW,L'Oreal SA,6300,Equipment rental,BA005
CJ-000980,2025-05-19,43963,EUR,OUTFLOW,Deutsche Post,5010,Service provider payment,BA005
CJ-000981,2025-05-19,32167,EUR,OUTFLOW,L'Oreal SA,2010,Material procurement,BA005
CJ-000982,2025-05-19,75409,EUR,OUTFLOW,SAP SE,5010,Vendor payment,BA005
CJ-000983,2025-05-19,50652,EUR,OUTFLOW,Capgemini SE,2010,Material procurement,BA004
CJ-000984,2025-05-19,15671,GBP,INFLOW,Highland Manufacturing,4040,Service fee payment,BA007
CJ-000985,2025-05-19,28411,GBP,OUTFLOW,Shell Energy,6200,Utilities payment,BA007
CJ-000986,2025-05-19,14125,GBP,OUTFLOW,BAE Systems,2020,Service provider payment,BA006
CJ-000987,2025-05-19,35881,GBP,OUTFLOW,British Gas,2020,Utilities payment,BA006
CJ-000988,2025-05-19,36149,GBP,OUTFLOW,Rolls-Royce Holdings,2020,Utilities payment,BA006
CJ-000989,2025-05-20,130721,USD,INFLOW,Atlantic Corp,1200,Customer payment received,BA003
CJ-000990,2025-05-20,129653,USD,INFLOW,Midwest Agribusiness,4000,License renewal payment,BA003
CJ-000991,2025-05-20,109441,USD,INFLOW,Coastal Shipping USA,4010,Consulting services payment,BA001
CJ-000992,2025-05-20,171047,USD,INFLOW,MegaCorp USA,1200,Service fee payment,BA002
CJ-000993,2025-05-20,145643,USD,INFLOW,National Services LLC,1200,Consulting services payment,BA001
CJ-000994,2025-05-20,73300,USD,OUTFLOW,VMware Inc,6000,Service provider payment,BA001
CJ-000995,2025-05-20,72888,USD,OUTFLOW,VMware Inc,5000,Maintenance services,BA001
CJ-000996,2025-05-20,75290,USD,OUTFLOW,Salesforce Inc,2000,Maintenance services,BA002
CJ-000997,2025-05-20,58773,EUR,INFLOW,Deutsche Industrial AG,1210,Product sales revenue,BA005
CJ-000998,2025-05-20,40078,EUR,INFLOW,Deutsche Industrial AG,4030,Service fee payment,BA005
CJ-000999,2025-05-20,61767,EUR,INFLOW,AutoMotive Industries GmbH,1210,Consulting revenue,BA005
CJ-001000,2025-05-20,74578,EUR,INFLOW,Hamburg Port Services,4020,Product sales revenue,BA004
CJ-001001,2025-05-20,43213,EUR,OUTFLOW,Bosch Group,6300,Material procurement,BA004
CJ-001002,2025-05-20,32473,EUR,OUTFLOW,Lufthansa AG,6300,Vendor payment,BA004
CJ-001003,2025-05-20,46678,EUR,OUTFLOW,BASF SE,5010,Material procurement,BA005
CJ-001004,2025-05-20,50478,EUR,OUTFLOW,ThyssenKrupp AG,2010,Equipment rental,BA004
CJ-001005,2025-05-20,48140,GBP,INFLOW,Highland Manufacturing,4040,Product sales revenue,BA007
CJ-001006,2025-05-20,43739,GBP,INFLOW,Edinburgh Systems,1220,Product sales revenue,BA007
CJ-001007,2025-05-20,30551,GBP,INFLOW,Edinburgh Systems,4040,Customer payment received,BA006
CJ-001008,2025-05-20,11951,GBP,OUTFLOW,Unilever PLC,2020,Vendor payment,BA007
CJ-001009,2025-05-21,131406,USD,INFLOW,Southern Manufacturing,4010,License renewal payment,BA002
CJ-001010,2025-05-21,177709,USD,INFLOW,Midwest Manufacturing,4010,Product sales revenue,BA003
CJ-001011,2025-05-21,104902,USD,INFLOW,Atlantic Corp,1200,Product sales revenue,BA001
CJ-001012,2025-05-21,149712,USD,INFLOW,Atlantic Corp,4010,Customer payment received,BA003
CJ-001013,2025-05-21,53714,USD,OUTFLOW,VMware Inc,6200,Utilities payment,BA002
CJ-001014,2025-05-21,63655,USD,OUTFLOW,IBM Corp,2000,Material procurement,BA002
CJ-001015,2025-05-21,79486,USD,OUTFLOW,Workday Inc,6000,Material procurement,BA001
CJ-001016,2025-05-21,94469,USD,OUTFLOW,Adobe Systems,5000,Vendor payment,BA001
CJ-001017,2025-05-21,55642,EUR,INFLOW,AutoMotive Industries GmbH,4030,Product sales revenue,BA004
CJ-001018,2025-05-21,77788,EUR,INFLOW,Deutsche Industrial AG,4020,Service fee payment,BA005
CJ-001019,2025-05-21,74764,EUR,INFLOW,Hamburg Port Services,4020,Service fee payment,BA004
CJ-001020,2025-05-21,28386,EUR,OUTFLOW,Volkswagen AG,6300,Service provider payment,BA004
CJ-001021,2025-05-21,31465,EUR,OUTFLOW,RWE Energy,6300,Vendor payment,BA005
CJ-001022,2025-05-21,47662,EUR,OUTFLOW,Allianz SE,5010,Equipment rental,BA005
CJ-001023,2025-05-21,18207,GBP,INFLOW,Westminster Holdings,1220,Service fee payment,BA006
CJ-001024,2025-05-21,47220,GBP,INFLOW,Oxford Research Labs,4040,Customer payment received,BA007
CJ-001025,2025-05-21,43195,GBP,INFLOW,Cardiff Construction Ltd,4040,Customer payment received,BA007
CJ-001026,2025-05-21,19298,GBP,INFLOW,Westminster Holdings,1220,Customer payment received,BA006
CJ-001027,2025-05-21,7761,GBP,OUTFLOW,British Gas,2020,Service provider payment,BA006
CJ-001028,2025-05-22,111058,USD,INFLOW,American Logistics Inc,1200,License renewal payment,BA002
CJ-001029,2025-05-22,144139,USD,INFLOW,Sunrise Technologies,1200,Service fee payment,BA001
CJ-001030,2025-05-22,111227,USD,INFLOW,National Services LLC,4010,Service fee payment,BA003
CJ-001031,2025-05-22,95100,USD,INFLOW,TransAtlantic Shipping,4000,Service fee payment,BA003
CJ-001032,2025-05-22,134286,USD,INFLOW,Midwest Manufacturing,1200,Product sales revenue,BA003
CJ-001033,2025-05-22,144399,USD,INFLOW,Global Pharma Corp,4010,Service fee payment,BA002
CJ-001034,2025-05-22,106506,USD,OUTFLOW,Staples Inc,6400,Material procurement,BA002
CJ-001035,2025-05-22,86454,USD,OUTFLOW,Deloitte Consulting,5000,Material procurement,BA002
CJ-001036,2025-05-22,124393,USD,OUTFLOW,Deloitte Consulting,6100,Professional services,BA001
CJ-001037,2025-05-22,64795,USD,OUTFLOW,Salesforce Inc,6400,Maintenance services,BA002
CJ-001038,2025-05-22,124916,USD,OUTFLOW,Staples Inc,5000,Material procurement,BA003
CJ-001039,2025-05-22,103336,USD,OUTFLOW,Deloitte Consulting,6300,Professional services,BA003
CJ-001040,2025-05-22,57939,EUR,INFLOW,Berlin Analytics GmbH,4030,Consulting revenue,BA005
CJ-001041,2025-05-22,36588,EUR,INFLOW,Rhine Logistics AG,1210,Consulting revenue,BA004
CJ-001042,2025-05-22,65675,EUR,INFLOW,AutoMotive Industries GmbH,4020,Product sales revenue,BA004
CJ-001043,2025-05-22,48813,EUR,INFLOW,Nordic Energy AS,4020,Product sales revenue,BA004
CJ-001044,2025-05-22,33544,EUR,OUTFLOW,L'Oreal SA,6300,Service provider payment,BA004
CJ-001045,2025-05-22,37414,EUR,OUTFLOW,L'Oreal SA,2010,Service provider payment,BA005
CJ-001046,2025-05-22,44426,EUR,OUTFLOW,Deutsche Telekom,2010,Equipment rental,BA004
CJ-001047,2025-05-22,26867,GBP,INFLOW,Cardiff Construction Ltd,1220,Customer payment received,BA007
CJ-001048,2025-05-22,14560,GBP,OUTFLOW,Shell Energy,2020,Service provider payment,BA007
CJ-001049,2025-05-23,91372,USD,INFLOW,Midwest Manufacturing,1200,Consulting services payment,BA003
CJ-001050,2025-05-23,107331,USD,INFLOW,American Logistics Inc,4000,Consulting services payment,BA001
CJ-001051,2025-05-23,63901,USD,INFLOW,Coastal Shipping USA,1200,Product sales revenue,BA003
CJ-001052,2025-05-23,83887,USD,INFLOW,Sunrise Technologies,1200,Service fee payment,BA002
CJ-001053,2025-05-23,77586,USD,INFLOW,MegaCorp USA,1200,Consulting services payment,BA001
CJ-001054,2025-05-23,65092,USD,OUTFLOW,Accenture PLC,6000,Vendor payment,BA002
CJ-001055,2025-05-23,59068,USD,OUTFLOW,Cisco Systems,2000,Maintenance services,BA003
CJ-001056,2025-05-23,59633,USD,OUTFLOW,IBM Corp,2000,Professional services,BA003
CJ-001057,2025-05-23,84481,USD,OUTFLOW,Verizon Business,2000,Maintenance services,BA003
CJ-001058,2025-05-23,50646,USD,OUTFLOW,Deloitte Consulting,6300,Maintenance services,BA002
CJ-001059,2025-05-23,51156,EUR,INFLOW,Siemens Digital Industries,1210,Service fee payment,BA005
CJ-001060,2025-05-23,29031,EUR,INFLOW,Rhine Logistics AG,4030,Consulting revenue,BA005
CJ-001061,2025-05-23,35018,EUR,INFLOW,Rhine Logistics AG,1210,Product sales revenue,BA005
CJ-001062,2025-05-23,31363,EUR,OUTFLOW,ThyssenKrupp AG,2010,Service provider payment,BA005
CJ-001063,2025-05-23,32478,EUR,OUTFLOW,RWE Energy,5010,Equipment rental,BA005
CJ-001064,2025-05-23,25511,EUR,OUTFLOW,Bayer AG,2010,Vendor payment,BA005
CJ-001065,2025-05-23,15259,GBP,INFLOW,Edinburgh Systems,4040,Product sales revenue,BA007
CJ-001066,2025-05-23,16594,GBP,OUTFLOW,BAE Systems,6200,Utilities payment,BA007
CJ-001067,2025-05-26,105647,USD,INFLOW,National Services LLC,4010,Customer payment received,BA002
CJ-001068,2025-05-26,78807,USD,INFLOW,Midwest Agribusiness,1200,License renewal payment,BA001
CJ-001069,2025-05-26,112527,USD,INFLOW,Sunbelt Energy Corp,4000,Customer payment received,BA001
CJ-001070,2025-05-26,130844,USD,OUTFLOW,Cisco Systems,6200,Material procurement,BA001
CJ-001071,2025-05-26,84886,USD,OUTFLOW,IBM Corp,2000,Material procurement,BA002
CJ-001072,2025-05-26,153355,USD,OUTFLOW,Verizon Business,6300,Utilities payment,BA003
CJ-001073,2025-05-26,154536,USD,OUTFLOW,Oracle Corp,6000,Maintenance services,BA002
CJ-001074,2025-05-26,113433,USD,OUTFLOW,Cisco Systems,6100,Maintenance services,BA002
CJ-001075,2025-05-26,160173,USD,OUTFLOW,3M Company,6400,Utilities payment,BA002
CJ-001076,2025-05-26,42432,EUR,INFLOW,Deutsche Industrial AG,4020,Consulting revenue,BA004
CJ-001077,2025-05-26,68463,EUR,INFLOW,Stuttgart Engineering,4020,Product sales revenue,BA005
CJ-001078,2025-05-26,79797,EUR,OUTFLOW,BASF SE,5010,Equipment rental,BA005
CJ-001079,2025-05-26,64272,EUR,OUTFLOW,Deutsche Post,5010,Service provider payment,BA005
CJ-001080,2025-05-26,38310,EUR,OUTFLOW,Siemens AG,6300,Service provider payment,BA005
CJ-001081,2025-05-26,28269,EUR,OUTFLOW,Volkswagen AG,5010,Service provider payment,BA005
CJ-001082,2025-05-26,38383,EUR,OUTFLOW,Deutsche Telekom,5010,Service provider payment,BA005
CJ-001083,2025-05-26,79554,EUR,OUTFLOW,Bosch Group,6300,Service provider payment,BA005
CJ-001084,2025-05-26,13797,GBP,INFLOW,British Retail Group,4040,Customer payment received,BA007
CJ-001085,2025-05-26,32699,GBP,INFLOW,Highland Manufacturing,4040,Customer payment received,BA007
CJ-001086,2025-05-26,17327,GBP,INFLOW,Cardiff Construction Ltd,1220,Product sales revenue,BA006
CJ-001087,2025-05-26,16157,GBP,OUTFLOW,Vodafone Group,2020,Vendor payment,BA007
CJ-001088,2025-05-26,30850,GBP,OUTFLOW,Sainsbury's,6200,Vendor payment,BA006
CJ-001089,2025-05-26,13654,GBP,OUTFLOW,BAE Systems,2020,Utilities payment,BA006
CJ-001090,2025-05-27,144721,USD,INFLOW,Midwest Agribusiness,1200,License renewal payment,BA002
CJ-001091,2025-05-27,136682,USD,INFLOW,National Services LLC,1200,Product sales revenue,BA001
CJ-001092,2025-05-27,144551,USD,INFLOW,Sunbelt Energy Corp,1200,Customer payment received,BA002
CJ-001093,2025-05-27,165965,USD,INFLOW,Western Digital Corp,4010,Customer payment received,BA002
CJ-001094,2025-05-27,107349,USD,INFLOW,MegaCorp USA,4000,Consulting services payment,BA003
CJ-001095,2025-05-27,85385,USD,OUTFLOW,Salesforce Inc,6100,Maintenance services,BA002
CJ-001096,2025-05-27,92465,USD,OUTFLOW,Microsoft Corp,6000,Maintenance services,BA002
CJ-001097,2025-05-27,87333,USD,OUTFLOW,Microsoft Corp,6300,Professional services,BA003
CJ-001098,2025-05-27,56935,USD,OUTFLOW,Accenture PLC,6000,Service provider payment,BA001
CJ-001099,2025-05-27,59658,USD,OUTFLOW,General Electric,6300,Maintenance services,BA001
CJ-001100,2025-05-27,44157,EUR,INFLOW,Deutsche Industrial AG,1210,Service fee payment,BA004
CJ-001101,2025-05-27,78898,EUR,INFLOW,Rhine Logistics AG,4020,Service fee payment,BA004
CJ-001102,2025-05-27,93079,EUR,INFLOW,Milan Industries,4020,Consulting revenue,BA005
CJ-001103,2025-05-27,79124,EUR,INFLOW,EuroTech Solutions,4030,Customer payment received,BA004
CJ-001104,2025-05-27,80346,EUR,INFLOW,Vienna Tech GmbH,4030,Consulting revenue,BA004
CJ-001105,2025-05-27,48574,EUR,INFLOW,Deutsche Industrial AG,4020,Service fee payment,BA005
CJ-001106,2025-05-27,21290,EUR,OUTFLOW,Bayer AG,2010,Service provider payment,BA004
CJ-001107,2025-05-27,45190,EUR,OUTFLOW,Capgemini SE,2010,Material procurement,BA004
CJ-001108,2025-05-27,14552,GBP,INFLOW,Oxford Research Labs,4040,Product sales revenue,BA007
CJ-001109,2025-05-27,22721,GBP,INFLOW,Edinburgh Systems,4040,Service fee payment,BA006
CJ-001110,2025-05-27,18956,GBP,INFLOW,Highland Manufacturing,4040,Product sales revenue,BA007
CJ-001111,2025-05-27,23560,GBP,OUTFLOW,Vodafone Group,2020,Service provider payment,BA007
CJ-001112,2025-05-27,23545,GBP,OUTFLOW,Royal Mail,6200,Vendor payment,BA007
CJ-001113,2025-05-27,16425,GBP,OUTFLOW,British Gas,6200,Utilities payment,BA007
CJ-001114,2025-05-28,167543,USD,INFLOW,Global Pharma Corp,4000,Product sales revenue,BA002
CJ-001115,2025-05-28,139845,USD,INFLOW,Sunrise Technologies,1200,License renewal payment,BA001
CJ-001116,2025-05-28,131540,USD,INFLOW,Global Pharma Corp,4010,Customer payment received,BA001
CJ-001117,2025-05-28,178355,USD,INFLOW,MegaCorp USA,4000,Customer payment received,BA001
CJ-001118,2025-05-28,139158,USD,INFLOW,Western Digital Corp,4000,Product sales revenue,BA003
CJ-001119,2025-05-28,136279,USD,INFLOW,Global Pharma Corp,4000,Service fee payment,BA002
CJ-001120,2025-05-28,62352,USD,OUTFLOW,Cisco Systems,6000,Service provider payment,BA002
CJ-001121,2025-05-28,75760,USD,OUTFLOW,Staples Inc,6000,Material procurement,BA003
CJ-001122,2025-05-28,102572,USD,OUTFLOW,KPMG LLP,6400,Maintenance services,BA002
CJ-001123,2025-05-28,57902,USD,OUTFLOW,EY Global,6200,Maintenance services,BA003
CJ-001124,2025-05-28,79290,EUR,INFLOW,EuroTech Solutions,1210,Service fee payment,BA004
CJ-001125,2025-05-28,44933,EUR,INFLOW,Hamburg Port Services,4030,Product sales revenue,BA004
CJ-001126,2025-05-28,96776,EUR,INFLOW,Rhine Logistics AG,4030,Customer payment received,BA004
CJ-001127,2025-05-28,50745,EUR,INFLOW,Rhine Logistics AG,4030,Service fee payment,BA005
CJ-001128,2025-05-28,59800,EUR,INFLOW,FranceTech SA,4030,Service fee payment,BA005
CJ-001129,2025-05-28,34609,EUR,OUTFLOW,Bayer AG,6300,Vendor payment,BA004
CJ-001130,2025-05-28,32739,EUR,OUTFLOW,Lufthansa AG,6300,Equipment rental,BA005
CJ-001131,2025-05-28,20872,EUR,OUTFLOW,Schneider Electric,5010,Equipment rental,BA004
CJ-001132,2025-05-28,41444,GBP,INFLOW,Cambridge Biotech,1220,Service fee payment,BA006
CJ-001133,2025-05-28,42598,GBP,INFLOW,Oxford Research Labs,1220,Product sales revenue,BA007
CJ-001134,2025-05-28,15952,GBP,INFLOW,Edinburgh Systems,1220,Product sales revenue,BA006
CJ-001135,2025-05-28,18228,GBP,INFLOW,British Retail Group,4040,Customer payment received,BA006
CJ-001136,2025-05-28,23278,GBP,OUTFLOW,Rolls-Royce Holdings,2020,Service provider payment,BA007
CJ-001137,2025-05-28,20666,GBP,OUTFLOW,Shell Energy,6200,Utilities payment,BA007
CJ-001138,2025-05-28,13437,GBP,OUTFLOW,BAE Systems,2020,Vendor payment,BA006
CJ-001139,2025-05-29,112710,USD,INFLOW,American Logistics Inc,4010,License renewal payment,BA003
CJ-001140,2025-05-29,140254,USD,INFLOW,Sunrise Technologies,4010,Consulting services payment,BA002
CJ-001141,2025-05-29,106521,USD,INFLOW,Northeast Industries,4000,Customer payment received,BA001
CJ-001142,2025-05-29,104456,USD,INFLOW,Western Digital Corp,4010,Product sales revenue,BA003
CJ-001143,2025-05-29,88355,USD,INFLOW,National Services LLC,1200,Customer payment received,BA001
CJ-001144,2025-05-29,145196,USD,INFLOW,Coastal Shipping USA,4000,Product sales revenue,BA003
CJ-001145,2025-05-29,91055,USD,OUTFLOW,VMware Inc,6000,Professional services,BA001
CJ-001146,2025-05-29,173574,USD,OUTFLOW,Adobe Systems,6300,Service provider payment,BA001
CJ-001147,2025-05-29,96760,USD,OUTFLOW,AT&T Services,6000,Vendor payment,BA002
CJ-001148,2025-05-29,136406,USD,OUTFLOW,Workday Inc,5000,Service provider payment,BA002
CJ-001149,2025-05-29,161952,USD,OUTFLOW,Deloitte Consulting,6400,Professional services,BA002
CJ-001150,2025-05-29,100163,USD,OUTFLOW,AT&T Services,6000,Utilities payment,BA003
CJ-001151,2025-05-29,134089,USD,OUTFLOW,EY Global,6400,Material procurement,BA001
CJ-001152,2025-05-29,70753,EUR,INFLOW,Rhine Logistics AG,4020,Product sales revenue,BA004
CJ-001153,2025-05-29,63485,EUR,INFLOW,ACME Corp,4020,Consulting revenue,BA004
CJ-001154,2025-05-29,85309,EUR,OUTFLOW,Volkswagen AG,2010,Equipment rental,BA004
CJ-001155,2025-05-29,50023,EUR,OUTFLOW,Deutsche Telekom,6300,Service provider payment,BA004
CJ-001156,2025-05-29,41694,EUR,OUTFLOW,Bayer AG,5010,Material procurement,BA004
CJ-001157,2025-05-29,68811,EUR,OUTFLOW,Volkswagen AG,6300,Material procurement,BA005
CJ-001158,2025-05-29,43549,EUR,OUTFLOW,Airbus SE,2010,Vendor payment,BA005
CJ-001159,2025-05-29,74671,EUR,OUTFLOW,Capgemini SE,2010,Material procurement,BA005
CJ-001160,2025-05-29,29416,GBP,INFLOW,Cardiff Construction Ltd,1220,Customer payment received,BA007
CJ-001161,2025-05-29,42003,GBP,OUTFLOW,Tesco PLC,6200,Utilities payment,BA006
CJ-001162,2025-05-29,29606,GBP,OUTFLOW,BT Group,6200,Service provider payment,BA006
CJ-001163,2025-05-29,12069,GBP,OUTFLOW,Royal Mail,6200,Vendor payment,BA007
CJ-001164,2025-05-30,74280,USD,INFLOW,Western Digital Corp,4010,Customer payment received,BA003
CJ-001165,2025-05-30,100297,USD,INFLOW,Midwest Agribusiness,4000,Consulting services payment,BA002
CJ-001166,2025-05-30,74705,USD,INFLOW,Northeast Industries,4000,Service fee payment,BA002
CJ-001167,2025-05-30,82767,USD,OUTFLOW,Oracle Corp,6100,Utilities payment,BA002
CJ-001168,2025-05-30,77004,USD,OUTFLOW,Verizon Business,5000,Material procurement,BA003
CJ-001169,2025-05-30,129098,USD,OUTFLOW,3M Company,6300,Maintenance services,BA001
CJ-001170,2025-05-30,79314,USD,OUTFLOW,Verizon Business,2000,Service provider payment,BA001
CJ-001171,2025-05-30,31771,EUR,INFLOW,ACME Corp,4020,Product sales revenue,BA004
CJ-001172,2025-05-30,52787,EUR,INFLOW,Frankfurt Solutions,1210,Service fee payment,BA004
CJ-001173,2025-05-30,23755,EUR,INFLOW,Milan Industries,1210,Customer payment received,BA004
CJ-001174,2025-05-30,30086,EUR,OUTFLOW,Lufthansa AG,2010,Service provider payment,BA005
CJ-001175,2025-05-30,46682,EUR,OUTFLOW,Deutsche Post,5010,Equipment rental,BA005
CJ-001176,2025-05-30,61220,EUR,OUTFLOW,Lufthansa AG,6300,Service provider payment,BA005
CJ-001177,2025-05-30,50389,EUR,OUTFLOW,Schneider Electric,6300,Service provider payment,BA004
CJ-001178,2025-05-30,21587,GBP,INFLOW,Bristol Aerospace,1220,Customer payment received,BA006
CJ-001179,2025-05-30,14722,GBP,INFLOW,Manchester United Industries,4040,Service fee payment,BA006
CJ-001180,2025-05-30,30486,GBP,OUTFLOW,Sainsbury's,6200,Utilities payment,BA007
CJ-001181,2025-05-30,26531,GBP,OUTFLOW,British Gas,2020,Utilities payment,BA007
CJ-001182,2025-05-30,33837,GBP,OUTFLOW,Royal Mail,6200,Vendor payment,BA006
CJ-001183,2025-06-02,105212,USD,INFLOW,National Services LLC,4000,Consulting services payment,BA001
CJ-001184,2025-06-02,92605,USD,INFLOW,Sunbelt Energy Corp,4010,Customer payment received,BA002
CJ-001185,2025-06-02,142150,USD,INFLOW,Global Pharma Corp,4010,Service fee payment,BA001
CJ-001186,2025-06-02,147323,USD,INFLOW,Coastal Shipping USA,4000,Customer payment received,BA002
CJ-001187,2025-06-02,122261,USD,INFLOW,Coastal Shipping USA,4000,Service fee payment,BA002
CJ-001188,2025-06-02,105277,USD,INFLOW,Midwest Agribusiness,1200,License renewal payment,BA001
CJ-001189,2025-06-02,92657,USD,INFLOW,Global Pharma Corp,4000,Service fee payment,BA003
CJ-001190,2025-06-02,95188,USD,INFLOW,Sunbelt Energy Corp,1200,Product sales revenue,BA001
CJ-001191,2025-06-02,109585,USD,OUTFLOW,AT&T Services,6200,Utilities payment,BA001
CJ-001192,2025-06-02,145769,USD,OUTFLOW,KPMG LLP,6000,Professional services,BA001
CJ-001193,2025-06-02,105073,USD,OUTFLOW,Honeywell International,5000,Material procurement,BA003
CJ-001194,2025-06-02,156298,USD,OUTFLOW,Cisco Systems,5000,Professional services,BA001
CJ-001195,2025-06-02,104424,USD,OUTFLOW,KPMG LLP,6300,Utilities payment,BA003
CJ-001196,2025-06-02,160641,USD,OUTFLOW,Caterpillar Inc,2000,Utilities payment,BA001
CJ-001197,2025-06-02,138206,USD,OUTFLOW,Office Depot,6200,Professional services,BA002
CJ-001198,2025-06-02,63804,EUR,INFLOW,Rhine Logistics AG,4020,Customer payment received,BA004
CJ-001199,2025-06-02,57903,EUR,INFLOW,Milan Industries,4030,Service fee payment,BA005
CJ-001200,2025-06-02,45893,EUR,INFLOW,FranceTech SA,1210,Consulting revenue,BA005
CJ-001201,2025-06-02,68205,EUR,INFLOW,Deutsche Industrial AG,4030,Customer payment received,BA004
CJ-001202,2025-06-02,37088,EUR,OUTFLOW,Deutsche Telekom,6300,Material procurement,BA004
CJ-001203,2025-06-02,42908,EUR,OUTFLOW,RWE Energy,6300,Material procurement,BA005
CJ-001204,2025-06-02,44866,EUR,OUTFLOW,ThyssenKrupp AG,6300,Service provider payment,BA004
CJ-001205,2025-06-02,76174,EUR,OUTFLOW,ThyssenKrupp AG,5010,Material procurement,BA004
CJ-001206,2025-06-02,68957,EUR,OUTFLOW,Airbus SE,5010,Vendor payment,BA005
CJ-001207,2025-06-02,66310,EUR,OUTFLOW,BASF SE,2010,Service provider payment,BA004
CJ-001208,2025-06-02,33918,GBP,INFLOW,Westminster Holdings,4040,Product sales revenue,BA006
CJ-001209,2025-06-02,18555,GBP,INFLOW,British Retail Group,1220,Customer payment received,BA007
CJ-001210,2025-06-02,24482,GBP,INFLOW,Westminster Holdings,4040,Product sales revenue,BA006
CJ-001211,2025-06-02,14986,GBP,OUTFLOW,Shell Energy,2020,Utilities payment,BA006
CJ-001212,2025-06-02,32100,GBP,OUTFLOW,Sainsbury's,2020,Utilities payment,BA006
CJ-001213,2025-06-02,17091,GBP,OUTFLOW,BAE Systems,2020,Service provider payment,BA007
CJ-001214,2025-06-02,23257,GBP,OUTFLOW,British Gas,2020,Utilities payment,BA007
CJ-001215,2025-06-03,159890,USD,INFLOW,Western Digital Corp,4010,Consulting services payment,BA003
CJ-001216,2025-06-03,247345,USD,INFLOW,Midwest Manufacturing,4010,Service fee payment,BA002
CJ-001217,2025-06-03,188041,USD,INFLOW,Coastal Shipping USA,4000,Product sales revenue,BA001
CJ-001218,2025-06-03,179885,USD,INFLOW,Midwest Manufacturing,4010,Customer payment received,BA003
CJ-001219,2025-06-03,222602,USD,INFLOW,National Services LLC,1200,Service fee payment,BA003
CJ-001220,2025-06-03,162364,USD,INFLOW,Northeast Industries,1200,License renewal payment,BA001
CJ-001221,2025-06-03,169336,USD,INFLOW,American Logistics Inc,4000,Consulting services payment,BA001
CJ-001222,2025-06-03,182160,USD,INFLOW,National Services LLC,1200,Consulting services payment,BA001
CJ-001223,2025-06-03,106092,USD,OUTFLOW,Cisco Systems,6300,Service provider payment,BA001
CJ-001224,2025-06-03,93411,USD,OUTFLOW,Adobe Systems,6400,Maintenance services,BA002
CJ-001225,2025-06-03,94316,USD,OUTFLOW,IBM Corp,6100,Maintenance services,BA001
CJ-001226,2025-06-03,130026,EUR,INFLOW,Deutsche Industrial AG,4030,Customer payment received,BA004
CJ-001227,2025-06-03,87192,EUR,INFLOW,AutoMotive Industries GmbH,1210,Service fee payment,BA005
CJ-001228,2025-06-03,96493,EUR,INFLOW,Rhine Logistics AG,1210,Product sales revenue,BA004
CJ-001229,2025-06-03,91017,EUR,INFLOW,Rhine Logistics AG,4020,Customer payment received,BA004
CJ-001230,2025-06-03,83793,EUR,INFLOW,Hamburg Port Services,4020,Service fee payment,BA005
CJ-001231,2025-06-03,61430,EUR,INFLOW,FranceTech SA,4030,Service fee payment,BA005
CJ-001232,2025-06-03,36646,EUR,OUTFLOW,Bosch Group,5010,Equipment rental,BA005
CJ-001233,2025-06-03,40756,EUR,OUTFLOW,Airbus SE,2010,Service provider payment,BA005
CJ-001234,2025-06-03,41801,GBP,INFLOW,Cambridge Biotech,1220,Product sales revenue,BA006
CJ-001235,2025-06-03,32180,GBP,INFLOW,Edinburgh Systems,1220,Service fee payment,BA007
CJ-001236,2025-06-03,38013,GBP,INFLOW,Manchester United Industries,1220,Service fee payment,BA006
CJ-001237,2025-06-03,47886,GBP,INFLOW,Oxford Research Labs,1220,Product sales revenue,BA006
CJ-001238,2025-06-03,63443,GBP,INFLOW,Metropolitan Transit,1220,Product sales revenue,BA006
CJ-001239,2025-06-03,23508,GBP,OUTFLOW,Unilever PLC,2020,Service provider payment,BA006
CJ-001240,2025-06-03,9054,GBP,OUTFLOW,BP Energy,6200,Vendor payment,BA007
CJ-001241,2025-06-03,25082,GBP,OUTFLOW,BAE Systems,6200,Utilities payment,BA007
CJ-001242,2025-06-04,178798,USD,INFLOW,TransAtlantic Shipping,4000,Service fee payment,BA002
CJ-001243,2025-06-04,182583,USD,INFLOW,National Services LLC,4010,Customer payment received,BA002
CJ-001244,2025-06-04,105870,USD,INFLOW,MegaCorp USA,4010,Product sales revenue,BA003
CJ-001245,2025-06-04,148719,USD,INFLOW,Southern Manufacturing,4000,Service fee payment,BA003
CJ-001246,2025-06-04,174657,USD,INFLOW,Western Digital Corp,4010,Consulting services payment,BA001
CJ-001247,2025-06-04,54134,USD,OUTFLOW,Verizon Business,6200,Professional services,BA001
CJ-001248,2025-06-04,68690,USD,OUTFLOW,Salesforce Inc,6000,Maintenance services,BA001
CJ-001249,2025-06-04,89382,USD,OUTFLOW,Cisco Systems,6000,Professional services,BA003
CJ-001250,2025-06-04,89163,EUR,INFLOW,Frankfurt Solutions,4020,Consulting revenue,BA004
CJ-001251,2025-06-04,66879,EUR,INFLOW,AutoMotive Industries GmbH,4030,Consulting revenue,BA005
CJ-001252,2025-06-04,53993,EUR,INFLOW,FranceTech SA,4020,Customer payment received,BA005
CJ-001253,2025-06-04,19229,EUR,OUTFLOW,Deutsche Telekom,2010,Vendor payment,BA004
CJ-001254,2025-06-04,51641,EUR,OUTFLOW,Deutsche Post,5010,Equipment rental,BA005
CJ-001255,2025-06-04,25962,EUR,OUTFLOW,Volkswagen AG,6300,Service provider payment,BA004
CJ-001256,2025-06-04,38453,EUR,OUTFLOW,Lufthansa AG,5010,Service provider payment,BA004
CJ-001257,2025-06-04,26071,GBP,INFLOW,London Financial Services,1220,Product sales revenue,BA006
CJ-001258,2025-06-04,16519,GBP,INFLOW,London Financial Services,1220,Product sales revenue,BA007
CJ-001259,2025-06-04,7360,GBP,OUTFLOW,BAE Systems,2020,Service provider payment,BA006
CJ-001260,2025-06-04,9057,GBP,OUTFLOW,Shell Energy,6200,Utilities payment,BA006
CJ-001261,2025-06-05,81239,USD,INFLOW,National Services LLC,4010,Consulting services payment,BA003
CJ-001262,2025-06-05,142500,USD,INFLOW,MegaCorp USA,4000,Customer payment received,BA003
CJ-001263,2025-06-05,101017,USD,INFLOW,National Services LLC,4000,Service fee payment,BA001
CJ-001264,2025-06-05,144185,USD,INFLOW,Northeast Industries,4010,Customer payment received,BA001
CJ-001265,2025-06-05,68697,USD,OUTFLOW,EY Global,6100,Vendor payment,BA003
CJ-001266,2025-06-05,79043,USD,OUTFLOW,Cisco Systems,6400,Material procurement,BA003
CJ-001267,2025-06-05,96104,USD,OUTFLOW,Salesforce Inc,6000,Service provider payment,BA001
CJ-001268,2025-06-05,94841,USD,OUTFLOW,Workday Inc,2000,Maintenance services,BA002
CJ-001269,2025-06-05,71759,USD,OUTFLOW,Deloitte Consulting,6300,Maintenance services,BA003
CJ-001270,2025-06-05,32592,EUR,INFLOW,AutoMotive Industries GmbH,4020,Product sales revenue,BA004
CJ-001271,2025-06-05,63850,EUR,INFLOW,Hamburg Port Services,4030,Product sales revenue,BA005
CJ-001272,2025-06-05,45353,EUR,INFLOW,Berlin Analytics GmbH,4030,Product sales revenue,BA005
CJ-001273,2025-06-05,50267,EUR,INFLOW,Frankfurt Solutions,1210,Consulting revenue,BA005
CJ-001274,2025-06-05,55135,EUR,OUTFLOW,Allianz SE,6300,Material procurement,BA005
CJ-001275,2025-06-05,56247,EUR,OUTFLOW,Lufthansa AG,6300,Vendor payment,BA005
CJ-001276,2025-06-05,18768,GBP,INFLOW,Metropolitan Transit,4040,Product sales revenue,BA007
CJ-001277,2025-06-05,15604,GBP,OUTFLOW,BAE Systems,2020,Vendor payment,BA006
CJ-001278,2025-06-05,31849,GBP,OUTFLOW,Shell Energy,2020,Service provider payment,BA006
CJ-001279,2025-06-05,10226,GBP,OUTFLOW,Sainsbury's,6200,Utilities payment,BA006
CJ-001280,2025-06-06,63498,USD,INFLOW,Global Pharma Corp,4000,Service fee payment,BA002
CJ-001281,2025-06-06,95931,USD,INFLOW,Coastal Shipping USA,4000,Consulting services payment,BA003
CJ-001282,2025-06-06,111818,USD,INFLOW,Atlantic Corp,4010,Consulting services payment,BA002
CJ-001283,2025-06-06,86026,USD,INFLOW,Western Digital Corp,4010,License renewal payment,BA002
CJ-001284,2025-06-06,86886,USD,INFLOW,Northeast Industries,4010,Product sales revenue,BA002
CJ-001285,2025-06-06,86477,USD,OUTFLOW,AT&T Services,6200,Vendor payment,BA002
CJ-001286,2025-06-06,56501,USD,OUTFLOW,EY Global,6200,Utilities payment,BA001
CJ-001287,2025-06-06,82934,USD,OUTFLOW,AT&T Services,6100,Maintenance services,BA003
CJ-001288,2025-06-06,59296,EUR,INFLOW,Rhine Logistics AG,4030,Consulting revenue,BA004
CJ-001289,2025-06-06,55871,EUR,INFLOW,Munich Automotive,4020,Customer payment received,BA004
CJ-001290,2025-06-06,36383,EUR,INFLOW,Milan Industries,1210,Product sales revenue,BA004
CJ-001291,2025-06-06,41817,EUR,OUTFLOW,Siemens AG,5010,Equipment rental,BA004
CJ-001292,2025-06-06,33775,EUR,OUTFLOW,BASF SE,5010,Equipment rental,BA005
CJ-001293,2025-06-06,22410,GBP,INFLOW,British Retail Group,1220,Product sales revenue,BA006
CJ-001294,2025-06-06,20615,GBP,OUTFLOW,BP Energy,6200,Vendor payment,BA007
CJ-001295,2025-06-09,105719,USD,INFLOW,American Logistics Inc,1200,Product sales revenue,BA001
CJ-001296,2025-06-09,105447,USD,INFLOW,American Logistics Inc,4000,Product sales revenue,BA001
CJ-001297,2025-06-09,81579,USD,INFLOW,Sunrise Technologies,1200,Customer payment received,BA002
CJ-001298,2025-06-09,146977,USD,OUTFLOW,EY Global,2000,Vendor payment,BA001
CJ-001299,2025-06-09,88601,USD,OUTFLOW,Oracle Corp,6400,Service provider payment,BA003
CJ-001300,2025-06-09,158917,USD,OUTFLOW,Honeywell International,6300,Professional services,BA003
CJ-001301,2025-06-09,98810,USD,OUTFLOW,Verizon Business,5000,Utilities payment,BA002
CJ-001302,2025-06-09,115507,USD,OUTFLOW,EY Global,2000,Service provider payment,BA003
CJ-001303,2025-06-09,144477,USD,OUTFLOW,Salesforce Inc,6400,Vendor payment,BA001
CJ-001304,2025-06-09,56251,EUR,INFLOW,Milan Industries,1210,Product sales revenue,BA005
CJ-001305,2025-06-09,39974,EUR,INFLOW,Vienna Tech GmbH,1210,Customer payment received,BA005
CJ-001306,2025-06-09,48457,EUR,INFLOW,Deutsche Industrial AG,4030,Consulting revenue,BA004
CJ-001307,2025-06-09,36077,EUR,OUTFLOW,ThyssenKrupp AG,6300,Service provider payment,BA004
CJ-001308,2025-06-09,51651,EUR,OUTFLOW,Siemens AG,2010,Vendor payment,BA004
CJ-001309,2025-06-09,67557,EUR,OUTFLOW,Bayer AG,5010,Service provider payment,BA005
CJ-001310,2025-06-09,58767,EUR,OUTFLOW,BASF SE,6300,Equipment rental,BA004
CJ-001311,2025-06-09,77954,EUR,OUTFLOW,Allianz SE,5010,Material procurement,BA005
CJ-001312,2025-06-09,47464,EUR,OUTFLOW,Schneider Electric,5010,Vendor payment,BA005
CJ-001313,2025-06-09,27175,GBP,INFLOW,London Financial Services,4040,Product sales revenue,BA006
CJ-001314,2025-06-09,12603,GBP,INFLOW,Manchester United Industries,1220,Customer payment received,BA007
CJ-001315,2025-06-09,19553,GBP,INFLOW,Edinburgh Systems,1220,Service fee payment,BA006
CJ-001316,2025-06-09,21418,GBP,OUTFLOW,BT Group,2020,Utilities payment,BA007
CJ-001317,2025-06-09,13788,GBP,OUTFLOW,Unilever PLC,2020,Service provider payment,BA006
CJ-001318,2025-06-09,22111,GBP,OUTFLOW,Unilever PLC,2020,Service provider payment,BA006
CJ-001319,2025-06-09,19972,GBP,OUTFLOW,BT Group,6200,Vendor payment,BA007
CJ-001320,2025-06-09,18285,GBP,OUTFLOW,Shell Energy,6200,Service provider payment,BA007
CJ-001321,2025-06-10,106615,USD,INFLOW,Western Digital Corp,4000,Service fee payment,BA001
CJ-001322,2025-06-10,132018,USD,INFLOW,Coastal Shipping USA,1200,Product sales revenue,BA002
CJ-001323,2025-06-10,160972,USD,INFLOW,Central Systems Inc,4000,License renewal payment,BA002
CJ-001324,2025-06-10,156146,USD,INFLOW,Continental Systems,1200,License renewal payment,BA001
CJ-001325,2025-06-10,126911,USD,INFLOW,Global Pharma Corp,4000,License renewal payment,BA003
CJ-001326,2025-06-10,165282,USD,INFLOW,TransAtlantic Shipping,4000,Service fee payment,BA002
CJ-001327,2025-06-10,59795,USD,OUTFLOW,Office Depot,6300,Service provider payment,BA001
CJ-001328,2025-06-10,62468,USD,OUTFLOW,Deloitte Consulting,5000,Material procurement,BA001
CJ-001329,2025-06-10,60918,USD,OUTFLOW,Staples Inc,5000,Utilities payment,BA003
CJ-001330,2025-06-10,108606,USD,OUTFLOW,Workday Inc,2000,Utilities payment,BA002
CJ-001331,2025-06-10,90347,USD,OUTFLOW,EY Global,6200,Vendor payment,BA003
CJ-001332,2025-06-10,98157,USD,OUTFLOW,Oracle Corp,6300,Service provider payment,BA002
CJ-001333,2025-06-10,46821,EUR,INFLOW,Nordic Energy AS,4020,Service fee payment,BA004
CJ-001334,2025-06-10,73657,EUR,INFLOW,ACME Corp,1210,Project milestone payment - delayed,BA005
CJ-001335,2025-06-10,94431,EUR,INFLOW,Stuttgart Engineering,1210,Consulting revenue,BA004
CJ-001336,2025-06-10,92688,EUR,INFLOW,Deutsche Industrial AG,4030,Consulting revenue,BA005
CJ-001337,2025-06-10,36558,EUR,OUTFLOW,Airbus SE,6300,Material procurement,BA005
CJ-001338,2025-06-10,35655,EUR,OUTFLOW,Allianz SE,6300,Material procurement,BA005
CJ-001339,2025-06-10,36374,EUR,OUTFLOW,ThyssenKrupp AG,2010,Vendor payment,BA005
CJ-001340,2025-06-10,41772,GBP,INFLOW,Bristol Aerospace,4040,Customer payment received,BA007
CJ-001341,2025-06-10,41763,GBP,INFLOW,Edinburgh Systems,4040,Product sales revenue,BA007
CJ-001342,2025-06-10,45975,GBP,INFLOW,Edinburgh Systems,1220,Product sales revenue,BA006
CJ-001343,2025-06-10,12728,GBP,INFLOW,Oxford Research Labs,4040,Product sales revenue,BA006
CJ-001344,2025-06-10,24568,GBP,OUTFLOW,Tesco PLC,6200,Utilities payment,BA007
CJ-001345,2025-06-10,14134,GBP,OUTFLOW,British Gas,6200,Utilities payment,BA006
CJ-001346,2025-06-11,151832,USD,INFLOW,Northeast Industries,1200,Product sales revenue,BA001
CJ-001347,2025-06-11,130911,USD,INFLOW,Northeast Industries,4000,Service fee payment,BA002
CJ-001348,2025-06-11,160567,USD,INFLOW,American Logistics Inc,4010,Consulting services payment,BA002
CJ-001349,2025-06-11,158315,USD,INFLOW,Coastal Shipping USA,1200,Product sales revenue,BA002
CJ-001350,2025-06-11,101910,USD,INFLOW,Pacific Trading Corp,4000,Customer payment received,BA002
CJ-001351,2025-06-11,177602,USD,INFLOW,TransAtlantic Shipping,4010,Customer payment received,BA002
CJ-001352,2025-06-11,107841,USD,INFLOW,Western Digital Corp,4000,Service fee payment,BA002
CJ-001353,2025-06-11,64559,USD,OUTFLOW,3M Company,5000,Utilities payment,BA001
CJ-001354,2025-06-11,56975,USD,OUTFLOW,EY Global,2000,Vendor payment,BA002
CJ-001355,2025-06-11,95371,USD,OUTFLOW,Microsoft Corp,5000,Vendor payment,BA003
CJ-001356,2025-06-11,45022,EUR,INFLOW,Vienna Tech GmbH,4030,Product sales revenue,BA004
CJ-001357,2025-06-11,76740,EUR,INFLOW,Vienna Tech GmbH,1210,Product sales revenue,BA004
CJ-001358,2025-06-11,95783,EUR,INFLOW,Frankfurt Solutions,4030,Product sales revenue,BA005
CJ-001359,2025-06-11,37600,EUR,OUTFLOW,Airbus SE,5010,Material procurement,BA005
CJ-001360,2025-06-11,41957,EUR,OUTFLOW,Deutsche Post,5010,Vendor payment,BA004
CJ-001361,2025-06-11,27029,EUR,OUTFLOW,RWE Energy,2010,Equipment rental,BA004
CJ-001362,2025-06-11,24086,EUR,OUTFLOW,Schneider Electric,2010,Material procurement,BA004
CJ-001363,2025-06-11,14622,GBP,INFLOW,Cardiff Construction Ltd,4040,Customer payment received,BA007
CJ-001364,2025-06-11,38642,GBP,INFLOW,Highland Manufacturing,1220,Service fee payment,BA007
CJ-001365,2025-06-11,15155,GBP,INFLOW,Oxford Research Labs,4040,Customer payment received,BA006
CJ-001366,2025-06-11,9370,GBP,OUTFLOW,AstraZeneca PLC,2020,Utilities payment,BA006
CJ-001367,2025-06-11,14293,GBP,OUTFLOW,Rolls-Royce Holdings,6200,Vendor payment,BA006
CJ-001368,2025-06-11,8409,GBP,OUTFLOW,BP Energy,6200,Vendor payment,BA006
CJ-001369,2025-06-12,124995,USD,INFLOW,TechGlobal Solutions,1200,Product sales revenue,BA003
CJ-001370,2025-06-12,97645,USD,INFLOW,Southern Manufacturing,1200,Consulting services payment,BA002
CJ-001371,2025-06-12,118609,USD,INFLOW,Northeast Industries,4000,Customer payment received,BA001
CJ-001372,2025-06-12,104500,USD,INFLOW,Continental Systems,1200,Product sales revenue,BA003
CJ-001373,2025-06-12,88133,USD,OUTFLOW,Accenture PLC,6400,Professional services,BA002
CJ-001374,2025-06-12,70049,USD,OUTFLOW,Verizon Business,6300,Service provider payment,BA001
CJ-001375,2025-06-12,101596,USD,OUTFLOW,Accenture PLC,6100,Vendor payment,BA001
CJ-001376,2025-06-12,89947,USD,OUTFLOW,Adobe Systems,6000,Professional services,BA002
CJ-001377,2025-06-12,52063,EUR,INFLOW,AutoMotive Industries GmbH,4020,Service fee payment,BA005
CJ-001378,2025-06-12,73455,EUR,INFLOW,Munich Automotive,4020,Consulting revenue,BA005
CJ-001379,2025-06-12,42220,EUR,OUTFLOW,BASF SE,6300,Service provider payment,BA004
CJ-001380,2025-06-12,29928,EUR,OUTFLOW,Lufthansa AG,2010,Service provider payment,BA004
CJ-001381,2025-06-12,53431,EUR,OUTFLOW,Bayer AG,6300,Service provider payment,BA004
CJ-001382,2025-06-12,49844,EUR,OUTFLOW,RWE Energy,5010,Equipment rental,BA004
CJ-001383,2025-06-12,16553,GBP,INFLOW,Scottish Energy Solutions,4040,Service fee payment,BA007
CJ-001384,2025-06-12,11453,GBP,INFLOW,Edinburgh Systems,4040,Customer payment received,BA006
CJ-001385,2025-06-12,30780,GBP,INFLOW,London Financial Services,1220,Customer payment received,BA007
CJ-001386,2025-06-12,23062,GBP,OUTFLOW,BAE Systems,6200,Service provider payment,BA006
CJ-001387,2025-06-13,63684,USD,INFLOW,Atlantic Corp,1200,License renewal payment,BA001
CJ-001388,2025-06-13,111433,USD,INFLOW,Southern Manufacturing,4000,Product sales revenue,BA001
CJ-001389,2025-06-13,61779,USD,INFLOW,Northeast Industries,4000,Consulting services payment,BA003
CJ-001390,2025-06-13,85147,USD,OUTFLOW,Salesforce Inc,5000,Maintenance services,BA001
CJ-001391,2025-06-13,54069,USD,OUTFLOW,IBM Corp,6300,Professional services,BA003
CJ-001392,2025-06-13,34906,EUR,INFLOW,Nordic Energy AS,4030,Service fee payment,BA004
CJ-001393,2025-06-13,17444,EUR,OUTFLOW,Lufthansa AG,6300,Equipment rental,BA005
CJ-001394,2025-06-13,41842,EUR,OUTFLOW,Bosch Group,6300,Material procurement,BA004
CJ-001395,2025-06-13,38361,EUR,OUTFLOW,Bosch Group,2010,Material procurement,BA005
CJ-001396,2025-06-13,26081,GBP,INFLOW,British Retail Group,4040,Customer payment received,BA006
CJ-001397,2025-06-13,17163,GBP,INFLOW,Highland Manufacturing,1220,Service fee payment,BA007
CJ-001398,2025-06-13,13408,GBP,OUTFLOW,BT Group,2020,Service provider payment,BA007
CJ-001399,2025-06-16,69047,USD,INFLOW,Pacific Trading Corp,4000,License renewal payment,BA003
CJ-001400,2025-06-16,69223,USD,INFLOW,TransAtlantic Shipping,1200,Product sales revenue,BA001
CJ-001401,2025-06-16,111685,USD,INFLOW,TechGlobal Solutions,1200,Service fee payment,BA002
CJ-001402,2025-06-16,112308,USD,INFLOW,Pacific Trading Corp,4000,License renewal payment,BA002
CJ-001403,2025-06-16,90485,USD,OUTFLOW,Waste Management Inc,2000,Service provider payment,BA001
CJ-001404,2025-06-16,155238,USD,OUTFLOW,3M Company,6100,Maintenance services,BA002
CJ-001405,2025-06-16,159990,USD,OUTFLOW,EY Global,6200,Vendor payment,BA002
CJ-001406,2025-06-16,117607,USD,OUTFLOW,Staples Inc,5000,Service provider payment,BA003
CJ-001407,2025-06-16,90742,USD,OUTFLOW,Adobe Systems,6000,Material procurement,BA002
CJ-001408,2025-06-16,93150,USD,OUTFLOW,Adobe Systems,6000,Vendor payment,BA003
CJ-001409,2025-06-16,31537,EUR,INFLOW,AutoMotive Industries GmbH,4030,Customer payment received,BA005
CJ-001410,2025-06-16,35684,EUR,INFLOW,Munich Automotive,4030,Service fee payment,BA004
CJ-001411,2025-06-16,44100,EUR,INFLOW,FranceTech SA,4020,Customer payment received,BA004
CJ-001412,2025-06-16,38731,EUR,OUTFLOW,Airbus SE,5010,Service provider payment,BA004
CJ-001413,2025-06-16,52764,EUR,OUTFLOW,Allianz SE,5010,Material procurement,BA005
CJ-001414,2025-06-16,37581,EUR,OUTFLOW,Allianz SE,5010,Equipment rental,BA005
CJ-001415,2025-06-16,29515,EUR,OUTFLOW,ThyssenKrupp AG,6300,Vendor payment,BA005
CJ-001416,2025-06-16,66603,EUR,OUTFLOW,Bayer AG,6300,Service provider payment,BA004
CJ-001417,2025-06-16,71751,EUR,OUTFLOW,BASF SE,6300,Material procurement,BA004
CJ-001418,2025-06-16,15782,GBP,INFLOW,Scottish Energy Solutions,4040,Customer payment received,BA007
CJ-001419,2025-06-16,40051,GBP,OUTFLOW,Royal Mail,6200,Service provider payment,BA007
CJ-001420,2025-06-16,39285,GBP,OUTFLOW,AstraZeneca PLC,6200,Service provider payment,BA006
CJ-001421,2025-06-16,19531,GBP,OUTFLOW,British Gas,6200,Service provider payment,BA007
CJ-001422,2025-06-17,174738,USD,INFLOW,National Services LLC,4010,Customer payment received,BA001
CJ-001423,2025-06-17,180892,USD,INFLOW,National Services LLC,4010,Product sales revenue,BA001
CJ-001424,2025-06-17,139592,USD,INFLOW,Atlantic Corp,4000,License renewal payment,BA001
CJ-001425,2025-06-17,181377,USD,INFLOW,MegaCorp USA,4010,Customer payment received,BA001
CJ-001426,2025-06-17,183426,USD,INFLOW,Southern Manufacturing,1200,License renewal payment,BA002
CJ-001427,2025-06-17,81003,USD,OUTFLOW,Oracle Corp,5000,Vendor payment,BA002
CJ-001428,2025-06-17,93085,USD,OUTFLOW,Accenture PLC,5000,Service provider payment,BA001
CJ-001429,2025-06-17,68735,USD,OUTFLOW,Microsoft Corp,5000,Professional services,BA002
CJ-001430,2025-06-17,63343,USD,OUTFLOW,EY Global,5000,Utilities payment,BA001
CJ-001431,2025-06-17,81275,USD,OUTFLOW,AT&T Services,6100,Vendor payment,BA001
CJ-001432,2025-06-17,51938,EUR,INFLOW,Rhine Logistics AG,4030,Service fee payment,BA005
CJ-001433,2025-06-17,97766,EUR,INFLOW,Stuttgart Engineering,4030,Customer payment received,BA004
CJ-001434,2025-06-17,92612,EUR,INFLOW,Vienna Tech GmbH,1210,Service fee payment,BA004
CJ-001435,2025-06-17,93607,EUR,INFLOW,Deutsche Industrial AG,1210,Consulting revenue,BA005
CJ-001436,2025-06-17,54168,EUR,OUTFLOW,Volkswagen AG,2010,Vendor payment,BA005
CJ-001437,2025-06-17,40186,EUR,OUTFLOW,Volkswagen AG,6300,Service provider payment,BA005
CJ-001438,2025-06-17,18153,GBP,INFLOW,British Retail Group,1220,Customer payment received,BA006
CJ-001439,2025-06-17,15493,GBP,INFLOW,British Retail Group,4040,Service fee payment,BA007
CJ-001440,2025-06-17,38129,GBP,INFLOW,Westminster Holdings,4040,Product sales revenue,BA006
CJ-001441,2025-06-17,25268,GBP,OUTFLOW,Unilever PLC,2020,Vendor payment,BA007
CJ-001442,2025-06-17,13249,GBP,OUTFLOW,BT Group,2020,Vendor payment,BA006
CJ-001443,2025-06-18,171431,USD,INFLOW,American Logistics Inc,1200,Product sales revenue,BA003
CJ-001444,2025-06-18,178629,USD,INFLOW,Sunrise Technologies,4000,Product sales revenue,BA003
CJ-001445,2025-06-18,112103,USD,INFLOW,Sunbelt Energy Corp,4000,Customer payment received,BA001
CJ-001446,2025-06-18,129822,USD,INFLOW,Western Digital Corp,4010,Service fee payment,BA002
CJ-001447,2025-06-18,84361,USD,OUTFLOW,VMware Inc,6100,Professional services,BA003
CJ-001448,2025-06-18,97253,USD,OUTFLOW,Verizon Business,6200,Professional services,BA001
CJ-001449,2025-06-18,92983,USD,OUTFLOW,Microsoft Corp,6400,Professional services,BA003
CJ-001450,2025-06-18,55536,USD,OUTFLOW,Caterpillar Inc,6100,Professional services,BA003
CJ-001451,2025-06-18,86421,EUR,INFLOW,Frankfurt Solutions,4030,Product sales revenue,BA004
CJ-001452,2025-06-18,92744,EUR,INFLOW,Rhine Logistics AG,1210,Consulting revenue,BA004
CJ-001453,2025-06-18,60087,EUR,INFLOW,Munich Automotive,4030,Product sales revenue,BA004
CJ-001454,2025-06-18,40330,EUR,OUTFLOW,Schneider Electric,5010,Vendor payment,BA005
CJ-001455,2025-06-18,47653,EUR,OUTFLOW,Deutsche Post,2010,Vendor payment,BA005
CJ-001456,2025-06-18,51060,EUR,OUTFLOW,Allianz SE,5010,Equipment rental,BA004
CJ-001457,2025-06-18,25096,GBP,INFLOW,Cambridge Biotech,1220,Product sales revenue,BA006
CJ-001458,2025-06-18,18160,GBP,INFLOW,Metropolitan Transit,4040,Service fee payment,BA007
CJ-001459,2025-06-18,38999,GBP,INFLOW,Metropolitan Transit,1220,Product sales revenue,BA007
CJ-001460,2025-06-18,11418,GBP,OUTFLOW,BP Energy,2020,Service provider payment,BA006
CJ-001461,2025-06-18,21867,GBP,OUTFLOW,Rolls-Royce Holdings,6200,Service provider payment,BA007
CJ-001462,2025-06-18,7921,GBP,OUTFLOW,BAE Systems,6200,Vendor payment,BA006
CJ-001463,2025-06-19,87344,USD,INFLOW,Sunrise Technologies,4000,Customer payment received,BA001
CJ-001464,2025-06-19,134681,USD,INFLOW,Coastal Shipping USA,4010,Consulting services payment,BA001
CJ-001465,2025-06-19,134136,USD,INFLOW,Northeast Industries,4000,Product sales revenue,BA003
CJ-001466,2025-06-19,84792,USD,INFLOW,Southern Manufacturing,4010,Customer payment received,BA002
CJ-001467,2025-06-19,151520,USD,INFLOW,Atlantic Corp,4000,License renewal payment,BA001
CJ-001468,2025-06-19,86553,USD,OUTFLOW,Workday Inc,6100,Professional services,BA002
CJ-001469,2025-06-19,89307,USD,OUTFLOW,IBM Corp,6400,Maintenance services,BA002
CJ-001470,2025-06-19,100466,USD,OUTFLOW,Accenture PLC,6100,Vendor payment,BA003
CJ-001471,2025-06-19,70408,USD,OUTFLOW,Honeywell International,6300,Professional services,BA003
CJ-001472,2025-06-19,50845,EUR,INFLOW,Nordic Energy AS,4030,Service fee payment,BA004
CJ-001473,2025-06-19,65134,EUR,INFLOW,Nordic Energy AS,1210,Customer payment received,BA004
CJ-001474,2025-06-19,40687,EUR,OUTFLOW,RWE Energy,2010,Service provider payment,BA005
CJ-001475,2025-06-19,31154,EUR,OUTFLOW,Capgemini SE,2010,Material procurement,BA004
CJ-001476,2025-06-19,26118,GBP,INFLOW,London Financial Services,1220,Service fee payment,BA007
CJ-001477,2025-06-19,35808,GBP,INFLOW,Oxford Research Labs,4040,Customer payment received,BA007
CJ-001478,2025-06-19,14546,GBP,OUTFLOW,Unilever PLC,6200,Vendor payment,BA007
CJ-001479,2025-06-19,23100,GBP,OUTFLOW,Sainsbury's,2020,Utilities payment,BA006
CJ-001480,2025-06-20,91462,USD,INFLOW,American Logistics Inc,4000,Consulting services payment,BA001
CJ-001481,2025-06-20,78274,USD,INFLOW,Northeast Industries,1200,Service fee payment,BA003
CJ-001482,2025-06-20,64942,USD,OUTFLOW,Salesforce Inc,6300,Material procurement,BA002
CJ-001483,2025-06-20,96927,USD,OUTFLOW,AT&T Services,6400,Maintenance services,BA002
CJ-001484,2025-06-20,48914,USD,OUTFLOW,Cisco Systems,6300,Utilities payment,BA002
CJ-001485,2025-06-20,82193,USD,OUTFLOW,IBM Corp,6000,Service provider payment,BA003
CJ-001486,2025-06-20,42285,EUR,INFLOW,ACME Corp,4030,Consulting revenue,BA004
CJ-001487,2025-06-20,27197,EUR,INFLOW,AutoMotive Industries GmbH,1210,Consulting revenue,BA004
CJ-001488,2025-06-20,27041,EUR,INFLOW,ACME Corp,1210,Project milestone payment - delayed,BA005
CJ-001489,2025-06-20,21489,EUR,OUTFLOW,Allianz SE,6300,Equipment rental,BA005
CJ-001490,2025-06-20,11282,GBP,INFLOW,Oxford Research Labs,4040,Service fee payment,BA007
CJ-001491,2025-06-20,8736,GBP,INFLOW,London Financial Services,1220,Customer payment received,BA007
CJ-001492,2025-06-20,15500,GBP,OUTFLOW,Sainsbury's,6200,Utilities payment,BA007
CJ-001493,2025-06-23,79422,USD,INFLOW,Sunrise Technologies,4000,Service fee payment,BA002
CJ-001494,2025-06-23,74354,USD,INFLOW,Continental Systems,1200,License renewal payment,BA001
CJ-001495,2025-06-23,120489,USD,INFLOW,Western Digital Corp,4010,License renewal payment,BA003
CJ-001496,2025-06-23,119472,USD,INFLOW,TechGlobal Solutions,4000,Service fee payment,BA003
CJ-001497,2025-06-23,160350,USD,OUTFLOW,Honeywell International,6000,Service provider payment,BA001
CJ-001498,2025-06-23,114873,USD,OUTFLOW,Microsoft Corp,6400,Utilities payment,BA002
CJ-001499,2025-06-23,144817,USD,OUTFLOW,Workday Inc,6100,Service provider payment,BA002
CJ-001500,2025-06-23,92443,USD,OUTFLOW,Staples Inc,2000,Professional services,BA001
CJ-001501,2025-06-23,150356,USD,OUTFLOW,Workday Inc,6400,Utilities payment,BA001
CJ-001502,2025-06-23,123018,USD,OUTFLOW,General Electric,6300,Service provider payment,BA003
CJ-001503,2025-06-23,98411,USD,OUTFLOW,Verizon Business,6300,Professional services,BA003
CJ-001504,2025-06-23,92119,USD,OUTFLOW,Amazon Web Services,6300,Utilities payment,BA001
CJ-001505,2025-06-23,66941,EUR,INFLOW,Milan Industries,4020,Service fee payment,BA005
CJ-001506,2025-06-23,48403,EUR,INFLOW,Siemens Digital Industries,4020,Product sales revenue,BA005
CJ-001507,2025-06-23,30526,EUR,OUTFLOW,BASF SE,5010,Equipment rental,BA004
CJ-001508,2025-06-23,63963,EUR,OUTFLOW,Schneider Electric,6300,Vendor payment,BA005
CJ-001509,2025-06-23,58664,EUR,OUTFLOW,Allianz SE,5010,Material procurement,BA004
CJ-001510,2025-06-23,59039,EUR,OUTFLOW,L'Oreal SA,2010,Service provider payment,BA004
CJ-001511,2025-06-23,54427,EUR,OUTFLOW,Siemens AG,2010,Equipment rental,BA004
CJ-001512,2025-06-23,37311,EUR,OUTFLOW,L'Oreal SA,6300,Equipment rental,BA004
CJ-001513,2025-06-23,23553,GBP,INFLOW,Highland Manufacturing,4040,Product sales revenue,BA007
CJ-001514,2025-06-23,31433,GBP,INFLOW,Cardiff Construction Ltd,4040,Product sales revenue,BA007
CJ-001515,2025-06-23,11934,GBP,OUTFLOW,BP Energy,6200,Utilities payment,BA007
CJ-001516,2025-06-23,35383,GBP,OUTFLOW,Vodafone Group,6200,Utilities payment,BA006
CJ-001517,2025-06-23,16664,GBP,OUTFLOW,Tesco PLC,2020,Service provider payment,BA007
CJ-001518,2025-06-24,119204,USD,INFLOW,Central Systems Inc,1200,License renewal payment,BA002
CJ-001519,2025-06-24,170780,USD,INFLOW,American Logistics Inc,4010,Service fee payment,BA001
CJ-001520,2025-06-24,145663,USD,INFLOW,Southern Manufacturing,4010,Consulting services payment,BA002
CJ-001521,2025-06-24,140170,USD,INFLOW,Western Digital Corp,1200,Consulting services payment,BA001
CJ-001522,2025-06-24,173846,USD,INFLOW,Central Systems Inc,4000,Consulting services payment,BA002
CJ-001523,2025-06-24,122476,USD,INFLOW,Pacific Trading Corp,4010,License renewal payment,BA002
CJ-001524,2025-06-24,58254,USD,OUTFLOW,Microsoft Corp,6000,Utilities payment,BA003
CJ-001525,2025-06-24,91804,USD,OUTFLOW,Accenture PLC,6100,Utilities payment,BA003
CJ-001526,2025-06-24,63759,USD,OUTFLOW,Salesforce Inc,6300,Material procurement,BA001
CJ-001527,2025-06-24,60506,EUR,INFLOW,AutoMotive Industries GmbH,1210,Product sales revenue,BA005
CJ-001528,2025-06-24,38472,EUR,INFLOW,Siemens Digital Industries,4030,Consulting revenue,BA004
CJ-001529,2025-06-24,84016,EUR,INFLOW,Siemens Digital Industries,4020,Service fee payment,BA004
CJ-001530,2025-06-24,49490,EUR,INFLOW,FranceTech SA,4020,Service fee payment,BA005
CJ-001531,2025-06-24,49403,EUR,INFLOW,Siemens Digital Industries,1210,Service fee payment,BA004
CJ-001532,2025-06-24,31154,EUR,OUTFLOW,Deutsche Post,2010,Material procurement,BA004
CJ-001533,2025-06-24,33230,EUR,OUTFLOW,Volkswagen AG,2010,Material procurement,BA005
CJ-001534,2025-06-24,37752,GBP,INFLOW,Oxford Research Labs,4040,Product sales revenue,BA007
CJ-001535,2025-06-24,33180,GBP,INFLOW,Cardiff Construction Ltd,4040,Service fee payment,BA006
CJ-001536,2025-06-24,28696,GBP,INFLOW,Cardiff Construction Ltd,1220,Customer payment received,BA007
CJ-001537,2025-06-24,24214,GBP,OUTFLOW,Sainsbury's,6200,Vendor payment,BA006
CJ-001538,2025-06-24,14322,GBP,OUTFLOW,Shell Energy,2020,Vendor payment,BA007
CJ-001539,2025-06-24,19997,GBP,OUTFLOW,British Gas,6200,Service provider payment,BA006
CJ-001540,2025-06-25,181351,USD,INFLOW,TransAtlantic Shipping,1200,Service fee payment,BA001
CJ-001541,2025-06-25,113760,USD,INFLOW,Sunbelt Energy Corp,1200,Service fee payment,BA002
CJ-001542,2025-06-25,138464,USD,INFLOW,Central Systems Inc,4010,Service fee payment,BA003
CJ-001543,2025-06-25,164136,USD,INFLOW,Western Digital Corp,4010,Product sales revenue,BA003
CJ-001544,2025-06-25,132939,USD,INFLOW,National Services LLC,1200,Consulting services payment,BA002
CJ-001545,2025-06-25,199435,USD,INFLOW,Midwest Agribusiness,4000,Customer payment received,BA001
CJ-001546,2025-06-25,98892,USD,OUTFLOW,Workday Inc,6300,Professional services,BA001
CJ-001547,2025-06-25,93886,USD,OUTFLOW,Adobe Systems,5000,Vendor payment,BA001
CJ-001548,2025-06-25,109599,USD,OUTFLOW,IBM Corp,6100,Vendor payment,BA002
CJ-001549,2025-06-25,74795,EUR,INFLOW,Milan Industries,1210,Service fee payment,BA005
CJ-001550,2025-06-25,48538,EUR,INFLOW,Stuttgart Engineering,1210,Consulting revenue,BA005
CJ-001551,2025-06-25,102011,EUR,INFLOW,EuroTech Solutions,4020,Consulting revenue,BA005
CJ-001552,2025-06-25,57086,EUR,INFLOW,Nordic Energy AS,4020,Customer payment received,BA004
CJ-001553,2025-06-25,57104,EUR,OUTFLOW,Capgemini SE,5010,Equipment rental,BA005
CJ-001554,2025-06-25,63054,EUR,OUTFLOW,Siemens AG,5010,Material procurement,BA005
CJ-001555,2025-06-25,30882,EUR,OUTFLOW,Bayer AG,6300,Service provider payment,BA005
CJ-001556,2025-06-25,30161,GBP,INFLOW,Oxford Research Labs,4040,Customer payment received,BA007
CJ-001557,2025-06-25,34499,GBP,INFLOW,Cardiff Construction Ltd,4040,Service fee payment,BA006
CJ-001558,2025-06-25,12890,GBP,OUTFLOW,Rolls-Royce Holdings,2020,Service provider payment,BA006
CJ-001559,2025-06-26,146350,USD,INFLOW,Pacific Trading Corp,4000,License renewal payment,BA003
CJ-001560,2025-06-26,147071,USD,INFLOW,MegaCorp USA,4000,Service fee payment,BA003
CJ-001561,2025-06-26,171324,USD,INFLOW,Global Pharma Corp,1200,Customer payment received,BA001
CJ-001562,2025-06-26,139779,USD,INFLOW,Coastal Shipping USA,4010,Product sales revenue,BA003
CJ-001563,2025-06-26,130437,USD,OUTFLOW,EY Global,6100,Vendor payment,BA003
CJ-001564,2025-06-26,139553,USD,OUTFLOW,Staples Inc,6000,Vendor payment,BA001
CJ-001565,2025-06-26,113766,USD,OUTFLOW,EY Global,6300,Professional services,BA001
CJ-001566,2025-06-26,158999,USD,OUTFLOW,Salesforce Inc,5000,Material procurement,BA003
CJ-001567,2025-06-26,52841,EUR,INFLOW,Berlin Analytics GmbH,1210,Consulting revenue,BA005
CJ-001568,2025-06-26,55326,EUR,INFLOW,Berlin Analytics GmbH,1210,Service fee payment,BA004
CJ-001569,2025-06-26,89868,EUR,INFLOW,Stuttgart Engineering,1210,Consulting revenue,BA004
CJ-001570,2025-06-26,53312,EUR,OUTFLOW,Schneider Electric,5010,Material procurement,BA005
CJ-001571,2025-06-26,48523,EUR,OUTFLOW,L'Oreal SA,6300,Material procurement,BA005
CJ-001572,2025-06-26,15140,GBP,INFLOW,London Financial Services,1220,Product sales revenue,BA007
CJ-001573,2025-06-26,27453,GBP,INFLOW,Westminster Holdings,4040,Customer payment received,BA006
CJ-001574,2025-06-26,20447,GBP,OUTFLOW,Unilever PLC,6200,Utilities payment,BA007
CJ-001575,2025-06-26,18532,GBP,OUTFLOW,Vodafone Group,2020,Vendor payment,BA006
CJ-001576,2025-06-27,82169,USD,INFLOW,Pacific Trading Corp,1200,Product sales revenue,BA001
CJ-001577,2025-06-27,118902,USD,INFLOW,Continental Systems,4000,Consulting services payment,BA001
CJ-001578,2025-06-27,92964,USD,OUTFLOW,Workday Inc,6100,Material procurement,BA001
CJ-001579,2025-06-27,77750,USD,OUTFLOW,Caterpillar Inc,6400,Utilities payment,BA002
CJ-001580,2025-06-27,75118,USD,OUTFLOW,Office Depot,6400,Vendor payment,BA003
CJ-001581,2025-06-27,27085,EUR,INFLOW,FranceTech SA,1210,Customer payment received,BA005
CJ-001582,2025-06-27,65563,EUR,INFLOW,AutoMotive Industries GmbH,4030,Consulting revenue,BA004
CJ-001583,2025-06-27,51178,EUR,OUTFLOW,ThyssenKrupp AG,6300,Service provider payment,BA005
CJ-001584,2025-06-27,59660,EUR,OUTFLOW,Volkswagen AG,5010,Material procurement,BA004
CJ-001585,2025-06-27,51061,EUR,OUTFLOW,Allianz SE,6300,Equipment rental,BA005
CJ-001586,2025-06-27,21758,GBP,INFLOW,Westminster Holdings,1220,Customer payment received,BA006
CJ-001587,2025-06-27,26774,GBP,OUTFLOW,Tesco PLC,2020,Utilities payment,BA006
CJ-001588,2025-06-27,25714,GBP,OUTFLOW,Royal Mail,6200,Service provider payment,BA007
CJ-001589,2025-06-30,3573109,USD,OUTFLOW,ADP Payroll Services,6000,Monthly payroll processing,BA003
CJ-001590,2025-06-30,138925,USD,INFLOW,Western Digital Corp,4000,Customer payment received,BA003
CJ-001591,2025-06-30,106417,USD,INFLOW,Global Pharma Corp,4000,Product sales revenue,BA001
CJ-001592,2025-06-30,86707,USD,INFLOW,Sunbelt Energy Corp,1200,Service fee payment,BA001
CJ-001593,2025-06-30,148117,USD,INFLOW,Global Pharma Corp,4000,Service fee payment,BA001
CJ-001594,2025-06-30,189751,USD,OUTFLOW,EY Global,5000,Utilities payment,BA003
CJ-001595,2025-06-30,246824,USD,OUTFLOW,Staples Inc,6200,Maintenance services,BA003
CJ-001596,2025-06-30,246021,USD,OUTFLOW,EY Global,6100,Material procurement,BA001
CJ-001597,2025-06-30,165767,USD,OUTFLOW,Workday Inc,6000,Vendor payment,BA002
CJ-001598,2025-06-30,241596,USD,OUTFLOW,Honeywell International,6000,Material procurement,BA003
CJ-001599,2025-06-30,213896,USD,OUTFLOW,Workday Inc,6100,Material procurement,BA001
CJ-001600,2025-06-30,165956,USD,OUTFLOW,IBM Corp,6200,Utilities payment,BA001
CJ-001601,2025-06-30,149070,USD,OUTFLOW,IBM Corp,6300,Professional services,BA002
CJ-001602,2025-06-30,189588,USD,OUTFLOW,Office Depot,5000,Material procurement,BA002
CJ-001603,2025-06-30,40783,EUR,INFLOW,Frankfurt Solutions,1210,Customer payment received,BA005
CJ-001604,2025-06-30,36532,EUR,INFLOW,Deutsche Industrial AG,1210,Customer payment received,BA005
CJ-001605,2025-06-30,58293,EUR,OUTFLOW,L'Oreal SA,5010,Material procurement,BA005
CJ-001606,2025-06-30,127644,EUR,OUTFLOW,Capgemini SE,2010,Service provider payment,BA004
CJ-001607,2025-06-30,119290,EUR,OUTFLOW,Volkswagen AG,6300,Material procurement,BA004
CJ-001608,2025-06-30,74990,EUR,OUTFLOW,Schneider Electric,2010,Service provider payment,BA004
CJ-001609,2025-06-30,124062,EUR,OUTFLOW,Bayer AG,2010,Equipment rental,BA005
CJ-001610,2025-06-30,52231,EUR,OUTFLOW,Capgemini SE,5010,Material procurement,BA004
CJ-001611,2025-06-30,36418,GBP,INFLOW,Edinburgh Systems,4040,Product sales revenue,BA006
CJ-001612,2025-06-30,24530,GBP,INFLOW,London Financial Services,1220,Product sales revenue,BA006
CJ-001613,2025-06-30,28162,GBP,INFLOW,Cambridge Biotech,1220,Product sales revenue,BA006
CJ-001614,2025-06-30,29103,GBP,OUTFLOW,Rolls-Royce Holdings,6200,Vendor payment,BA007
CJ-001615,2025-06-30,30420,GBP,OUTFLOW,Unilever PLC,2020,Vendor payment,BA006
CJ-001616,2025-06-30,46798,GBP,OUTFLOW,BT Group,2020,Utilities payment,BA007
CJ-001617,2025-06-30,50853,GBP,OUTFLOW,Vodafone Group,6200,Utilities payment,BA007
CJ-001618,2025-06-30,24914,GBP,OUTFLOW,British Gas,6200,Service provider payment,BA007
CJ-001619,2025-06-30,42282,GBP,OUTFLOW,AstraZeneca PLC,2020,Vendor payment,BA007
CJ-001620,2025-07-01,163005,USD,INFLOW,Sunrise Technologies,4000,Product sales revenue,BA003
CJ-001621,2025-07-01,133899,USD,INFLOW,Atlantic Corp,4010,Product sales revenue,BA001
CJ-001622,2025-07-01,180147,USD,INFLOW,Continental Systems,4010,Service fee payment,BA003
CJ-001623,2025-07-01,148450,USD,INFLOW,Sunbelt Energy Corp,4000,License renewal payment,BA003
CJ-001624,2025-07-01,223346,USD,INFLOW,TransAtlantic Shipping,4000,Product sales revenue,BA002
CJ-001625,2025-07-01,161060,USD,INFLOW,Coastal Shipping USA,4010,Product sales revenue,BA001
CJ-001626,2025-07-01,141083,USD,INFLOW,Midwest Manufacturing,4010,Service fee payment,BA003
CJ-001627,2025-07-01,137186,USD,INFLOW,Northeast Industries,4010,Customer payment received,BA003
CJ-001628,2025-07-01,78032,USD,OUTFLOW,Verizon Business,6100,Service provider payment,BA002
CJ-001629,2025-07-01,66145,USD,OUTFLOW,Waste Management Inc,6000,Professional services,BA001
CJ-001630,2025-07-01,79402,USD,OUTFLOW,IBM Corp,6100,Service provider payment,BA001
CJ-001631,2025-07-01,86923,USD,OUTFLOW,Verizon Business,2000,Maintenance services,BA003
CJ-001632,2025-07-01,99981,USD,OUTFLOW,Staples Inc,6400,Vendor payment,BA001
CJ-001633,2025-07-01,91760,EUR,INFLOW,Siemens Digital Industries,4030,Customer payment received,BA005
CJ-001634,2025-07-01,69580,EUR,INFLOW,Frankfurt Solutions,4030,Product sales revenue,BA004
CJ-001635,2025-07-01,76019,EUR,INFLOW,FranceTech SA,4030,Product sales revenue,BA004
CJ-001636,2025-07-01,103134,EUR,INFLOW,Rhine Logistics AG,4030,Product sales revenue,BA005
CJ-001637,2025-07-01,59200,EUR,INFLOW,EuroTech Solutions,1210,Consulting revenue,BA004
CJ-001638,2025-07-01,104883,EUR,INFLOW,Vienna Tech GmbH,4030,Customer payment received,BA004
CJ-001639,2025-07-01,119119,EUR,INFLOW,EuroTech Solutions,4030,Product sales revenue,BA004
CJ-001640,2025-07-01,71255,EUR,INFLOW,Berlin Analytics GmbH,4020,Service fee payment,BA005
CJ-001641,2025-07-01,18400,EUR,OUTFLOW,Bosch Group,2010,Vendor payment,BA004
CJ-001642,2025-07-01,24651,EUR,OUTFLOW,Allianz SE,5010,Material procurement,BA004
CJ-001643,2025-07-01,33440,EUR,OUTFLOW,Deutsche Telekom,6300,Vendor payment,BA005
CJ-001644,2025-07-01,55024,GBP,INFLOW,Cambridge Biotech,1220,Customer payment received,BA006
CJ-001645,2025-07-01,58529,GBP,INFLOW,Edinburgh Systems,1220,Service fee payment,BA007
CJ-001646,2025-07-01,54185,GBP,INFLOW,Bristol Aerospace,1220,Service fee payment,BA006
CJ-001647,2025-07-01,26224,GBP,INFLOW,Cambridge Biotech,4040,Product sales revenue,BA007
CJ-001648,2025-07-01,60110,GBP,INFLOW,Cambridge Biotech,1220,Customer payment received,BA006
CJ-001649,2025-07-01,22667,GBP,INFLOW,Metropolitan Transit,1220,Service fee payment,BA006
CJ-001650,2025-07-01,41323,GBP,INFLOW,British Retail Group,4040,Product sales revenue,BA007
CJ-001651,2025-07-01,25040,GBP,OUTFLOW,Unilever PLC,2020,Utilities payment,BA006
CJ-001652,2025-07-01,22307,GBP,OUTFLOW,Tesco PLC,6200,Utilities payment,BA006
CJ-001653,2025-07-01,24680,GBP,OUTFLOW,Unilever PLC,6200,Service provider payment,BA006
CJ-001654,2025-07-02,150355,USD,INFLOW,MegaCorp USA,4010,Product sales revenue,BA001
CJ-001655,2025-07-02,203999,USD,INFLOW,Midwest Manufacturing,1200,Product sales revenue,BA001
CJ-001656,2025-07-02,234635,USD,INFLOW,Northeast Industries,4010,License renewal payment,BA002
CJ-001657,2025-07-02,165542,USD,INFLOW,Northeast Industries,4010,License renewal payment,BA001
CJ-001658,2025-07-02,228061,USD,INFLOW,Global Pharma Corp,4010,Consulting services payment,BA003
CJ-001659,2025-07-02,229182,USD,INFLOW,Atlantic Corp,1200,Consulting services payment,BA003
CJ-001660,2025-07-02,238646,USD,INFLOW,TransAtlantic Shipping,4010,Consulting services payment,BA002
CJ-001661,2025-07-02,84283,USD,OUTFLOW,Staples Inc,6300,Vendor payment,BA003
CJ-001662,2025-07-02,82649,USD,OUTFLOW,Staples Inc,6100,Vendor payment,BA003
CJ-001663,2025-07-02,71121,USD,OUTFLOW,Adobe Systems,6200,Material procurement,BA001
CJ-001664,2025-07-02,74343,USD,OUTFLOW,Amazon Web Services,6400,Utilities payment,BA002
CJ-001665,2025-07-02,82841,USD,OUTFLOW,Amazon Web Services,6000,Professional services,BA003
CJ-001666,2025-07-02,93681,USD,OUTFLOW,IBM Corp,6300,Utilities payment,BA003
CJ-001667,2025-07-02,98902,EUR,INFLOW,Siemens Digital Industries,4030,Customer payment received,BA004
CJ-001668,2025-07-02,105273,EUR,INFLOW,Nordic Energy AS,4030,Customer payment received,BA004
CJ-001669,2025-07-02,54053,EUR,INFLOW,AutoMotive Industries GmbH,4020,Service fee payment,BA004
CJ-001670,2025-07-02,78148,EUR,INFLOW,Deutsche Industrial AG,4020,Service fee payment,BA005
CJ-001671,2025-07-02,95596,EUR,INFLOW,Stuttgart Engineering,1210,Product sales revenue,BA005
CJ-001672,2025-07-02,64830,EUR,INFLOW,Berlin Analytics GmbH,4030,Consulting revenue,BA005
CJ-001673,2025-07-02,86803,EUR,INFLOW,Frankfurt Solutions,4020,Product sales revenue,BA005
CJ-001674,2025-07-02,33222,EUR,OUTFLOW,Bosch Group,5010,Service provider payment,BA004
CJ-001675,2025-07-02,24536,EUR,OUTFLOW,Bosch Group,6300,Vendor payment,BA004
CJ-001676,2025-07-02,38020,GBP,INFLOW,Cambridge Biotech,4040,Customer payment received,BA006
CJ-001677,2025-07-02,52638,GBP,INFLOW,Oxford Research Labs,4040,Customer payment received,BA006
CJ-001678,2025-07-02,25489,GBP,INFLOW,Edinburgh Systems,4040,Customer payment received,BA007
CJ-001679,2025-07-02,58654,GBP,INFLOW,Metropolitan Transit,4040,Customer payment received,BA007
CJ-001680,2025-07-02,15448,GBP,OUTFLOW,Vodafone Group,6200,Vendor payment,BA007
CJ-001681,2025-07-02,22789,GBP,OUTFLOW,Sainsbury's,2020,Service provider payment,BA007
CJ-001682,2025-07-02,19752,GBP,OUTFLOW,BAE Systems,2020,Service provider payment,BA007
CJ-001683,2025-07-03,111410,USD,INFLOW,Midwest Manufacturing,4010,License renewal payment,BA002
CJ-001684,2025-07-03,168346,USD,INFLOW,TransAtlantic Shipping,1200,License renewal payment,BA002
CJ-001685,2025-07-03,165418,USD,INFLOW,TransAtlantic Shipping,1200,Consulting services payment,BA001
CJ-001686,2025-07-03,178179,USD,INFLOW,Southern Manufacturing,4010,Customer payment received,BA003
CJ-001687,2025-07-03,172596,USD,INFLOW,Midwest Agribusiness,4000,License renewal payment,BA002
CJ-001688,2025-07-03,166016,USD,INFLOW,Central Systems Inc,4000,Customer payment received,BA002
CJ-001689,2025-07-03,185921,USD,INFLOW,Southern Manufacturing,4000,Customer payment received,BA002
CJ-001690,2025-07-03,177851,USD,INFLOW,National Services LLC,1200,Service fee payment,BA001
CJ-001691,2025-07-03,89365,USD,OUTFLOW,Cisco Systems,6100,Maintenance services,BA003
CJ-001692,2025-07-03,81644,USD,OUTFLOW,Verizon Business,6400,Utilities payment,BA001
CJ-001693,2025-07-03,98691,USD,OUTFLOW,VMware Inc,6200,Utilities payment,BA001
CJ-001694,2025-07-03,106762,USD,OUTFLOW,Cisco Systems,5000,Material procurement,BA002
CJ-001695,2025-07-03,62298,EUR,INFLOW,Munich Automotive,4020,Customer payment received,BA004
CJ-001696,2025-07-03,85021,EUR,INFLOW,Rhine Logistics AG,4020,Consulting revenue,BA005
CJ-001697,2025-07-03,98139,EUR,INFLOW,Deutsche Industrial AG,4020,Customer payment received,BA004
CJ-001698,2025-07-03,100033,EUR,INFLOW,AutoMotive Industries GmbH,1210,Consulting revenue,BA004
CJ-001699,2025-07-03,63018,EUR,INFLOW,Stuttgart Engineering,1210,Customer payment received,BA004
CJ-001700,2025-07-03,58056,EUR,OUTFLOW,Airbus SE,2010,Vendor payment,BA005
CJ-001701,2025-07-03,49717,EUR,OUTFLOW,Bosch Group,6300,Material procurement,BA004
CJ-001702,2025-07-03,18916,GBP,INFLOW,Scottish Energy Solutions,4040,Service fee payment,BA006
CJ-001703,2025-07-03,17165,GBP,INFLOW,Westminster Holdings,1220,Service fee payment,BA007
CJ-001704,2025-07-03,36870,GBP,INFLOW,Edinburgh Systems,1220,Service fee payment,BA006
CJ-001705,2025-07-03,39482,GBP,INFLOW,Metropolitan Transit,4040,Customer payment received,BA006
CJ-001706,2025-07-03,10878,GBP,OUTFLOW,Vodafone Group,2020,Utilities payment,BA007
CJ-001707,2025-07-03,28950,GBP,OUTFLOW,Sainsbury's,6200,Service provider payment,BA007
CJ-001708,2025-07-03,28008,GBP,OUTFLOW,Unilever PLC,6200,Vendor payment,BA007
CJ-001709,2025-07-04,82891,USD,INFLOW,Central Systems Inc,4010,Product sales revenue,BA001
CJ-001710,2025-07-04,104873,USD,INFLOW,Western Digital Corp,1200,Customer payment received,BA001
CJ-001711,2025-07-04,101845,USD,INFLOW,Central Systems Inc,4010,License renewal payment,BA003
CJ-001712,2025-07-04,65050,USD,OUTFLOW,Cisco Systems,2000,Professional services,BA003
CJ-001713,2025-07-04,97485,USD,OUTFLOW,Cisco Systems,6300,Utilities payment,BA003
CJ-001714,2025-07-04,83502,USD,OUTFLOW,Office Depot,6200,Maintenance services,BA001
CJ-001715,2025-07-04,31732,EUR,INFLOW,FranceTech SA,4030,Service fee payment,BA004
CJ-001716,2025-07-04,21455,EUR,OUTFLOW,Bayer AG,6300,Service provider payment,BA004
CJ-001717,2025-07-04,17989,EUR,OUTFLOW,Bayer AG,2010,Service provider payment,BA004
CJ-001718,2025-07-04,26662,GBP,INFLOW,Cambridge Biotech,4040,Product sales revenue,BA006
CJ-001719,2025-07-04,27106,GBP,INFLOW,London Financial Services,1220,Product sales revenue,BA006
CJ-001720,2025-07-04,24429,GBP,OUTFLOW,BAE Systems,2020,Utilities payment,BA007
CJ-001721,2025-07-07,71884,USD,INFLOW,Central Systems Inc,4010,Service fee payment,BA002
CJ-001722,2025-07-07,126892,USD,INFLOW,American Logistics Inc,4000,Customer payment received,BA002
CJ-001723,2025-07-07,104833,USD,INFLOW,Coastal Shipping USA,4000,Customer payment received,BA002
CJ-001724,2025-07-07,99112,USD,INFLOW,Northeast Industries,4000,Consulting services payment,BA001
CJ-001725,2025-07-07,95679,USD,INFLOW,Global Pharma Corp,4010,Consulting services payment,BA001
CJ-001726,2025-07-07,102410,USD,INFLOW,Sunbelt Energy Corp,4000,Customer payment received,BA002
CJ-001727,2025-07-07,139510,USD,OUTFLOW,3M Company,6300,Material procurement,BA002
CJ-001728,2025-07-07,83016,USD,OUTFLOW,Staples Inc,6200,Material procurement,BA003
CJ-001729,2025-07-07,162479,USD,OUTFLOW,AT&T Services,2000,Maintenance services,BA003
CJ-001730,2025-07-07,144096,USD,OUTFLOW,AT&T Services,6200,Professional services,BA002
CJ-001731,2025-07-07,87936,USD,OUTFLOW,Caterpillar Inc,2000,Vendor payment,BA001
CJ-001732,2025-07-07,92626,USD,OUTFLOW,EY Global,6200,Professional services,BA002
CJ-001733,2025-07-07,85254,USD,OUTFLOW,Accenture PLC,6100,Professional services,BA001
CJ-001734,2025-07-07,27276,EUR,INFLOW,Hamburg Port Services,4030,Consulting revenue,BA005
CJ-001735,2025-07-07,43789,EUR,INFLOW,ACME Corp,4030,Product sales revenue,BA005
CJ-001736,2025-07-07,38302,EUR,OUTFLOW,Schneider Electric,2010,Equipment rental,BA004
CJ-001737,2025-07-07,65603,EUR,OUTFLOW,Lufthansa AG,5010,Material procurement,BA004
CJ-001738,2025-07-07,46220,EUR,OUTFLOW,Allianz SE,5010,Vendor payment,BA005
CJ-001739,2025-07-07,35101,EUR,OUTFLOW,BASF SE,5010,Material procurement,BA005
CJ-001740,2025-07-07,74331,EUR,OUTFLOW,Deutsche Post,2010,Material procurement,BA004
CJ-001741,2025-07-07,50253,EUR,OUTFLOW,ThyssenKrupp AG,6300,Vendor payment,BA005
CJ-001742,2025-07-07,22457,GBP,INFLOW,Edinburgh Systems,1220,Service fee payment,BA007
CJ-001743,2025-07-07,19969,GBP,OUTFLOW,BT Group,6200,Service provider payment,BA006
CJ-001744,2025-07-07,27338,GBP,OUTFLOW,BT Group,2020,Service provider payment,BA007
CJ-001745,2025-07-07,21811,GBP,OUTFLOW,Tesco PLC,6200,Vendor payment,BA007
CJ-001746,2025-07-07,14740,GBP,OUTFLOW,Unilever PLC,2020,Service provider payment,BA007
CJ-001747,2025-07-07,33328,GBP,OUTFLOW,BT Group,2020,Utilities payment,BA007
CJ-001748,2025-07-08,143107,USD,INFLOW,Continental Systems,1200,License renewal payment,BA002
CJ-001749,2025-07-08,112595,USD,INFLOW,Sunbelt Energy Corp,4000,Consulting services payment,BA002
CJ-001750,2025-07-08,139087,USD,INFLOW,Pacific Trading Corp,4010,License renewal payment,BA001
CJ-001751,2025-07-08,151925,USD,INFLOW,Sunbelt Energy Corp,4010,License renewal payment,BA001
CJ-001752,2025-07-08,157634,USD,INFLOW,American Logistics Inc,1200,Customer payment received,BA001
CJ-001753,2025-07-08,187068,USD,INFLOW,Northeast Industries,4010,Service fee payment,BA002
CJ-001754,2025-07-08,98329,USD,OUTFLOW,Oracle Corp,5000,Vendor payment,BA001
CJ-001755,2025-07-08,102393,USD,OUTFLOW,Office Depot,6000,Service provider payment,BA001
CJ-001756,2025-07-08,70016,USD,OUTFLOW,Deloitte Consulting,6300,Material procurement,BA003
CJ-001757,2025-07-08,83311,USD,OUTFLOW,VMware Inc,6000,Material procurement,BA003
CJ-001758,2025-07-08,74716,USD,OUTFLOW,Waste Management Inc,2000,Service provider payment,BA002
CJ-001759,2025-07-08,92317,EUR,INFLOW,Munich Automotive,4020,Product sales revenue,BA005
CJ-001760,2025-07-08,46649,EUR,INFLOW,Milan Industries,4030,Service fee payment,BA005
CJ-001761,2025-07-08,72212,EUR,INFLOW,Rhine Logistics AG,4020,Customer payment received,BA005
CJ-001762,2025-07-08,99827,EUR,INFLOW,Munich Automotive,4030,Consulting revenue,BA004
CJ-001763,2025-07-08,28693,EUR,OUTFLOW,Deutsche Post,2010,Service provider payment,BA005
CJ-001764,2025-07-08,47037,EUR,OUTFLOW,Deutsche Telekom,6300,Vendor payment,BA004
CJ-001765,2025-07-08,19655,EUR,OUTFLOW,BASF SE,2010,Material procurement,BA005
CJ-001766,2025-07-08,27570,GBP,INFLOW,Metropolitan Transit,1220,Service fee payment,BA006
CJ-001767,2025-07-08,47247,GBP,INFLOW,Cambridge Biotech,4040,Service fee payment,BA007
CJ-001768,2025-07-08,28658,GBP,INFLOW,Bristol Aerospace,4040,Service fee payment,BA006
CJ-001769,2025-07-08,40875,GBP,INFLOW,Westminster Holdings,1220,Service fee payment,BA007
CJ-001770,2025-07-08,22167,GBP,OUTFLOW,Tesco PLC,2020,Service provider payment,BA007
CJ-001771,2025-07-08,7583,GBP,OUTFLOW,Shell Energy,6200,Vendor payment,BA007
CJ-001772,2025-07-09,136770,USD,INFLOW,Pacific Trading Corp,1200,Service fee payment,BA001
CJ-001773,2025-07-09,143026,USD,INFLOW,Pacific Trading Corp,4000,Service fee payment,BA002
CJ-001774,2025-07-09,172938,USD,INFLOW,National Services LLC,4000,License renewal payment,BA002
CJ-001775,2025-07-09,121621,USD,INFLOW,Coastal Shipping USA,4000,Customer payment received,BA003
CJ-001776,2025-07-09,172464,USD,INFLOW,Pacific Trading Corp,4000,License renewal payment,BA002
CJ-001777,2025-07-09,103576,USD,OUTFLOW,IBM Corp,5000,Service provider payment,BA003
CJ-001778,2025-07-09,53849,USD,OUTFLOW,Salesforce Inc,5000,Utilities payment,BA002
CJ-001779,2025-07-09,67921,USD,OUTFLOW,EY Global,6300,Maintenance services,BA003
CJ-001780,2025-07-09,91698,EUR,INFLOW,Frankfurt Solutions,1210,Product sales revenue,BA004
CJ-001781,2025-07-09,94159,EUR,INFLOW,Rhine Logistics AG,1210,Service fee payment,BA004
CJ-001782,2025-07-09,62326,EUR,INFLOW,Siemens Digital Industries,4020,Consulting revenue,BA004
CJ-001783,2025-07-09,70912,EUR,INFLOW,Deutsche Industrial AG,4030,Product sales revenue,BA004
CJ-001784,2025-07-09,47770,EUR,OUTFLOW,Lufthansa AG,5010,Equipment rental,BA005
CJ-001785,2025-07-09,17876,EUR,OUTFLOW,Deutsche Telekom,2010,Equipment rental,BA004
CJ-001786,2025-07-09,45117,GBP,INFLOW,Oxford Research Labs,1220,Service fee payment,BA007
CJ-001787,2025-07-09,35445,GBP,INFLOW,Cardiff Construction Ltd,1220,Service fee payment,BA007
CJ-001788,2025-07-09,23289,GBP,INFLOW,Metropolitan Transit,4040,Product sales revenue,BA006
CJ-001789,2025-07-09,24160,GBP,OUTFLOW,British Gas,2020,Vendor payment,BA006
CJ-001790,2025-07-09,21489,GBP,OUTFLOW,Tesco PLC,2020,Service provider payment,BA007
CJ-001791,2025-07-09,12430,GBP,OUTFLOW,Vodafone Group,6200,Service provider payment,BA006
CJ-001792,2025-07-10,112833,USD,INFLOW,Pacific Trading Corp,1200,Product sales revenue,BA003
CJ-001793,2025-07-10,132367,USD,INFLOW,MegaCorp USA,4000,Consulting services payment,BA003
CJ-001794,2025-07-10,98712,USD,INFLOW,Southern Manufacturing,4000,Service fee payment,BA001
CJ-001795,2025-07-10,132842,USD,INFLOW,National Services LLC,4000,Consulting services payment,BA003
CJ-001796,2025-07-10,82770,USD,INFLOW,TechGlobal Solutions,4000,Consulting services payment,BA001
CJ-001797,2025-07-10,90134,USD,INFLOW,Northeast Industries,4000,Customer payment received,BA001
CJ-001798,2025-07-10,69513,USD,OUTFLOW,Adobe Systems,6300,Professional services,BA001
CJ-001799,2025-07-10,96312,USD,OUTFLOW,Deloitte Consulting,6000,Utilities payment,BA001
CJ-001800,2025-07-10,68348,USD,OUTFLOW,Staples Inc,2000,Material procurement,BA003
CJ-001801,2025-07-10,98815,USD,OUTFLOW,Office Depot,6400,Service provider payment,BA003
CJ-001802,2025-07-10,80115,EUR,INFLOW,Milan Industries,4030,Service fee payment,BA004
CJ-001803,2025-07-10,73173,EUR,INFLOW,Rhine Logistics AG,4020,Consulting revenue,BA005
CJ-001804,2025-07-10,38964,EUR,INFLOW,Frankfurt Solutions,4030,Consulting revenue,BA005
CJ-001805,2025-07-10,41652,EUR,OUTFLOW,Capgemini SE,2010,Vendor payment,BA004
CJ-001806,2025-07-10,23563,EUR,OUTFLOW,RWE Energy,5010,Equipment rental,BA005
CJ-001807,2025-07-10,18389,GBP,INFLOW,Manchester United Industries,1220,Customer payment received,BA006
CJ-001808,2025-07-10,34081,GBP,INFLOW,Manchester United Industries,4040,Service fee payment,BA007
CJ-001809,2025-07-10,25307,GBP,OUTFLOW,AstraZeneca PLC,2020,Service provider payment,BA007
CJ-001810,2025-07-10,21873,GBP,OUTFLOW,Rolls-Royce Holdings,6200,Utilities payment,BA007
CJ-001811,2025-07-10,9974,GBP,OUTFLOW,AstraZeneca PLC,6200,Vendor payment,BA006
CJ-001812,2025-07-11,70734,USD,INFLOW,MegaCorp USA,4000,Service fee payment,BA002
CJ-001813,2025-07-11,113818,USD,INFLOW,National Services LLC,1200,Service fee payment,BA003
CJ-001814,2025-07-11,105661,USD,INFLOW,Pacific Trading Corp,4010,Customer payment received,BA003
CJ-001815,2025-07-11,106883,USD,INFLOW,TransAtlantic Shipping,4000,License renewal payment,BA001
CJ-001816,2025-07-11,73223,USD,INFLOW,Global Pharma Corp,1200,Consulting services payment,BA002
CJ-001817,2025-07-11,79032,USD,OUTFLOW,VMware Inc,6000,Vendor payment,BA002
CJ-001818,2025-07-11,49367,USD,OUTFLOW,EY Global,6200,Maintenance services,BA003
CJ-001819,2025-07-11,31844,EUR,INFLOW,Stuttgart Engineering,4030,Product sales revenue,BA004
CJ-001820,2025-07-11,40700,EUR,OUTFLOW,Allianz SE,6300,Equipment rental,BA004
CJ-001821,2025-07-11,15830,GBP,INFLOW,Highland Manufacturing,4040,Product sales revenue,BA006
CJ-001822,2025-07-11,12070,GBP,OUTFLOW,Vodafone Group,6200,Utilities payment,BA007
CJ-001823,2025-07-11,10249,GBP,OUTFLOW,Shell Energy,6200,Utilities payment,BA006
CJ-001824,2025-07-14,103809,USD,INFLOW,Continental Systems,4000,Customer payment received,BA003
CJ-001825,2025-07-14,79043,USD,INFLOW,TransAtlantic Shipping,1200,License renewal payment,BA003
CJ-001826,2025-07-14,128570,USD,INFLOW,Atlantic Corp,4010,Product sales revenue,BA003
CJ-001827,2025-07-14,112407,USD,INFLOW,Southern Manufacturing,4010,License renewal payment,BA003
CJ-001828,2025-07-14,144114,USD,OUTFLOW,Waste Management Inc,6000,Service provider payment,BA001
CJ-001829,2025-07-14,148513,USD,OUTFLOW,Workday Inc,5000,Material procurement,BA002
CJ-001830,2025-07-14,105271,USD,OUTFLOW,Accenture PLC,5000,Utilities payment,BA001
CJ-001831,2025-07-14,146873,USD,OUTFLOW,Workday Inc,6100,Material procurement,BA002
CJ-001832,2025-07-14,105150,USD,OUTFLOW,3M Company,6400,Professional services,BA001
CJ-001833,2025-07-14,53051,EUR,INFLOW,AutoMotive Industries GmbH,4020,Consulting revenue,BA004
CJ-001834,2025-07-14,48918,EUR,INFLOW,Rhine Logistics AG,4030,Customer payment received,BA004
CJ-001835,2025-07-14,45478,EUR,INFLOW,EuroTech Solutions,4020,Product sales revenue,BA004
CJ-001836,2025-07-14,62339,EUR,INFLOW,Vienna Tech GmbH,1210,Service fee payment,BA004
CJ-001837,2025-07-14,65275,EUR,OUTFLOW,Bayer AG,5010,Vendor payment,BA004
CJ-001838,2025-07-14,59664,EUR,OUTFLOW,BASF SE,5010,Equipment rental,BA005
CJ-001839,2025-07-14,46999,EUR,OUTFLOW,Lufthansa AG,6300,Material procurement,BA005
CJ-001840,2025-07-14,81212,EUR,OUTFLOW,Capgemini SE,2010,Service provider payment,BA004
CJ-001841,2025-07-14,78347,EUR,OUTFLOW,Siemens AG,2010,Equipment rental,BA005
CJ-001842,2025-07-14,17058,GBP,INFLOW,British Retail Group,4040,Customer payment received,BA007
CJ-001843,2025-07-14,24020,GBP,INFLOW,Oxford Research Labs,1220,Service fee payment,BA006
CJ-001844,2025-07-14,11270,GBP,OUTFLOW,BAE Systems,6200,Service provider payment,BA006
CJ-001845,2025-07-14,11429,GBP,OUTFLOW,Sainsbury's,6200,Service provider payment,BA006
CJ-001846,2025-07-14,29672,GBP,OUTFLOW,BT Group,6200,Utilities payment,BA007
CJ-001847,2025-07-14,24356,GBP,OUTFLOW,Tesco PLC,2020,Service provider payment,BA007
CJ-001848,2025-07-15,1414131,USD,OUTFLOW,ADP Payroll Services,6000,Monthly payroll processing,BA001
CJ-001849,2025-07-15,161154,USD,INFLOW,Western Digital Corp,1200,Service fee payment,BA002
CJ-001850,2025-07-15,163831,USD,INFLOW,National Services LLC,4010,Product sales revenue,BA003
CJ-001851,2025-07-15,123566,USD,INFLOW,Atlantic Corp,1200,Consulting services payment,BA002
CJ-001852,2025-07-15,138685,USD,INFLOW,Midwest Agribusiness,4000,Customer payment received,BA003
CJ-001853,2025-07-15,163072,USD,INFLOW,National Services LLC,4000,License renewal payment,BA003
CJ-001854,2025-07-15,165618,USD,INFLOW,Central Systems Inc,4000,License renewal payment,BA002
CJ-001855,2025-07-15,129313,USD,INFLOW,Sunbelt Energy Corp,4010,License renewal payment,BA002
CJ-001856,2025-07-15,185784,USD,INFLOW,Midwest Agribusiness,4000,Product sales revenue,BA002
CJ-001857,2025-07-15,104519,USD,OUTFLOW,Oracle Corp,6200,Vendor payment,BA002
CJ-001858,2025-07-15,99687,USD,OUTFLOW,AT&T Services,6400,Service provider payment,BA002
CJ-001859,2025-07-15,64572,USD,OUTFLOW,Microsoft Corp,6100,Maintenance services,BA002
CJ-001860,2025-07-15,72004,USD,OUTFLOW,EY Global,2000,Vendor payment,BA002
CJ-001861,2025-07-15,68805,USD,OUTFLOW,Waste Management Inc,2000,Utilities payment,BA001
CJ-001862,2025-07-15,62580,USD,OUTFLOW,Office Depot,6100,Professional services,BA002
CJ-001863,2025-07-15,47871,EUR,INFLOW,Siemens Digital Industries,4020,Product sales revenue,BA004
CJ-001864,2025-07-15,43891,EUR,INFLOW,Berlin Analytics GmbH,4030,Service fee payment,BA004
CJ-001865,2025-07-15,40769,EUR,INFLOW,ACME Corp,4020,Project milestone payment - delayed,BA005
CJ-001866,2025-07-15,83812,EUR,INFLOW,Vienna Tech GmbH,4030,Service fee payment,BA004
CJ-001867,2025-07-15,43348,EUR,INFLOW,Milan Industries,4030,Service fee payment,BA005
CJ-001868,2025-07-15,62036,EUR,INFLOW,Munich Automotive,4020,Service fee payment,BA005
CJ-001869,2025-07-15,28101,EUR,OUTFLOW,Allianz SE,5010,Vendor payment,BA005
CJ-001870,2025-07-15,33747,EUR,OUTFLOW,RWE Energy,5010,Equipment rental,BA004
CJ-001871,2025-07-15,43376,EUR,OUTFLOW,Allianz SE,6300,Material procurement,BA005
CJ-001872,2025-07-15,29285,GBP,INFLOW,Bristol Aerospace,4040,Service fee payment,BA007
CJ-001873,2025-07-15,28530,GBP,INFLOW,Highland Manufacturing,4040,Product sales revenue,BA007
CJ-001874,2025-07-15,42947,GBP,INFLOW,Scottish Energy Solutions,1220,Product sales revenue,BA006
CJ-001875,2025-07-15,19195,GBP,INFLOW,London Financial Services,1220,Customer payment received,BA007
CJ-001876,2025-07-15,27856,GBP,INFLOW,Cardiff Construction Ltd,4040,Service fee payment,BA006
CJ-001877,2025-07-15,18419,GBP,OUTFLOW,British Gas,6200,Service provider payment,BA006
CJ-001878,2025-07-16,136988,USD,INFLOW,TransAtlantic Shipping,1200,Service fee payment,BA003
CJ-001879,2025-07-16,121251,USD,INFLOW,Midwest Manufacturing,4000,Customer payment received,BA003
CJ-001880,2025-07-16,146064,USD,INFLOW,Western Digital Corp,4010,Product sales revenue,BA003
CJ-001881,2025-07-16,174248,USD,INFLOW,Sunbelt Energy Corp,4000,License renewal payment,BA002
CJ-001882,2025-07-16,171793,USD,INFLOW,Pacific Trading Corp,4000,Customer payment received,BA002
CJ-001883,2025-07-16,115721,USD,INFLOW,MegaCorp USA,4000,Consulting services payment,BA002
CJ-001884,2025-07-16,82417,USD,OUTFLOW,Workday Inc,6000,Utilities payment,BA001
CJ-001885,2025-07-16,58627,USD,OUTFLOW,Salesforce Inc,6200,Utilities payment,BA001
CJ-001886,2025-07-16,76424,USD,OUTFLOW,Staples Inc,6300,Material procurement,BA002
CJ-001887,2025-07-16,58755,USD,OUTFLOW,3M Company,2000,Utilities payment,BA002
CJ-001888,2025-07-16,92741,USD,OUTFLOW,Accenture PLC,5000,Professional services,BA001
CJ-001889,2025-07-16,90315,EUR,INFLOW,FranceTech SA,4020,Customer payment received,BA005
CJ-001890,2025-07-16,65087,EUR,INFLOW,Deutsche Industrial AG,4030,Customer payment received,BA005
CJ-001891,2025-07-16,68009,EUR,INFLOW,Hamburg Port Services,4020,Consulting revenue,BA005
CJ-001892,2025-07-16,40359,EUR,OUTFLOW,L'Oreal SA,2010,Material procurement,BA004
CJ-001893,2025-07-16,44087,EUR,OUTFLOW,RWE Energy,5010,Service provider payment,BA005
CJ-001894,2025-07-16,39513,EUR,OUTFLOW,Schneider Electric,2010,Equipment rental,BA004
CJ-001895,2025-07-16,49352,EUR,OUTFLOW,SAP SE,5010,Vendor payment,BA004
CJ-001896,2025-07-16,13347,GBP,INFLOW,Manchester United Industries,4040,Service fee payment,BA007
CJ-001897,2025-07-16,42083,GBP,INFLOW,Metropolitan Transit,1220,Customer payment received,BA006
CJ-001898,2025-07-16,25757,GBP,INFLOW,Highland Manufacturing,1220,Service fee payment,BA007
CJ-001899,2025-07-16,22304,GBP,INFLOW,Scottish Energy Solutions,4040,Customer payment received,BA006
CJ-001900,2025-07-16,8241,GBP,OUTFLOW,BT Group,6200,Utilities payment,BA007
CJ-001901,2025-07-16,12851,GBP,OUTFLOW,British Gas,6200,Utilities payment,BA007
CJ-001902,2025-07-17,110273,USD,INFLOW,Coastal Shipping USA,4000,Consulting services payment,BA001
CJ-001903,2025-07-17,119943,USD,INFLOW,Sunbelt Energy Corp,1200,Service fee payment,BA003
CJ-001904,2025-07-17,122045,USD,INFLOW,Southern Manufacturing,4000,Product sales revenue,BA003
CJ-001905,2025-07-17,111305,USD,OUTFLOW,3M Company,5000,Utilities payment,BA001
CJ-001906,2025-07-17,71226,USD,OUTFLOW,General Electric,6400,Service provider payment,BA002
CJ-001907,2025-07-17,64957,USD,OUTFLOW,Deloitte Consulting,2000,Maintenance services,BA001
CJ-001908,2025-07-17,76794,USD,OUTFLOW,Oracle Corp,6400,Maintenance services,BA001
CJ-001909,2025-07-17,96927,USD,OUTFLOW,General Electric,5000,Service provider payment,BA002
CJ-001910,2025-07-17,77773,EUR,INFLOW,AutoMotive Industries GmbH,1210,Consulting revenue,BA004
CJ-001911,2025-07-17,45445,EUR,INFLOW,Deutsche Industrial AG,4020,Consulting revenue,BA005
CJ-001912,2025-07-17,71023,EUR,INFLOW,ACME Corp,4020,Product sales revenue,BA005
CJ-001913,2025-07-17,47901,EUR,INFLOW,Milan Industries,4030,Product sales revenue,BA004
CJ-001914,2025-07-17,24289,EUR,OUTFLOW,Bosch Group,5010,Service provider payment,BA005
CJ-001915,2025-07-17,54602,EUR,OUTFLOW,SAP SE,2010,Equipment rental,BA005
CJ-001916,2025-07-17,37011,EUR,OUTFLOW,Volkswagen AG,5010,Equipment rental,BA005
CJ-001917,2025-07-17,26615,EUR,OUTFLOW,Capgemini SE,2010,Equipment rental,BA005
CJ-001918,2025-07-17,24000,GBP,INFLOW,Metropolitan Transit,4040,Service fee payment,BA007
CJ-001919,2025-07-17,9914,GBP,OUTFLOW,Sainsbury's,6200,Service provider payment,BA007
CJ-001920,2025-07-17,22749,GBP,OUTFLOW,BP Energy,2020,Utilities payment,BA006
CJ-001921,2025-07-17,24125,GBP,OUTFLOW,British Gas,6200,Vendor payment,BA006
CJ-001922,2025-07-18,87157,USD,INFLOW,National Services LLC,1200,Customer payment received,BA001
CJ-001923,2025-07-18,65482,USD,INFLOW,Midwest Manufacturing,4010,Consulting services payment,BA001
CJ-001924,2025-07-18,91666,USD,OUTFLOW,Office Depot,6000,Professional services,BA003
CJ-001925,2025-07-18,74966,USD,OUTFLOW,Amazon Web Services,6000,Professional services,BA003
CJ-001926,2025-07-18,84467,USD,OUTFLOW,Microsoft Corp,5000,Professional services,BA003
CJ-001927,2025-07-18,90077,USD,OUTFLOW,Cisco Systems,6100,Service provider payment,BA003
CJ-001928,2025-07-18,48111,EUR,INFLOW,ACME Corp,4020,Consulting revenue,BA005
CJ-001929,2025-07-18,46258,EUR,OUTFLOW,Lufthansa AG,6300,Vendor payment,BA005
CJ-001930,2025-07-18,37471,EUR,OUTFLOW,RWE Energy,2010,Service provider payment,BA004
CJ-001931,2025-07-18,36133,EUR,OUTFLOW,L'Oreal SA,2010,Material procurement,BA005
CJ-001932,2025-07-18,27380,GBP,INFLOW,Westminster Holdings,4040,Customer payment received,BA006
CJ-001933,2025-07-18,22444,GBP,OUTFLOW,Rolls-Royce Holdings,2020,Vendor payment,BA007
CJ-001934,2025-07-18,9050,GBP,OUTFLOW,BT Group,6200,Service provider payment,BA007
CJ-001935,2025-07-21,114460,USD,INFLOW,Southern Manufacturing,1200,Customer payment received,BA001
CJ-001936,2025-07-21,94237,USD,INFLOW,National Services LLC,4000,Customer payment received,BA002
CJ-001937,2025-07-21,106125,USD,INFLOW,TechGlobal Solutions,1200,Product sales revenue,BA003
CJ-001938,2025-07-21,148483,USD,OUTFLOW,Caterpillar Inc,5000,Professional services,BA001
CJ-001939,2025-07-21,126562,USD,OUTFLOW,Microsoft Corp,5000,Professional services,BA001
CJ-001940,2025-07-21,104866,USD,OUTFLOW,Amazon Web Services,6200,Maintenance services,BA003
CJ-001941,2025-07-21,150960,USD,OUTFLOW,Honeywell International,6100,Material procurement,BA002
CJ-001942,2025-07-21,108328,USD,OUTFLOW,3M Company,2000,Maintenance services,BA003
CJ-001943,2025-07-21,142311,USD,OUTFLOW,Cisco Systems,6100,Material procurement,BA001
CJ-001944,2025-07-21,146373,USD,OUTFLOW,Microsoft Corp,6200,Maintenance services,BA003
CJ-001945,2025-07-21,26311,EUR,INFLOW,Munich Automotive,4020,Product sales revenue,BA004
CJ-001946,2025-07-21,32733,EUR,INFLOW,FranceTech SA,4030,Service fee payment,BA004
CJ-001947,2025-07-21,66715,EUR,INFLOW,Deutsche Industrial AG,4030,Product sales revenue,BA004
CJ-001948,2025-07-21,29692,EUR,OUTFLOW,L'Oreal SA,2010,Equipment rental,BA005
CJ-001949,2025-07-21,34193,EUR,OUTFLOW,Airbus SE,2010,Vendor payment,BA004
CJ-001950,2025-07-21,73296,EUR,OUTFLOW,BASF SE,5010,Service provider payment,BA005
CJ-001951,2025-07-21,44007,EUR,OUTFLOW,Deutsche Telekom,2010,Equipment rental,BA004
CJ-001952,2025-07-21,79308,EUR,OUTFLOW,RWE Energy,5010,Material procurement,BA005
CJ-001953,2025-07-21,58317,EUR,OUTFLOW,Bayer AG,2010,Service provider payment,BA005
CJ-001954,2025-07-21,28393,GBP,INFLOW,British Retail Group,4040,Service fee payment,BA006
CJ-001955,2025-07-21,14241,GBP,INFLOW,Highland Manufacturing,1220,Product sales revenue,BA007
CJ-001956,2025-07-21,18043,GBP,INFLOW,London Financial Services,1220,Product sales revenue,BA007
CJ-001957,2025-07-21,30197,GBP,OUTFLOW,Tesco PLC,6200,Vendor payment,BA007
CJ-001958,2025-07-21,33056,GBP,OUTFLOW,Tesco PLC,2020,Utilities payment,BA007
CJ-001959,2025-07-21,39391,GBP,OUTFLOW,Royal Mail,6200,Service provider payment,BA006
CJ-001960,2025-07-21,14925,GBP,OUTFLOW,Rolls-Royce Holdings,2020,Utilities payment,BA007
CJ-001961,2025-07-22,124779,USD,INFLOW,National Services LLC,4000,Consulting services payment,BA002
CJ-001962,2025-07-22,126033,USD,INFLOW,Sunrise Technologies,4000,License renewal payment,BA001
CJ-001963,2025-07-22,187357,USD,INFLOW,Midwest Manufacturing,1200,Service fee payment,BA003
CJ-001964,2025-07-22,138991,USD,INFLOW,Northeast Industries,4000,Customer payment received,BA001
CJ-001965,2025-07-22,167696,USD,INFLOW,Southern Manufacturing,1200,License renewal payment,BA003
CJ-001966,2025-07-22,132584,USD,INFLOW,National Services LLC,4010,Customer payment received,BA003
CJ-001967,2025-07-22,148514,USD,INFLOW,Southern Manufacturing,1200,Service fee payment,BA003
CJ-001968,2025-07-22,139310,USD,INFLOW,Central Systems Inc,1200,Customer payment received,BA003
CJ-001969,2025-07-22,81521,USD,OUTFLOW,EY Global,2000,Maintenance services,BA002
CJ-001970,2025-07-22,85782,USD,OUTFLOW,Waste Management Inc,6300,Professional services,BA003
CJ-001971,2025-07-22,107858,USD,OUTFLOW,Caterpillar Inc,6100,Professional services,BA001
CJ-001972,2025-07-22,98628,EUR,INFLOW,Vienna Tech GmbH,1210,Customer payment received,BA005
CJ-001973,2025-07-22,55823,EUR,INFLOW,Vienna Tech GmbH,4020,Service fee payment,BA005
CJ-001974,2025-07-22,45355,EUR,INFLOW,Berlin Analytics GmbH,4030,Customer payment received,BA005
CJ-001975,2025-07-22,55328,EUR,INFLOW,FranceTech SA,4020,Service fee payment,BA004
CJ-001976,2025-07-22,86969,EUR,INFLOW,Deutsche Industrial AG,1210,Service fee payment,BA005
CJ-001977,2025-07-22,59975,EUR,INFLOW,Rhine Logistics AG,1210,Customer payment received,BA005
CJ-001978,2025-07-22,26452,EUR,OUTFLOW,Siemens AG,2010,Equipment rental,BA004
CJ-001979,2025-07-22,20093,EUR,OUTFLOW,Schneider Electric,6300,Material procurement,BA005
CJ-001980,2025-07-22,31654,GBP,INFLOW,Oxford Research Labs,1220,Customer payment received,BA006
CJ-001981,2025-07-22,29786,GBP,INFLOW,Oxford Research Labs,1220,Service fee payment,BA007
CJ-001982,2025-07-22,32325,GBP,INFLOW,Westminster Holdings,4040,Service fee payment,BA006
CJ-001983,2025-07-22,40451,GBP,INFLOW,Westminster Holdings,1220,Customer payment received,BA006
CJ-001984,2025-07-22,28123,GBP,INFLOW,Edinburgh Systems,4040,Product sales revenue,BA007
CJ-001985,2025-07-22,25700,GBP,OUTFLOW,Rolls-Royce Holdings,6200,Vendor payment,BA007
CJ-001986,2025-07-22,10317,GBP,OUTFLOW,Royal Mail,2020,Utilities payment,BA006
CJ-001987,2025-07-23,167965,USD,INFLOW,MegaCorp USA,4000,Customer payment received,BA003
CJ-001988,2025-07-23,135357,USD,INFLOW,Atlantic Corp,1200,Product sales revenue,BA002
CJ-001989,2025-07-23,143215,USD,INFLOW,TechGlobal Solutions,4010,Consulting services payment,BA003
CJ-001990,2025-07-23,99021,USD,INFLOW,Pacific Trading Corp,4010,Product sales revenue,BA003
CJ-001991,2025-07-23,170560,USD,INFLOW,Pacific Trading Corp,1200,Product sales revenue,BA001
CJ-001992,2025-07-23,149811,USD,INFLOW,TechGlobal Solutions,1200,Product sales revenue,BA003
CJ-001993,2025-07-23,102338,USD,OUTFLOW,3M Company,6100,Vendor payment,BA002
CJ-001994,2025-07-23,63245,USD,OUTFLOW,Caterpillar Inc,6400,Professional services,BA003
CJ-001995,2025-07-23,73527,USD,OUTFLOW,Caterpillar Inc,5000,Material procurement,BA002
CJ-001996,2025-07-23,79119,USD,OUTFLOW,General Electric,6200,Maintenance services,BA002
CJ-001997,2025-07-23,80555,USD,OUTFLOW,Amazon Web Services,6000,Professional services,BA001
CJ-001998,2025-07-23,49794,EUR,INFLOW,FranceTech SA,4030,Consulting revenue,BA005
CJ-001999,2025-07-23,89930,EUR,INFLOW,Vienna Tech GmbH,4030,Service fee payment,BA005
CJ-002000,2025-07-23,84989,EUR,INFLOW,Siemens Digital Industries,4020,Service fee payment,BA004
CJ-002001,2025-07-23,43005,EUR,INFLOW,Milan Industries,4020,Customer payment received,BA005
CJ-002002,2025-07-23,51484,EUR,OUTFLOW,SAP SE,2010,Service provider payment,BA004
CJ-002003,2025-07-23,17972,EUR,OUTFLOW,Deutsche Telekom,5010,Equipment rental,BA005
CJ-002004,2025-07-23,51635,EUR,OUTFLOW,Lufthansa AG,2010,Equipment rental,BA005
CJ-002005,2025-07-23,35390,EUR,OUTFLOW,ThyssenKrupp AG,6300,Equipment rental,BA005
CJ-002006,2025-07-23,21221,GBP,INFLOW,Oxford Research Labs,1220,Customer payment received,BA006
CJ-002007,2025-07-23,34731,GBP,INFLOW,Cambridge Biotech,1220,Customer payment received,BA007
CJ-002008,2025-07-23,15044,GBP,OUTFLOW,Sainsbury's,6200,Service provider payment,BA007
CJ-002009,2025-07-23,7261,GBP,OUTFLOW,Unilever PLC,2020,Service provider payment,BA007
CJ-002010,2025-07-24,128948,USD,INFLOW,Sunbelt Energy Corp,1200,License renewal payment,BA003
CJ-002011,2025-07-24,104389,USD,INFLOW,Midwest Agribusiness,4000,Product sales revenue,BA003
CJ-002012,2025-07-24,88939,USD,INFLOW,Midwest Agribusiness,1200,Product sales revenue,BA002
CJ-002013,2025-07-24,79433,USD,OUTFLOW,Salesforce Inc,2000,Vendor payment,BA002
CJ-002014,2025-07-24,107873,USD,OUTFLOW,Honeywell International,2000,Utilities payment,BA003
CJ-002015,2025-07-24,115701,USD,OUTFLOW,AT&T Services,5000,Maintenance services,BA001
CJ-002016,2025-07-24,71212,USD,OUTFLOW,Microsoft Corp,6400,Vendor payment,BA003
CJ-002017,2025-07-24,72518,USD,OUTFLOW,Microsoft Corp,6400,Maintenance services,BA003
CJ-002018,2025-07-24,49185,EUR,INFLOW,EuroTech Solutions,4020,Product sales revenue,BA005
CJ-002019,2025-07-24,62919,EUR,INFLOW,Vienna Tech GmbH,4020,Product sales revenue,BA004
CJ-002020,2025-07-24,47763,EUR,INFLOW,Nordic Energy AS,1210,Consulting revenue,BA004
CJ-002021,2025-07-24,51406,EUR,INFLOW,AutoMotive Industries GmbH,4020,Consulting revenue,BA004
CJ-002022,2025-07-24,51203,EUR,OUTFLOW,Volkswagen AG,2010,Material procurement,BA005
CJ-002023,2025-07-24,42965,EUR,OUTFLOW,Siemens AG,5010,Equipment rental,BA005
CJ-002024,2025-07-24,30706,EUR,OUTFLOW,Deutsche Telekom,6300,Vendor payment,BA004
CJ-002025,2025-07-24,21260,GBP,INFLOW,Oxford Research Labs,4040,Product sales revenue,BA007
CJ-002026,2025-07-24,10992,GBP,OUTFLOW,Royal Mail,6200,Service provider payment,BA006
CJ-002027,2025-07-24,31846,GBP,OUTFLOW,BP Energy,2020,Service provider payment,BA007
CJ-002028,2025-07-25,79377,USD,INFLOW,Central Systems Inc,4000,Service fee payment,BA003
CJ-002029,2025-07-25,101631,USD,INFLOW,Atlantic Corp,4010,Service fee payment,BA003
CJ-002030,2025-07-25,75092,USD,INFLOW,Continental Systems,1200,Customer payment received,BA002
CJ-002031,2025-07-25,96175,USD,INFLOW,Sunrise Technologies,4000,Service fee payment,BA003
CJ-002032,2025-07-25,85036,USD,OUTFLOW,Office Depot,6400,Utilities payment,BA002
CJ-002033,2025-07-25,86255,USD,OUTFLOW,General Electric,6100,Vendor payment,BA002
CJ-002034,2025-07-25,29159,EUR,INFLOW,Nordic Energy AS,1210,Customer payment received,BA004
CJ-002035,2025-07-25,46735,EUR,OUTFLOW,SAP SE,5010,Vendor payment,BA004
CJ-002036,2025-07-25,28482,EUR,OUTFLOW,RWE Energy,5010,Material procurement,BA004
CJ-002037,2025-07-25,33742,EUR,OUTFLOW,RWE Energy,2010,Service provider payment,BA004
CJ-002038,2025-07-25,11880,GBP,INFLOW,Westminster Holdings,1220,Service fee payment,BA007
CJ-002039,2025-07-25,12406,GBP,OUTFLOW,Tesco PLC,6200,Service provider payment,BA006
CJ-002040,2025-07-25,11330,GBP,OUTFLOW,Sainsbury's,2020,Service provider payment,BA007
CJ-002041,2025-07-28,87717,USD,INFLOW,Central Systems Inc,4000,License renewal payment,BA002
CJ-002042,2025-07-28,91306,USD,INFLOW,MegaCorp USA,4000,Consulting services payment,BA002
CJ-002043,2025-07-28,76229,USD,INFLOW,TransAtlantic Shipping,4010,Consulting services payment,BA003
CJ-002044,2025-07-28,133519,USD,OUTFLOW,General Electric,5000,Professional services,BA003
CJ-002045,2025-07-28,128245,USD,OUTFLOW,Office Depot,2000,Material procurement,BA001
CJ-002046,2025-07-28,87509,USD,OUTFLOW,Microsoft Corp,6300,Vendor payment,BA001
CJ-002047,2025-07-28,85963,USD,OUTFLOW,Verizon Business,6300,Maintenance services,BA001
CJ-002048,2025-07-28,93560,USD,OUTFLOW,General Electric,6100,Utilities payment,BA001
CJ-002049,2025-07-28,46273,EUR,INFLOW,FranceTech SA,1210,Consulting revenue,BA004
CJ-002050,2025-07-28,28434,EUR,INFLOW,Milan Industries,4020,Product sales revenue,BA004
CJ-002051,2025-07-28,62438,EUR,OUTFLOW,Bayer AG,2010,Equipment rental,BA005
CJ-002052,2025-07-28,49527,EUR,OUTFLOW,Volkswagen AG,6300,Vendor payment,BA004
CJ-002053,2025-07-28,53477,EUR,OUTFLOW,Schneider Electric,2010,Material procurement,BA005
CJ-002054,2025-07-28,64917,EUR,OUTFLOW,Bosch Group,5010,Vendor payment,BA005
CJ-002055,2025-07-28,27394,GBP,INFLOW,Edinburgh Systems,4040,Product sales revenue,BA006
CJ-002056,2025-07-28,24654,GBP,INFLOW,Cambridge Biotech,4040,Service fee payment,BA006
CJ-002057,2025-07-28,11603,GBP,INFLOW,Cambridge Biotech,4040,Customer payment received,BA007
CJ-002058,2025-07-28,35072,GBP,OUTFLOW,Shell Energy,6200,Service provider payment,BA006
CJ-002059,2025-07-28,32082,GBP,OUTFLOW,BP Energy,6200,Vendor payment,BA006
CJ-002060,2025-07-28,31162,GBP,OUTFLOW,Unilever PLC,6200,Vendor payment,BA006
CJ-002061,2025-07-28,16112,GBP,OUTFLOW,Royal Mail,2020,Vendor payment,BA006
CJ-002062,2025-07-29,122969,USD,INFLOW,American Logistics Inc,4010,Customer payment received,BA003
CJ-002063,2025-07-29,167458,USD,INFLOW,TransAtlantic Shipping,4000,Customer payment received,BA002
CJ-002064,2025-07-29,118662,USD,INFLOW,Midwest Agribusiness,4000,License renewal payment,BA002
CJ-002065,2025-07-29,148582,USD,INFLOW,TransAtlantic Shipping,1200,License renewal payment,BA002
CJ-002066,2025-07-29,111797,USD,INFLOW,Southern Manufacturing,1200,Customer payment received,BA003
CJ-002067,2025-07-29,114349,USD,INFLOW,Northeast Industries,4010,Service fee payment,BA002
CJ-002068,2025-07-29,96184,USD,OUTFLOW,Waste Management Inc,6000,Maintenance services,BA002
CJ-002069,2025-07-29,143725,USD,OUTFLOW,VMware Inc,2000,Service provider payment,BA003
CJ-002070,2025-07-29,151250,USD,OUTFLOW,Workday Inc,6400,Vendor payment,BA001
CJ-002071,2025-07-29,79836,USD,OUTFLOW,Adobe Systems,6300,Material procurement,BA002
CJ-002072,2025-07-29,136124,USD,OUTFLOW,Accenture PLC,6300,Utilities payment,BA001
CJ-002073,2025-07-29,120856,USD,OUTFLOW,EY Global,6000,Service provider payment,BA003
CJ-002074,2025-07-29,109412,USD,OUTFLOW,Salesforce Inc,2000,Vendor payment,BA002
CJ-002075,2025-07-29,83084,EUR,INFLOW,Milan Industries,4030,Product sales revenue,BA005
CJ-002076,2025-07-29,67655,EUR,INFLOW,Deutsche Industrial AG,1210,Product sales revenue,BA004
CJ-002077,2025-07-29,83874,EUR,INFLOW,Stuttgart Engineering,4030,Product sales revenue,BA005
CJ-002078,2025-07-29,84958,EUR,INFLOW,Nordic Energy AS,4020,Consulting revenue,BA005
CJ-002079,2025-07-29,73144,EUR,INFLOW,Milan Industries,4020,Consulting revenue,BA004
CJ-002080,2025-07-29,31178,EUR,OUTFLOW,BASF SE,2010,Service provider payment,BA004
CJ-002081,2025-07-29,31804,EUR,OUTFLOW,Allianz SE,6300,Service provider payment,BA005
CJ-002082,2025-07-29,42542,EUR,OUTFLOW,Volkswagen AG,6300,Material procurement,BA004
CJ-002083,2025-07-29,41522,EUR,OUTFLOW,Airbus SE,5010,Equipment rental,BA005
CJ-002084,2025-07-29,72712,EUR,OUTFLOW,Siemens AG,6300,Equipment rental,BA004
CJ-002085,2025-07-29,39366,EUR,OUTFLOW,ThyssenKrupp AG,2010,Equipment rental,BA004
CJ-002086,2025-07-29,17505,GBP,INFLOW,British Retail Group,1220,Service fee payment,BA007
CJ-002087,2025-07-29,16803,GBP,INFLOW,Highland Manufacturing,1220,Product sales revenue,BA007
CJ-002088,2025-07-29,49441,GBP,INFLOW,London Financial Services,4040,Customer payment received,BA006
CJ-002089,2025-07-29,22264,GBP,OUTFLOW,BT Group,6200,Utilities payment,BA006
CJ-002090,2025-07-29,12561,GBP,OUTFLOW,Shell Energy,2020,Service provider payment,BA006
CJ-002091,2025-07-29,21210,GBP,OUTFLOW,BAE Systems,6200,Service provider payment,BA007
CJ-002092,2025-07-30,154455,USD,INFLOW,Northeast Industries,1200,Service fee payment,BA003
CJ-002093,2025-07-30,155373,USD,INFLOW,Sunbelt Energy Corp,1200,Consulting services payment,BA003
CJ-002094,2025-07-30,169107,USD,INFLOW,Coastal Shipping USA,4000,Service fee payment,BA001
CJ-002095,2025-07-30,177180,USD,INFLOW,Midwest Agribusiness,1200,Consulting services payment,BA002
CJ-002096,2025-07-30,145973,USD,INFLOW,Sunbelt Energy Corp,4010,Customer payment received,BA002
CJ-002097,2025-07-30,123738,USD,OUTFLOW,Microsoft Corp,6300,Maintenance services,BA002
CJ-002098,2025-07-30,102376,USD,OUTFLOW,Deloitte Consulting,2000,Material procurement,BA001
CJ-002099,2025-07-30,99030,USD,OUTFLOW,Verizon Business,6200,Service provider payment,BA003
CJ-002100,2025-07-30,127894,USD,OUTFLOW,Deloitte Consulting,6100,Utilities payment,BA003
CJ-002101,2025-07-30,120981,USD,OUTFLOW,VMware Inc,6100,Professional services,BA003
CJ-002102,2025-07-30,89322,EUR,INFLOW,EuroTech Solutions,4030,Customer payment received,BA005
CJ-002103,2025-07-30,93376,EUR,INFLOW,Siemens Digital Industries,1210,Consulting revenue,BA005
CJ-002104,2025-07-30,90808,EUR,INFLOW,Siemens Digital Industries,1210,Customer payment received,BA005
CJ-002105,2025-07-30,65235,EUR,INFLOW,EuroTech Solutions,1210,Service fee payment,BA004
CJ-002106,2025-07-30,56316,EUR,OUTFLOW,Deutsche Telekom,6300,Vendor payment,BA005
CJ-002107,2025-07-30,68048,EUR,OUTFLOW,ThyssenKrupp AG,2010,Service provider payment,BA005
CJ-002108,2025-07-30,27031,EUR,OUTFLOW,Capgemini SE,2010,Service provider payment,BA004
CJ-002109,2025-07-30,53874,EUR,OUTFLOW,Lufthansa AG,6300,Vendor payment,BA005
CJ-002110,2025-07-30,34335,GBP,INFLOW,British Retail Group,4040,Customer payment received,BA006
CJ-002111,2025-07-30,26245,GBP,INFLOW,Bristol Aerospace,4040,Service fee payment,BA007
CJ-002112,2025-07-30,15981,GBP,INFLOW,Scottish Energy Solutions,1220,Product sales revenue,BA007
CJ-002113,2025-07-30,19238,GBP,INFLOW,Metropolitan Transit,4040,Customer payment received,BA007
CJ-002114,2025-07-30,26878,GBP,OUTFLOW,BAE Systems,6200,Service provider payment,BA007
CJ-002115,2025-07-30,22002,GBP,OUTFLOW,Shell Energy,6200,Service provider payment,BA007
CJ-002116,2025-07-30,23902,GBP,OUTFLOW,Vodafone Group,6200,Vendor payment,BA007
CJ-002117,2025-07-31,2249413,USD,OUTFLOW,ADP Payroll Services,6000,Monthly payroll processing,BA003
CJ-002118,2025-07-31,108535,USD,INFLOW,Sunrise Technologies,4000,License renewal payment,BA003
CJ-002119,2025-07-31,143154,USD,INFLOW,Sunbelt Energy Corp,4010,License renewal payment,BA001
CJ-002120,2025-07-31,121069,USD,INFLOW,Coastal Shipping USA,1200,Product sales revenue,BA003
CJ-002121,2025-07-31,123875,USD,INFLOW,Pacific Trading Corp,4010,Customer payment received,BA001
CJ-002122,2025-07-31,118763,USD,INFLOW,Midwest Manufacturing,1200,Service fee payment,BA001
CJ-002123,2025-07-31,119443,USD,INFLOW,Sunbelt Energy Corp,4000,License renewal payment,BA001
CJ-002124,2025-07-31,125417,USD,OUTFLOW,EY Global,6200,Utilities payment,BA001
CJ-002125,2025-07-31,173422,USD,OUTFLOW,Honeywell International,5000,Service provider payment,BA003
CJ-002126,2025-07-31,142302,USD,OUTFLOW,3M Company,6400,Maintenance services,BA003
CJ-002127,2025-07-31,133083,USD,OUTFLOW,Amazon Web Services,5000,Vendor payment,BA002
CJ-002128,2025-07-31,174806,USD,OUTFLOW,Oracle Corp,6400,Material procurement,BA003
CJ-002129,2025-07-31,76137,EUR,INFLOW,Hamburg Port Services,1210,Customer payment received,BA004
CJ-002130,2025-07-31,50518,EUR,INFLOW,Rhine Logistics AG,4030,Consulting revenue,BA004
CJ-002131,2025-07-31,37758,EUR,INFLOW,Frankfurt Solutions,4030,Customer payment received,BA004
CJ-002132,2025-07-31,69281,EUR,INFLOW,EuroTech Solutions,4030,Product sales revenue,BA005
CJ-002133,2025-07-31,80067,EUR,OUTFLOW,Deutsche Telekom,5010,Service provider payment,BA005
CJ-002134,2025-07-31,43590,EUR,OUTFLOW,SAP SE,2010,Material procurement,BA004
CJ-002135,2025-07-31,71092,EUR,OUTFLOW,BASF SE,2010,Equipment rental,BA004
CJ-002136,2025-07-31,85285,EUR,OUTFLOW,Bayer AG,5010,Equipment rental,BA005
CJ-002137,2025-07-31,25073,GBP,INFLOW,British Retail Group,4040,Service fee payment,BA006
CJ-002138,2025-07-31,43866,GBP,OUTFLOW,Tesco PLC,6200,Utilities payment,BA007
CJ-002139,2025-07-31,41566,GBP,OUTFLOW,Rolls-Royce Holdings,6200,Service provider payment,BA006
CJ-002140,2025-07-31,33958,GBP,OUTFLOW,Shell Energy,2020,Utilities payment,BA006
CJ-002141,2025-07-31,28736,GBP,OUTFLOW,British Gas,2020,Vendor payment,BA007
CJ-002142,2025-08-01,94500,USD,INFLOW,Western Digital Corp,1200,License renewal payment,BA003
CJ-002143,2025-08-01,88657,USD,INFLOW,Northeast Industries,1200,Product sales revenue,BA001
CJ-002144,2025-08-01,103552,USD,INFLOW,TechGlobal Solutions,4010,Consulting services payment,BA003
CJ-002145,2025-08-01,145586,USD,INFLOW,Central Systems Inc,4000,Service fee payment,BA001
CJ-002146,2025-08-01,111273,USD,INFLOW,National Services LLC,1200,License renewal payment,BA002
CJ-002147,2025-08-01,103387,USD,INFLOW,Atlantic Corp,1200,Product sales revenue,BA003
CJ-002148,2025-08-01,122404,USD,INFLOW,TechGlobal Solutions,4000,Customer payment received,BA003
CJ-002149,2025-08-01,51002,USD,OUTFLOW,Staples Inc,6000,Vendor payment,BA003
CJ-002150,2025-08-01,81547,USD,OUTFLOW,Caterpillar Inc,2000,Material procurement,BA001
CJ-002151,2025-08-01,86952,USD,OUTFLOW,Salesforce Inc,6400,Maintenance services,BA003
CJ-002152,2025-08-01,58457,EUR,INFLOW,ACME Corp,1210,Consulting revenue,BA005
CJ-002153,2025-08-01,54207,EUR,INFLOW,ACME Corp,4020,Consulting revenue,BA005
CJ-002154,2025-08-01,64421,EUR,INFLOW,Siemens Digital Industries,1210,Product sales revenue,BA004
CJ-002155,2025-08-01,42269,EUR,INFLOW,AutoMotive Industries GmbH,1210,Customer payment received,BA004
CJ-002156,2025-08-01,40568,EUR,INFLOW,Stuttgart Engineering,4020,Service fee payment,BA005
CJ-002157,2025-08-01,19109,EUR,OUTFLOW,SAP SE,5010,Equipment rental,BA004
CJ-002158,2025-08-01,17235,EUR,OUTFLOW,Bayer AG,5010,Service provider payment,BA004
CJ-002159,2025-08-01,36301,EUR,OUTFLOW,SAP SE,6300,Material procurement,BA005
CJ-002160,2025-08-01,14042,GBP,INFLOW,Scottish Energy Solutions,1220,Customer payment received,BA007
CJ-002161,2025-08-01,37167,GBP,INFLOW,Highland Manufacturing,1220,Customer payment received,BA007
CJ-002162,2025-08-01,10224,GBP,INFLOW,Westminster Holdings,1220,Customer payment received,BA006
CJ-002163,2025-08-01,16380,GBP,OUTFLOW,Vodafone Group,2020,Service provider payment,BA006
CJ-002164,2025-08-04,89046,USD,INFLOW,Sunbelt Energy Corp,4010,Customer payment received,BA001
CJ-002165,2025-08-04,73396,USD,INFLOW,American Logistics Inc,4000,Consulting services payment,BA002
CJ-002166,2025-08-04,81640,USD,INFLOW,TechGlobal Solutions,4000,License renewal payment,BA001
CJ-002167,2025-08-04,118099,USD,INFLOW,National Services LLC,4000,Service fee payment,BA003
CJ-002168,2025-08-04,152458,USD,OUTFLOW,Office Depot,6100,Material procurement,BA002
CJ-002169,2025-08-04,122604,USD,OUTFLOW,Caterpillar Inc,2000,Professional services,BA001
CJ-002170,2025-08-04,134876,USD,OUTFLOW,Oracle Corp,6400,Vendor payment,BA001
CJ-002171,2025-08-04,149237,USD,OUTFLOW,Caterpillar Inc,6000,Professional services,BA002
CJ-002172,2025-08-04,117265,USD,OUTFLOW,Salesforce Inc,2000,Professional services,BA001
CJ-002173,2025-08-04,119373,USD,OUTFLOW,AT&T Services,2000,Utilities payment,BA002
CJ-002174,2025-08-04,29248,EUR,INFLOW,Deutsche Industrial AG,4030,Consulting revenue,BA005
CJ-002175,2025-08-04,34379,EUR,INFLOW,Frankfurt Solutions,4020,Consulting revenue,BA004
CJ-002176,2025-08-04,45288,EUR,INFLOW,EuroTech Solutions,1210,Product sales revenue,BA004
CJ-002177,2025-08-04,54712,EUR,OUTFLOW,ThyssenKrupp AG,5010,Equipment rental,BA004
CJ-002178,2025-08-04,46113,EUR,OUTFLOW,Volkswagen AG,2010,Material procurement,BA005
CJ-002179,2025-08-04,75468,EUR,OUTFLOW,Airbus SE,6300,Service provider payment,BA004
CJ-002180,2025-08-04,82766,EUR,OUTFLOW,Deutsche Post,2010,Service provider payment,BA004
CJ-002181,2025-08-04,21897,GBP,INFLOW,Westminster Holdings,1220,Customer payment received,BA007
CJ-002182,2025-08-04,37380,GBP,OUTFLOW,AstraZeneca PLC,6200,Service provider payment,BA007
CJ-002183,2025-08-04,31811,GBP,OUTFLOW,AstraZeneca PLC,2020,Service provider payment,BA007
CJ-002184,2025-08-04,38280,GBP,OUTFLOW,AstraZeneca PLC,6200,Utilities payment,BA007
CJ-002185,2025-08-04,20166,GBP,OUTFLOW,BT Group,6200,Vendor payment,BA007
CJ-002186,2025-08-04,19502,GBP,OUTFLOW,Rolls-Royce Holdings,2020,Service provider payment,BA006
CJ-002187,2025-08-05,138059,USD,INFLOW,MegaCorp USA,1200,Consulting services payment,BA001
CJ-002188,2025-08-05,134177,USD,INFLOW,TransAtlantic Shipping,1200,Product sales revenue,BA002
CJ-002189,2025-08-05,111612,USD,INFLOW,Coastal Shipping USA,4000,Customer payment received,BA002
CJ-002190,2025-08-05,165615,USD,INFLOW,Midwest Agribusiness,4010,Service fee payment,BA003
CJ-002191,2025-08-05,111121,USD,INFLOW,Western Digital Corp,4000,Customer payment received,BA001
CJ-002192,2025-08-05,60170,USD,OUTFLOW,Honeywell International,2000,Utilities payment,BA001
CJ-002193,2025-08-05,67598,USD,OUTFLOW,Waste Management Inc,2000,Material procurement,BA002
CJ-002194,2025-08-05,106246,USD,OUTFLOW,3M Company,6100,Vendor payment,BA001
CJ-002195,2025-08-05,84290,USD,OUTFLOW,Honeywell International,6000,Material procurement,BA002
CJ-002196,2025-08-05,95072,USD,OUTFLOW,Deloitte Consulting,6200,Maintenance services,BA002
CJ-002197,2025-08-05,88658,USD,OUTFLOW,Staples Inc,6000,Service provider payment,BA003
CJ-002198,2025-08-05,50408,EUR,INFLOW,Stuttgart Engineering,4020,Product sales revenue,BA004
CJ-002199,2025-08-05,42640,EUR,INFLOW,Berlin Analytics GmbH,4030,Service fee payment,BA004
CJ-002200,2025-08-05,63908,EUR,INFLOW,FranceTech SA,4020,Customer payment received,BA004
CJ-002201,2025-08-05,66202,EUR,INFLOW,Deutsche Industrial AG,4020,Consulting revenue,BA004
CJ-002202,2025-08-05,84340,EUR,INFLOW,Nordic Energy AS,4020,Consulting revenue,BA005
CJ-002203,2025-08-05,84161,EUR,INFLOW,ACME Corp,4030,Product sales revenue,BA004
CJ-002204,2025-08-05,37995,EUR,OUTFLOW,Bayer AG,6300,Material procurement,BA005
CJ-002205,2025-08-05,42208,EUR,OUTFLOW,Deutsche Telekom,6300,Vendor payment,BA005
CJ-002206,2025-08-05,25273,EUR,OUTFLOW,BASF SE,6300,Material procurement,BA005
CJ-002207,2025-08-05,19336,EUR,OUTFLOW,Siemens AG,2010,Material procurement,BA004
CJ-002208,2025-08-05,38091,GBP,INFLOW,Oxford Research Labs,1220,Customer payment received,BA007
CJ-002209,2025-08-05,23799,GBP,INFLOW,Metropolitan Transit,1220,Customer payment received,BA006
CJ-002210,2025-08-05,41873,GBP,INFLOW,Edinburgh Systems,1220,Product sales revenue,BA006
CJ-002211,2025-08-05,38256,GBP,INFLOW,Oxford Research Labs,4040,Service fee payment,BA007
CJ-002212,2025-08-05,23676,GBP,OUTFLOW,BAE Systems,6200,Vendor payment,BA007
CJ-002213,2025-08-05,9484,GBP,OUTFLOW,Sainsbury's,2020,Vendor payment,BA007
CJ-002214,2025-08-05,23735,GBP,OUTFLOW,Tesco PLC,6200,Service provider payment,BA007
CJ-002215,2025-08-06,142386,USD,INFLOW,MegaCorp USA,4000,Service fee payment,BA001
CJ-002216,2025-08-06,142896,USD,INFLOW,MegaCorp USA,4010,Consulting services payment,BA003
CJ-002217,2025-08-06,175631,USD,INFLOW,MegaCorp USA,4010,License renewal payment,BA003
CJ-002218,2025-08-06,134502,USD,INFLOW,Atlantic Corp,4010,Service fee payment,BA001
CJ-002219,2025-08-06,101091,USD,OUTFLOW,General Electric,2000,Vendor payment,BA001
CJ-002220,2025-08-06,86989,USD,OUTFLOW,3M Company,6400,Service provider payment,BA003
CJ-002221,2025-08-06,90879,USD,OUTFLOW,Deloitte Consulting,5000,Material procurement,BA002
CJ-002222,2025-08-06,53201,EUR,INFLOW,ACME Corp,4020,Service fee payment,BA004
CJ-002223,2025-08-06,78991,EUR,INFLOW,ACME Corp,4030,Product sales revenue,BA004
CJ-002224,2025-08-06,85951,EUR,INFLOW,Munich Automotive,1210,Product sales revenue,BA004
CJ-002225,2025-08-06,49656,EUR,OUTFLOW,Schneider Electric,6300,Material procurement,BA004
CJ-002226,2025-08-06,49745,EUR,OUTFLOW,BASF SE,5010,Service provider payment,BA004
CJ-002227,2025-08-06,41921,EUR,OUTFLOW,Bayer AG,6300,Service provider payment,BA005
CJ-002228,2025-08-06,32442,GBP,INFLOW,Edinburgh Systems,4040,Customer payment received,BA007
CJ-002229,2025-08-06,39698,GBP,INFLOW,London Financial Services,1220,Product sales revenue,BA007
CJ-002230,2025-08-06,21925,GBP,OUTFLOW,BT Group,2020,Utilities payment,BA006
CJ-002231,2025-08-06,17695,GBP,OUTFLOW,Royal Mail,2020,Utilities payment,BA007
CJ-002232,2025-08-07,129637,USD,INFLOW,Western Digital Corp,4010,Customer payment received,BA002
CJ-002233,2025-08-07,121368,USD,INFLOW,Northeast Industries,4000,Customer payment received,BA002
CJ-002234,2025-08-07,145113,USD,INFLOW,Pacific Trading Corp,4000,License renewal payment,BA001
CJ-002235,2025-08-07,141887,USD,INFLOW,Sunrise Technologies,4010,Product sales revenue,BA003
CJ-002236,2025-08-07,93596,USD,OUTFLOW,EY Global,5000,Vendor payment,BA003
CJ-002237,2025-08-07,76139,USD,OUTFLOW,VMware Inc,2000,Vendor payment,BA002
CJ-002238,2025-08-07,98750,USD,OUTFLOW,Salesforce Inc,6100,Professional services,BA002
CJ-002239,2025-08-07,75371,USD,OUTFLOW,Honeywell International,6300,Material procurement,BA002
CJ-002240,2025-08-07,105635,USD,OUTFLOW,Workday Inc,5000,Vendor payment,BA003
CJ-002241,2025-08-07,67068,USD,OUTFLOW,Deloitte Consulting,6100,Service provider payment,BA001
CJ-002242,2025-08-07,73232,EUR,INFLOW,Rhine Logistics AG,4030,Service fee payment,BA005
CJ-002243,2025-08-07,40857,EUR,INFLOW,Rhine Logistics AG,4030,Customer payment received,BA005
CJ-002244,2025-08-07,41373,EUR,INFLOW,Munich Automotive,4020,Consulting revenue,BA004
CJ-002245,2025-08-07,38179,EUR,OUTFLOW,RWE Energy,6300,Service provider payment,BA004
CJ-002246,2025-08-07,41047,EUR,OUTFLOW,Airbus SE,2010,Material procurement,BA005
CJ-002247,2025-08-07,52475,EUR,OUTFLOW,Siemens AG,6300,Material procurement,BA005
CJ-002248,2025-08-07,63011,EUR,OUTFLOW,Volkswagen AG,2010,Material procurement,BA005
CJ-002249,2025-08-07,14158,GBP,INFLOW,Cardiff Construction Ltd,4040,Service fee payment,BA006
CJ-002250,2025-08-07,29624,GBP,INFLOW,Highland Manufacturing,4040,Customer payment received,BA007
CJ-002251,2025-08-07,18781,GBP,OUTFLOW,Tesco PLC,2020,Service provider payment,BA006
CJ-002252,2025-08-07,8692,GBP,OUTFLOW,BT Group,6200,Vendor payment,BA007
CJ-002253,2025-08-08,78454,USD,INFLOW,Atlantic Corp,1200,Consulting services payment,BA002
CJ-002254,2025-08-08,86191,USD,INFLOW,Coastal Shipping USA,4000,Customer payment received,BA003
CJ-002255,2025-08-08,87000,USD,INFLOW,TransAtlantic Shipping,4000,Consulting services payment,BA001
CJ-002256,2025-08-08,64672,USD,INFLOW,Sunbelt Energy Corp,1200,License renewal payment,BA001
CJ-002257,2025-08-08,84142,USD,OUTFLOW,Staples Inc,5000,Professional services,BA001
CJ-002258,2025-08-08,54621,USD,OUTFLOW,Honeywell International,2000,Maintenance services,BA001
CJ-002259,2025-08-08,57327,USD,OUTFLOW,Staples Inc,6200,Maintenance services,BA003
CJ-002260,2025-08-08,89342,USD,OUTFLOW,Accenture PLC,2000,Material procurement,BA003
CJ-002261,2025-08-08,48012,EUR,INFLOW,Deutsche Industrial AG,4020,Consulting revenue,BA005
CJ-002262,2025-08-08,26041,EUR,OUTFLOW,Siemens AG,2010,Material procurement,BA005
CJ-002263,2025-08-08,31805,EUR,OUTFLOW,Lufthansa AG,6300,Equipment rental,BA005
CJ-002264,2025-08-08,19498,GBP,INFLOW,Bristol Aerospace,4040,Customer payment received,BA007
CJ-002265,2025-08-08,11105,GBP,OUTFLOW,Rolls-Royce Holdings,6200,Service provider payment,BA006
CJ-002266,2025-08-11,87441,USD,INFLOW,Pacific Trading Corp,4010,Product sales revenue,BA003
CJ-002267,2025-08-11,112273,USD,INFLOW,Central Systems Inc,4010,Customer payment received,BA003
CJ-002268,2025-08-11,74881,USD,INFLOW,Atlantic Corp,1200,Product sales revenue,BA003
CJ-002269,2025-08-11,101046,USD,INFLOW,Northeast Industries,4000,Product sales revenue,BA002
CJ-002270,2025-08-11,97094,USD,OUTFLOW,General Electric,6000,Utilities payment,BA002
CJ-002271,2025-08-11,139995,USD,OUTFLOW,Honeywell International,6300,Material procurement,BA003
CJ-002272,2025-08-11,87026,USD,OUTFLOW,3M Company,6200,Service provider payment,BA001
CJ-002273,2025-08-11,145180,USD,OUTFLOW,VMware Inc,2000,Utilities payment,BA002
CJ-002274,2025-08-11,129844,USD,OUTFLOW,General Electric,6000,Professional services,BA003
CJ-002275,2025-08-11,121538,USD,OUTFLOW,Honeywell International,6100,Maintenance services,BA001
CJ-002276,2025-08-11,50370,EUR,INFLOW,Nordic Energy AS,1210,Customer payment received,BA004
CJ-002277,2025-08-11,66181,EUR,INFLOW,Vienna Tech GmbH,4020,Customer payment received,BA005
CJ-002278,2025-08-11,52539,EUR,INFLOW,Nordic Energy AS,1210,Product sales revenue,BA005
CJ-002279,2025-08-11,31132,EUR,INFLOW,Berlin Analytics GmbH,4030,Consulting revenue,BA005
CJ-002280,2025-08-11,50499,EUR,OUTFLOW,BASF SE,6300,Equipment rental,BA004
CJ-002281,2025-08-11,38055,EUR,OUTFLOW,Volkswagen AG,2010,Vendor payment,BA004
CJ-002282,2025-08-11,39987,EUR,OUTFLOW,Volkswagen AG,2010,Material procurement,BA005
CJ-002283,2025-08-11,54655,EUR,OUTFLOW,Deutsche Post,6300,Service provider payment,BA005
CJ-002284,2025-08-11,77606,EUR,OUTFLOW,Deutsche Telekom,6300,Material procurement,BA005
CJ-002285,2025-08-11,56077,EUR,OUTFLOW,Deutsche Telekom,5010,Vendor payment,BA005
CJ-002286,2025-08-11,28009,GBP,INFLOW,Cardiff Construction Ltd,1220,Service fee payment,BA007
CJ-002287,2025-08-11,32782,GBP,INFLOW,Edinburgh Systems,1220,Service fee payment,BA006
CJ-002288,2025-08-11,17283,GBP,INFLOW,Highland Manufacturing,4040,Customer payment received,BA006
CJ-002289,2025-08-11,25169,GBP,OUTFLOW,BP Energy,6200,Service provider payment,BA006
CJ-002290,2025-08-11,35259,GBP,OUTFLOW,AstraZeneca PLC,6200,Vendor payment,BA007
CJ-002291,2025-08-11,33201,GBP,OUTFLOW,British Gas,2020,Service provider payment,BA007
CJ-002292,2025-08-12,167365,USD,INFLOW,Atlantic Corp,4010,Product sales revenue,BA003
CJ-002293,2025-08-12,157875,USD,INFLOW,Sunrise Technologies,1200,Consulting services payment,BA003
CJ-002294,2025-08-12,130272,USD,INFLOW,Midwest Manufacturing,4010,Consulting services payment,BA002
CJ-002295,2025-08-12,183198,USD,INFLOW,Sunbelt Energy Corp,4000,License renewal payment,BA001
CJ-002296,2025-08-12,173791,USD,INFLOW,Global Pharma Corp,4000,Consulting services payment,BA001
CJ-002297,2025-08-12,180428,USD,INFLOW,Midwest Agribusiness,1200,License renewal payment,BA002
CJ-002298,2025-08-12,161903,USD,INFLOW,National Services LLC,4000,Customer payment received,BA002
CJ-002299,2025-08-12,71367,USD,OUTFLOW,Microsoft Corp,5000,Material procurement,BA003
CJ-002300,2025-08-12,57892,USD,OUTFLOW,EY Global,2000,Maintenance services,BA002
CJ-002301,2025-08-12,91513,USD,OUTFLOW,Workday Inc,6300,Material procurement,BA002
CJ-002302,2025-08-12,69640,USD,OUTFLOW,General Electric,6100,Material procurement,BA001
CJ-002303,2025-08-12,42026,EUR,INFLOW,FranceTech SA,4020,Consulting revenue,BA004
CJ-002304,2025-08-12,89617,EUR,INFLOW,Nordic Energy AS,4030,Customer payment received,BA005
CJ-002305,2025-08-12,39863,EUR,INFLOW,EuroTech Solutions,4020,Customer payment received,BA004
CJ-002306,2025-08-12,60586,EUR,INFLOW,Hamburg Port Services,4020,Product sales revenue,BA005
CJ-002307,2025-08-12,26587,EUR,OUTFLOW,Bosch Group,2010,Material procurement,BA005
CJ-002308,2025-08-12,26876,EUR,OUTFLOW,Schneider Electric,6300,Equipment rental,BA005
CJ-002309,2025-08-12,18988,GBP,INFLOW,Manchester United Industries,1220,Customer payment received,BA006
CJ-002310,2025-08-12,15218,GBP,INFLOW,Edinburgh Systems,4040,Service fee payment,BA006
CJ-002311,2025-08-12,27035,GBP,INFLOW,Highland Manufacturing,4040,Service fee payment,BA006
CJ-002312,2025-08-12,37245,GBP,INFLOW,Westminster Holdings,1220,Product sales revenue,BA007
CJ-002313,2025-08-12,21868,GBP,OUTFLOW,AstraZeneca PLC,2020,Utilities payment,BA007
CJ-002314,2025-08-12,20965,GBP,OUTFLOW,BP Energy,6200,Vendor payment,BA006
CJ-002315,2025-08-12,16466,GBP,OUTFLOW,Tesco PLC,6200,Vendor payment,BA007
CJ-002316,2025-08-13,174550,USD,INFLOW,Central Systems Inc,4000,Customer payment received,BA003
CJ-002317,2025-08-13,123365,USD,INFLOW,Coastal Shipping USA,1200,Customer payment received,BA002
CJ-002318,2025-08-13,170079,USD,INFLOW,Northeast Industries,4010,Service fee payment,BA003
CJ-002319,2025-08-13,177889,USD,INFLOW,MegaCorp USA,4000,License renewal payment,BA003
CJ-002320,2025-08-13,172790,USD,INFLOW,Atlantic Corp,4000,Consulting services payment,BA003
CJ-002321,2025-08-13,111300,USD,INFLOW,National Services LLC,4000,Consulting services payment,BA003
CJ-002322,2025-08-13,109178,USD,INFLOW,Coastal Shipping USA,4000,Consulting services payment,BA001
CJ-002323,2025-08-13,68251,USD,OUTFLOW,Staples Inc,6400,Maintenance services,BA003
CJ-002324,2025-08-13,56960,USD,OUTFLOW,Staples Inc,5000,Material procurement,BA002
CJ-002325,2025-08-13,68422,USD,OUTFLOW,Verizon Business,2000,Professional services,BA001
CJ-002326,2025-08-13,99886,USD,OUTFLOW,AT&T Services,6300,Material procurement,BA003
CJ-002327,2025-08-13,98543,USD,OUTFLOW,Adobe Systems,5000,Service provider payment,BA002
CJ-002328,2025-08-13,77338,EUR,INFLOW,Nordic Energy AS,1210,Service fee payment,BA004
CJ-002329,2025-08-13,57471,EUR,INFLOW,Frankfurt Solutions,4030,Product sales revenue,BA004
CJ-002330,2025-08-13,98304,EUR,INFLOW,Nordic Energy AS,4030,Customer payment received,BA005
CJ-002331,2025-08-13,97712,EUR,INFLOW,Milan Industries,4020,Consulting revenue,BA004
CJ-002332,2025-08-13,41556,EUR,OUTFLOW,Volkswagen AG,2010,Service provider payment,BA005
CJ-002333,2025-08-13,39943,EUR,OUTFLOW,Lufthansa AG,5010,Vendor payment,BA004
CJ-002334,2025-08-13,44933,EUR,OUTFLOW,Volkswagen AG,5010,Equipment rental,BA005
CJ-002335,2025-08-13,47644,GBP,INFLOW,Highland Manufacturing,4040,Product sales revenue,BA006
CJ-002336,2025-08-13,46305,GBP,INFLOW,Oxford Research Labs,4040,Service fee payment,BA007
CJ-002337,2025-08-13,10146,GBP,OUTFLOW,BP Energy,6200,Vendor payment,BA007
CJ-002338,2025-08-13,21653,GBP,OUTFLOW,BAE Systems,2020,Vendor payment,BA007
CJ-002339,2025-08-13,11274,GBP,OUTFLOW,Royal Mail,6200,Vendor payment,BA007
CJ-002340,2025-08-14,153033,USD,INFLOW,National Services LLC,4010,Service fee payment,BA002
CJ-002341,2025-08-14,136727,USD,INFLOW,Sunbelt Energy Corp,1200,Service fee payment,BA003
CJ-002342,2025-08-14,84526,USD,INFLOW,Sunrise Technologies,4010,Consulting services payment,BA003
CJ-002343,2025-08-14,107303,USD,OUTFLOW,Adobe Systems,6000,Service provider payment,BA001
CJ-002344,2025-08-14,120752,USD,OUTFLOW,Workday Inc,6300,Vendor payment,BA003
CJ-002345,2025-08-14,117529,USD,OUTFLOW,Honeywell International,6400,Professional services,BA001
CJ-002346,2025-08-14,78184,EUR,INFLOW,Siemens Digital Industries,4030,Consulting revenue,BA005
CJ-002347,2025-08-14,73192,EUR,INFLOW,AutoMotive Industries GmbH,4030,Consulting revenue,BA005
CJ-002348,2025-08-14,43811,EUR,INFLOW,Munich Automotive,4020,Customer payment received,BA004
CJ-002349,2025-08-14,67945,EUR,INFLOW,EuroTech Solutions,1210,Product sales revenue,BA004
CJ-002350,2025-08-14,58684,EUR,OUTFLOW,Airbus SE,6300,Material procurement,BA004
CJ-002351,2025-08-14,56636,EUR,OUTFLOW,ThyssenKrupp AG,5010,Equipment rental,BA005
CJ-002352,2025-08-14,59653,EUR,OUTFLOW,L'Oreal SA,6300,Service provider payment,BA004
CJ-002353,2025-08-14,32421,GBP,INFLOW,Cambridge Biotech,1220,Service fee payment,BA006
CJ-002354,2025-08-14,40045,GBP,INFLOW,British Retail Group,4040,Service fee payment,BA007
CJ-002355,2025-08-14,28407,GBP,INFLOW,Manchester United Industries,4040,Customer payment received,BA006
CJ-002356,2025-08-14,14837,GBP,OUTFLOW,Shell Energy,2020,Service provider payment,BA007
CJ-002357,2025-08-14,19622,GBP,OUTFLOW,BT Group,6200,Utilities payment,BA007
CJ-002358,2025-08-15,1229381,USD,OUTFLOW,ADP Payroll Services,6000,Monthly payroll processing,BA003
CJ-002359,2025-08-15,113016,USD,INFLOW,Coastal Shipping USA,4000,Service fee payment,BA001
CJ-002360,2025-08-15,77149,USD,INFLOW,Western Digital Corp,1200,Service fee payment,BA002
CJ-002361,2025-08-15,84592,USD,INFLOW,TechGlobal Solutions,4010,Customer payment received,BA003
CJ-002362,2025-08-15,85780,USD,OUTFLOW,VMware Inc,6000,Utilities payment,BA002
CJ-002363,2025-08-15,50439,USD,OUTFLOW,Honeywell International,2000,Service provider payment,BA002
CJ-002364,2025-08-15,30387,EUR,INFLOW,Frankfurt Solutions,4020,Product sales revenue,BA004
CJ-002365,2025-08-15,29636,EUR,OUTFLOW,Deutsche Telekom,6300,Vendor payment,BA004
CJ-002366,2025-08-15,29868,GBP,INFLOW,London Financial Services,4040,Product sales revenue,BA007
CJ-002367,2025-08-15,15195,GBP,OUTFLOW,BP Energy,2020,Utilities payment,BA007
CJ-002368,2025-08-18,123064,USD,INFLOW,Northeast Industries,4000,Consulting services payment,BA002
CJ-002369,2025-08-18,108131,USD,INFLOW,Continental Systems,4010,License renewal payment,BA001
CJ-002370,2025-08-18,98687,USD,INFLOW,Coastal Shipping USA,1200,Service fee payment,BA001
CJ-002371,2025-08-18,86593,USD,INFLOW,MegaCorp USA,1200,Service fee payment,BA003
CJ-002372,2025-08-18,152444,USD,OUTFLOW,Staples Inc,5000,Material procurement,BA002
CJ-002373,2025-08-18,90873,USD,OUTFLOW,VMware Inc,6100,Professional services,BA003
CJ-002374,2025-08-18,162950,USD,OUTFLOW,Cisco Systems,6000,Utilities payment,BA003
CJ-002375,2025-08-18,120260,USD,OUTFLOW,Salesforce Inc,6300,Utilities payment,BA001
CJ-002376,2025-08-18,151996,USD,OUTFLOW,Deloitte Consulting,6300,Maintenance services,BA002
CJ-002377,2025-08-18,30891,EUR,INFLOW,ACME Corp,4030,Project milestone payment - delayed,BA005
CJ-002378,2025-08-18,26532,EUR,INFLOW,FranceTech SA,4030,Service fee payment,BA004
CJ-002379,2025-08-18,52884,EUR,INFLOW,AutoMotive Industries GmbH,4030,Service fee payment,BA004
CJ-002380,2025-08-18,42014,EUR,OUTFLOW,BASF SE,6300,Material procurement,BA005
CJ-002381,2025-08-18,58956,EUR,OUTFLOW,RWE Energy,5010,Vendor payment,BA005
CJ-002382,2025-08-18,68768,EUR,OUTFLOW,BASF SE,6300,Vendor payment,BA005
CJ-002383,2025-08-18,33993,EUR,OUTFLOW,RWE Energy,6300,Service provider payment,BA004
CJ-002384,2025-08-18,25009,GBP,INFLOW,Cambridge Biotech,4040,Product sales revenue,BA007
CJ-002385,2025-08-18,10626,GBP,INFLOW,Metropolitan Transit,4040,Product sales revenue,BA007
CJ-002386,2025-08-18,18585,GBP,OUTFLOW,Tesco PLC,6200,Service provider payment,BA006
CJ-002387,2025-08-18,13108,GBP,OUTFLOW,Rolls-Royce Holdings,2020,Service provider payment,BA007
CJ-002388,2025-08-18,30304,GBP,OUTFLOW,BP Energy,6200,Service provider payment,BA007
CJ-002389,2025-08-18,21937,GBP,OUTFLOW,AstraZeneca PLC,6200,Vendor payment,BA007
CJ-002390,2025-08-18,26180,GBP,OUTFLOW,Shell Energy,6200,Vendor payment,BA007
CJ-002391,2025-08-19,188163,USD,INFLOW,Central Systems Inc,4000,Consulting services payment,BA001
CJ-002392,2025-08-19,181414,USD,INFLOW,TransAtlantic Shipping,4010,Consulting services payment,BA001
CJ-002393,2025-08-19,127616,USD,INFLOW,MegaCorp USA,1200,Product sales revenue,BA003
CJ-002394,2025-08-19,131996,USD,INFLOW,Central Systems Inc,4000,License renewal payment,BA003
CJ-002395,2025-08-19,174727,USD,INFLOW,National Services LLC,4010,Service fee payment,BA002
CJ-002396,2025-08-19,103695,USD,INFLOW,Midwest Agribusiness,1200,Consulting services payment,BA001
CJ-002397,2025-08-19,138979,USD,INFLOW,Southern Manufacturing,1200,Service fee payment,BA001
CJ-002398,2025-08-19,153961,USD,INFLOW,Atlantic Corp,4010,Service fee payment,BA001
CJ-002399,2025-08-19,74460,USD,OUTFLOW,KPMG LLP,2000,Professional services,BA002
CJ-002400,2025-08-19,86814,USD,OUTFLOW,KPMG LLP,6000,Vendor payment,BA003
CJ-002401,2025-08-19,82456,USD,OUTFLOW,KPMG LLP,6000,Service provider payment,BA003
CJ-002402,2025-08-19,97013,USD,OUTFLOW,Amazon Web Services,6300,Service provider payment,BA002
CJ-002403,2025-08-19,101653,USD,OUTFLOW,Verizon Business,6100,Utilities payment,BA002
CJ-002404,2025-08-19,64851,EUR,INFLOW,Berlin Analytics GmbH,4030,Product sales revenue,BA005
CJ-002405,2025-08-19,89204,EUR,INFLOW,EuroTech Solutions,1210,Service fee payment,BA004
CJ-002406,2025-08-19,47962,EUR,INFLOW,Munich Automotive,1210,Product sales revenue,BA005
CJ-002407,2025-08-19,45337,EUR,INFLOW,Stuttgart Engineering,4030,Service fee payment,BA005
CJ-002408,2025-08-19,52658,EUR,INFLOW,Nordic Energy AS,4030,Consulting revenue,BA005
CJ-002409,2025-08-19,29067,EUR,OUTFLOW,Capgemini SE,2010,Material procurement,BA004
CJ-002410,2025-08-19,23462,EUR,OUTFLOW,Siemens AG,5010,Equipment rental,BA004
CJ-002411,2025-08-19,28303,EUR,OUTFLOW,Airbus SE,6300,Equipment rental,BA005
CJ-002412,2025-08-19,49302,GBP,INFLOW,Cardiff Construction Ltd,4040,Product sales revenue,BA006
CJ-002413,2025-08-19,42897,GBP,INFLOW,Edinburgh Systems,1220,Product sales revenue,BA006
CJ-002414,2025-08-19,39547,GBP,INFLOW,British Retail Group,4040,Customer payment received,BA007
CJ-002415,2025-08-19,36410,GBP,INFLOW,Edinburgh Systems,4040,Product sales revenue,BA006
CJ-002416,2025-08-19,22714,GBP,INFLOW,Highland Manufacturing,1220,Customer payment received,BA006
CJ-002417,2025-08-19,27572,GBP,OUTFLOW,BP Energy,6200,Service provider payment,BA006
CJ-002418,2025-08-20,101957,USD,INFLOW,Global Pharma Corp,4010,Service fee payment,BA001
CJ-002419,2025-08-20,153654,USD,INFLOW,Southern Manufacturing,4010,Consulting services payment,BA002
CJ-002420,2025-08-20,179518,USD,INFLOW,Midwest Manufacturing,4010,Service fee payment,BA002
CJ-002421,2025-08-20,107219,USD,INFLOW,Continental Systems,4000,Consulting services payment,BA002
CJ-002422,2025-08-20,127228,USD,INFLOW,Coastal Shipping USA,4000,Product sales revenue,BA002
CJ-002423,2025-08-20,130164,USD,INFLOW,Sunrise Technologies,1200,Consulting services payment,BA002
CJ-002424,2025-08-20,57829,USD,OUTFLOW,AT&T Services,6300,Material procurement,BA001
CJ-002425,2025-08-20,59570,USD,OUTFLOW,Honeywell International,5000,Vendor payment,BA001
CJ-002426,2025-08-20,66191,USD,OUTFLOW,KPMG LLP,6000,Material procurement,BA003
CJ-002427,2025-08-20,52981,EUR,INFLOW,Rhine Logistics AG,1210,Service fee payment,BA005
CJ-002428,2025-08-20,72790,EUR,INFLOW,FranceTech SA,4030,Customer payment received,BA005
CJ-002429,2025-08-20,96876,EUR,INFLOW,Siemens Digital Industries,1210,Customer payment received,BA005
CJ-002430,2025-08-20,79596,EUR,INFLOW,Stuttgart Engineering,4030,Consulting revenue,BA004
CJ-002431,2025-08-20,38074,EUR,OUTFLOW,Allianz SE,6300,Vendor payment,BA005
CJ-002432,2025-08-20,39402,EUR,OUTFLOW,Airbus SE,5010,Equipment rental,BA005
CJ-002433,2025-08-20,24051,EUR,OUTFLOW,Lufthansa AG,5010,Vendor payment,BA004
CJ-002434,2025-08-20,48353,GBP,INFLOW,Oxford Research Labs,4040,Service fee payment,BA006
CJ-002435,2025-08-20,32863,GBP,INFLOW,Westminster Holdings,1220,Service fee payment,BA007
CJ-002436,2025-08-20,41529,GBP,INFLOW,British Retail Group,1220,Customer payment received,BA006
CJ-002437,2025-08-20,40169,GBP,INFLOW,Highland Manufacturing,4040,Service fee payment,BA006
CJ-002438,2025-08-20,10732,GBP,OUTFLOW,AstraZeneca PLC,6200,Service provider payment,BA007
CJ-002439,2025-08-20,18978,GBP,OUTFLOW,BAE Systems,2020,Service provider payment,BA006
CJ-002440,2025-08-21,117025,USD,INFLOW,Central Systems Inc,1200,Consulting services payment,BA003
CJ-002441,2025-08-21,101344,USD,INFLOW,American Logistics Inc,4010,License renewal payment,BA001
CJ-002442,2025-08-21,89604,USD,INFLOW,Northeast Industries,4010,Service fee payment,BA002
CJ-002443,2025-08-21,74899,USD,OUTFLOW,3M Company,6000,Vendor payment,BA003
CJ-002444,2025-08-21,82609,USD,OUTFLOW,Workday Inc,6200,Material procurement,BA002
CJ-002445,2025-08-21,123857,USD,OUTFLOW,Cisco Systems,6300,Utilities payment,BA002
CJ-002446,2025-08-21,70940,EUR,INFLOW,Hamburg Port Services,4020,Customer payment received,BA005
CJ-002447,2025-08-21,68628,EUR,INFLOW,Nordic Energy AS,4020,Service fee payment,BA004
CJ-002448,2025-08-21,30875,EUR,INFLOW,Frankfurt Solutions,1210,Service fee payment,BA005
CJ-002449,2025-08-21,31770,EUR,INFLOW,Berlin Analytics GmbH,4020,Consulting revenue,BA004
CJ-002450,2025-08-21,37752,EUR,OUTFLOW,Volkswagen AG,5010,Material procurement,BA004
CJ-002451,2025-08-21,23089,EUR,OUTFLOW,Bayer AG,5010,Material procurement,BA004
CJ-002452,2025-08-21,48005,EUR,OUTFLOW,L'Oreal SA,2010,Equipment rental,BA004
CJ-002453,2025-08-21,19389,GBP,INFLOW,Cambridge Biotech,4040,Customer payment received,BA006
CJ-002454,2025-08-21,21645,GBP,OUTFLOW,Vodafone Group,6200,Vendor payment,BA006
CJ-002455,2025-08-22,68299,USD,INFLOW,Continental Systems,4000,Customer payment received,BA003
CJ-002456,2025-08-22,106775,USD,INFLOW,TransAtlantic Shipping,4000,Consulting services payment,BA002
CJ-002457,2025-08-22,81682,USD,OUTFLOW,Office Depot,6400,Vendor payment,BA003
CJ-002458,2025-08-22,82022,USD,OUTFLOW,Workday Inc,6000,Vendor payment,BA003
CJ-002459,2025-08-22,85111,USD,OUTFLOW,KPMG LLP,6400,Material procurement,BA002
CJ-002460,2025-08-22,80715,USD,OUTFLOW,Accenture PLC,2000,Maintenance services,BA002
CJ-002461,2025-08-22,50370,EUR,INFLOW,Siemens Digital Industries,4030,Consulting revenue,BA004
CJ-002462,2025-08-22,47994,EUR,OUTFLOW,Capgemini SE,6300,Vendor payment,BA005
CJ-002463,2025-08-22,19505,GBP,INFLOW,British Retail Group,4040,Service fee payment,BA006
CJ-002464,2025-08-22,18970,GBP,OUTFLOW,BT Group,6200,Vendor payment,BA006
CJ-002465,2025-08-22,21948,GBP,OUTFLOW,Vodafone Group,6200,Vendor payment,BA006
CJ-002466,2025-08-25,111662,USD,INFLOW,Coastal Shipping USA,4000,Customer payment received,BA003
CJ-002467,2025-08-25,106848,USD,INFLOW,Southern Manufacturing,4010,Service fee payment,BA002
CJ-002468,2025-08-25,86908,USD,INFLOW,Midwest Manufacturing,1200,Product sales revenue,BA001
CJ-002469,2025-08-25,115783,USD,INFLOW,Pacific Trading Corp,1200,Consulting services payment,BA002
CJ-002470,2025-08-25,115585,USD,INFLOW,Sunbelt Energy Corp,4000,Customer payment received,BA001
CJ-002471,2025-08-25,146988,USD,OUTFLOW,3M Company,6200,Material procurement,BA003
CJ-002472,2025-08-25,161342,USD,OUTFLOW,KPMG LLP,6100,Professional services,BA001
CJ-002473,2025-08-25,116984,USD,OUTFLOW,VMware Inc,5000,Professional services,BA003
CJ-002474,2025-08-25,116259,USD,OUTFLOW,VMware Inc,6300,Service provider payment,BA001
CJ-002475,2025-08-25,104300,USD,OUTFLOW,Workday Inc,6100,Utilities payment,BA001
CJ-002476,2025-08-25,148383,USD,OUTFLOW,Office Depot,6200,Maintenance services,BA002
CJ-002477,2025-08-25,93888,USD,OUTFLOW,3M Company,6400,Service provider payment,BA003
CJ-002478,2025-08-25,156432,USD,OUTFLOW,Amazon Web Services,5000,Material procurement,BA003
CJ-002479,2025-08-25,53641,EUR,INFLOW,Milan Industries,4030,Product sales revenue,BA005
CJ-002480,2025-08-25,44600,EUR,INFLOW,Siemens Digital Industries,4030,Consulting revenue,BA004
CJ-002481,2025-08-25,35850,EUR,OUTFLOW,Airbus SE,2010,Service provider payment,BA004
CJ-002482,2025-08-25,64077,EUR,OUTFLOW,Deutsche Post,6300,Equipment rental,BA004
CJ-002483,2025-08-25,59861,EUR,OUTFLOW,Schneider Electric,5010,Vendor payment,BA004
CJ-002484,2025-08-25,69612,EUR,OUTFLOW,L'Oreal SA,2010,Equipment rental,BA005
CJ-002485,2025-08-25,63469,EUR,OUTFLOW,Siemens AG,6300,Vendor payment,BA004
CJ-002486,2025-08-25,20444,GBP,INFLOW,Highland Manufacturing,4040,Service fee payment,BA007
CJ-002487,2025-08-25,27231,GBP,INFLOW,Cardiff Construction Ltd,1220,Product sales revenue,BA007
CJ-002488,2025-08-25,11846,GBP,OUTFLOW,Royal Mail,2020,Utilities payment,BA006
CJ-002489,2025-08-25,36410,GBP,OUTFLOW,Rolls-Royce Holdings,2020,Service provider payment,BA007
CJ-002490,2025-08-25,16913,GBP,OUTFLOW,Tesco PLC,2020,Service provider payment,BA006
CJ-002491,2025-08-26,152394,USD,INFLOW,Global Pharma Corp,4010,Service fee payment,BA002
CJ-002492,2025-08-26,122136,USD,INFLOW,Pacific Trading Corp,4000,Service fee payment,BA002
CJ-002493,2025-08-26,166884,USD,INFLOW,Sunrise Technologies,4000,Product sales revenue,BA003
CJ-002494,2025-08-26,126883,USD,INFLOW,Central Systems Inc,4010,Product sales revenue,BA002
CJ-002495,2025-08-26,174114,USD,INFLOW,Southern Manufacturing,4010,Product sales revenue,BA002
CJ-002496,2025-08-26,78426,USD,OUTFLOW,VMware Inc,6100,Material procurement,BA002
CJ-002497,2025-08-26,105867,USD,OUTFLOW,Amazon Web Services,6300,Service provider payment,BA002
CJ-002498,2025-08-26,100733,USD,OUTFLOW,3M Company,6400,Vendor payment,BA001
CJ-002499,2025-08-26,95385,USD,OUTFLOW,Oracle Corp,6200,Utilities payment,BA002
CJ-002500,2025-08-26,97591,USD,OUTFLOW,Deloitte Consulting,6000,Service provider payment,BA003
CJ-002501,2025-08-26,110364,USD,OUTFLOW,Caterpillar Inc,6100,Service provider payment,BA001
CJ-002502,2025-08-26,88125,EUR,INFLOW,Vienna Tech GmbH,4030,Customer payment received,BA005
CJ-002503,2025-08-26,56208,EUR,INFLOW,FranceTech SA,4020,Consulting revenue,BA004
CJ-002504,2025-08-26,50509,EUR,INFLOW,ACME Corp,1210,Consulting revenue,BA004
CJ-002505,2025-08-26,48428,EUR,INFLOW,Frankfurt Solutions,1210,Service fee payment,BA004
CJ-002506,2025-08-26,91404,EUR,INFLOW,Berlin Analytics GmbH,4020,Product sales revenue,BA005
CJ-002507,2025-08-26,97765,EUR,INFLOW,Frankfurt Solutions,1210,Customer payment received,BA004
CJ-002508,2025-08-26,33812,EUR,OUTFLOW,Airbus SE,5010,Material procurement,BA005
CJ-002509,2025-08-26,27401,EUR,OUTFLOW,Allianz SE,2010,Material procurement,BA004
CJ-002510,2025-08-26,17061,GBP,INFLOW,Cambridge Biotech,1220,Customer payment received,BA007
CJ-002511,2025-08-26,45073,GBP,INFLOW,British Retail Group,4040,Service fee payment,BA006
CJ-002512,2025-08-26,41772,GBP,INFLOW,Bristol Aerospace,4040,Product sales revenue,BA007
CJ-002513,2025-08-26,17287,GBP,OUTFLOW,BT Group,2020,Vendor payment,BA006
CJ-002514,2025-08-27,124452,USD,INFLOW,Central Systems Inc,1200,Customer payment received,BA002
CJ-002515,2025-08-27,128656,USD,INFLOW,Global Pharma Corp,1200,Consulting services payment,BA003
CJ-002516,2025-08-27,175662,USD,INFLOW,Pacific Trading Corp,1200,Customer payment received,BA001
CJ-002517,2025-08-27,98896,USD,INFLOW,Midwest Manufacturing,1200,Consulting services payment,BA002
CJ-002518,2025-08-27,80605,USD,OUTFLOW,VMware Inc,5000,Service provider payment,BA003
CJ-002519,2025-08-27,58911,USD,OUTFLOW,KPMG LLP,6400,Service provider payment,BA001
CJ-002520,2025-08-27,77440,USD,OUTFLOW,Honeywell International,6400,Professional services,BA002
CJ-002521,2025-08-27,69165,USD,OUTFLOW,Staples Inc,2000,Vendor payment,BA003
CJ-002522,2025-08-27,94482,EUR,INFLOW,Hamburg Port Services,1210,Product sales revenue,BA005
CJ-002523,2025-08-27,41201,EUR,INFLOW,Deutsche Industrial AG,4030,Customer payment received,BA004
CJ-002524,2025-08-27,39502,EUR,INFLOW,Vienna Tech GmbH,4020,Consulting revenue,BA004
CJ-002525,2025-08-27,95300,EUR,INFLOW,Rhine Logistics AG,4030,Customer payment received,BA004
CJ-002526,2025-08-27,46588,EUR,INFLOW,Frankfurt Solutions,4030,Product sales revenue,BA004
CJ-002527,2025-08-27,23366,EUR,OUTFLOW,Bosch Group,5010,Equipment rental,BA005
CJ-002528,2025-08-27,48249,EUR,OUTFLOW,SAP SE,5010,Equipment rental,BA004
CJ-002529,2025-08-27,25454,EUR,OUTFLOW,Airbus SE,2010,Service provider payment,BA005
CJ-002530,2025-08-27,33146,EUR,OUTFLOW,RWE Energy,6300,Service provider payment,BA004
CJ-002531,2025-08-27,43640,GBP,INFLOW,British Retail Group,4040,Customer payment received,BA007
CJ-002532,2025-08-27,31073,GBP,INFLOW,Metropolitan Transit,1220,Service fee payment,BA006
CJ-002533,2025-08-27,14668,GBP,INFLOW,Oxford Research Labs,4040,Product sales revenue,BA006
CJ-002534,2025-08-27,41997,GBP,INFLOW,Edinburgh Systems,4040,Customer payment received,BA006
CJ-002535,2025-08-27,16480,GBP,OUTFLOW,Tesco PLC,2020,Vendor payment,BA006
CJ-002536,2025-08-27,20575,GBP,OUTFLOW,BAE Systems,6200,Vendor payment,BA006
CJ-002537,2025-08-27,7083,GBP,OUTFLOW,AstraZeneca PLC,6200,Utilities payment,BA006
CJ-002538,2025-08-28,139680,USD,INFLOW,Sunbelt Energy Corp,4010,Service fee payment,BA001
CJ-002539,2025-08-28,104811,USD,INFLOW,National Services LLC,1200,Service fee payment,BA001
CJ-002540,2025-08-28,106593,USD,INFLOW,Continental Systems,4000,Customer payment received,BA001
CJ-002541,2025-08-28,145476,USD,INFLOW,Midwest Agribusiness,1200,Consulting services payment,BA003
CJ-002542,2025-08-28,111882,USD,INFLOW,Atlantic Corp,4010,Consulting services payment,BA001
CJ-002543,2025-08-28,92727,USD,OUTFLOW,Oracle Corp,5000,Service provider payment,BA001
CJ-002544,2025-08-28,70055,USD,OUTFLOW,3M Company,6100,Utilities payment,BA003
CJ-002545,2025-08-28,85175,USD,OUTFLOW,KPMG LLP,6300,Vendor payment,BA002
CJ-002546,2025-08-28,73268,USD,OUTFLOW,AT&T Services,6000,Service provider payment,BA003
CJ-002547,2025-08-28,79458,USD,OUTFLOW,Waste Management Inc,6400,Maintenance services,BA003
CJ-002548,2025-08-28,84286,USD,OUTFLOW,3M Company,2000,Utilities payment,BA001
CJ-002549,2025-08-28,58962,EUR,INFLOW,Siemens Digital Industries,4030,Product sales revenue,BA005
CJ-002550,2025-08-28,46281,EUR,INFLOW,Siemens Digital Industries,4020,Product sales revenue,BA005
CJ-002551,2025-08-28,79298,EUR,INFLOW,Rhine Logistics AG,1210,Service fee payment,BA004
CJ-002552,2025-08-28,28712,EUR,OUTFLOW,Deutsche Telekom,2010,Service provider payment,BA004
CJ-002553,2025-08-28,27033,EUR,OUTFLOW,SAP SE,6300,Vendor payment,BA005
CJ-002554,2025-08-28,29857,GBP,INFLOW,Highland Manufacturing,4040,Product sales revenue,BA007
CJ-002555,2025-08-28,21513,GBP,INFLOW,Westminster Holdings,1220,Customer payment received,BA006
CJ-002556,2025-08-28,25740,GBP,INFLOW,Cambridge Biotech,1220,Service fee payment,BA006
CJ-002557,2025-08-28,19453,GBP,OUTFLOW,AstraZeneca PLC,2020,Service provider payment,BA006
CJ-002558,2025-08-28,30207,GBP,OUTFLOW,Sainsbury's,6200,Service provider payment,BA007
CJ-002559,2025-08-28,21223,GBP,OUTFLOW,BT Group,2020,Vendor payment,BA007
CJ-002560,2025-08-29,68729,USD,INFLOW,Global Pharma Corp,4000,Service fee payment,BA003
CJ-002561,2025-08-29,70322,USD,INFLOW,Coastal Shipping USA,4010,License renewal payment,BA002
CJ-002562,2025-08-29,90470,USD,INFLOW,Midwest Manufacturing,4000,Service fee payment,BA001
CJ-002563,2025-08-29,73691,USD,INFLOW,Northeast Industries,1200,License renewal payment,BA002
CJ-002564,2025-08-29,96302,USD,INFLOW,Global Pharma Corp,4000,License renewal payment,BA002
CJ-002565,2025-08-29,82559,USD,OUTFLOW,Amazon Web Services,2000,Professional services,BA001
CJ-002566,2025-08-29,126082,USD,OUTFLOW,Staples Inc,6300,Vendor payment,BA003
CJ-002567,2025-08-29,120386,USD,OUTFLOW,Deloitte Consulting,5000,Maintenance services,BA002
CJ-002568,2025-08-29,100738,USD,OUTFLOW,Accenture PLC,5000,Professional services,BA002
CJ-002569,2025-08-29,132292,USD,OUTFLOW,Honeywell International,6000,Maintenance services,BA001
CJ-002570,2025-08-29,39855,EUR,INFLOW,Nordic Energy AS,4020,Consulting revenue,BA005
CJ-002571,2025-08-29,58774,EUR,INFLOW,Siemens Digital Industries,4020,Customer payment received,BA004
CJ-002572,2025-08-29,47909,EUR,OUTFLOW,Capgemini SE,5010,Equipment rental,BA004
CJ-002573,2025-08-29,45148,EUR,OUTFLOW,ThyssenKrupp AG,2010,Service provider payment,BA005
CJ-002574,2025-08-29,56271,EUR,OUTFLOW,Airbus SE,2010,Material procurement,BA005
CJ-002575,2025-08-29,13909,GBP,INFLOW,London Financial Services,1220,Customer payment received,BA006
CJ-002576,2025-08-29,25715,GBP,INFLOW,Oxford Research Labs,4040,Service fee payment,BA006
CJ-002577,2025-08-29,9247,GBP,OUTFLOW,Sainsbury's,6200,Utilities payment,BA007
CJ-002578,2025-08-29,23015,GBP,OUTFLOW,Unilever PLC,2020,Vendor payment,BA006
CJ-002579,2025-08-29,10614,GBP,OUTFLOW,Vodafone Group,6200,Vendor payment,BA007
CJ-002580,2025-08-29,22815,GBP,OUTFLOW,Royal Mail,2020,Vendor payment,BA007
CJ-002581,2025-09-01,167944,USD,INFLOW,MegaCorp USA,1200,Service fee payment,BA001
CJ-002582,2025-09-01,144204,USD,INFLOW,Midwest Manufacturing,4010,Customer payment received,BA003
CJ-002583,2025-09-01,145688,USD,INFLOW,Southern Manufacturing,4010,Product sales revenue,BA003
CJ-002584,2025-09-01,153942,USD,INFLOW,Continental Systems,4000,Product sales revenue,BA001
CJ-002585,2025-09-01,107974,USD,INFLOW,Midwest Manufacturing,4010,Product sales revenue,BA001
CJ-002586,2025-09-01,92873,USD,INFLOW,Western Digital Corp,4010,Product sales revenue,BA001
CJ-002587,2025-09-01,150751,USD,INFLOW,Northeast Industries,4000,Product sales revenue,BA001
CJ-002588,2025-09-01,106573,USD,OUTFLOW,IBM Corp,6400,Utilities payment,BA001
CJ-002589,2025-09-01,141679,USD,OUTFLOW,Accenture PLC,6400,Maintenance services,BA003
CJ-002590,2025-09-01,92936,USD,OUTFLOW,KPMG LLP,2000,Vendor payment,BA001
CJ-002591,2025-09-01,110568,USD,OUTFLOW,Honeywell International,2000,Material procurement,BA002
CJ-002592,2025-09-01,140469,USD,OUTFLOW,Deloitte Consulting,6200,Maintenance services,BA002
CJ-002593,2025-09-01,89372,USD,OUTFLOW,Caterpillar Inc,6200,Material procurement,BA003
CJ-002594,2025-09-01,118451,USD,OUTFLOW,Amazon Web Services,6400,Utilities payment,BA003
CJ-002595,2025-09-01,81296,EUR,INFLOW,Nordic Energy AS,1210,Service fee payment,BA004
CJ-002596,2025-09-01,69708,EUR,INFLOW,AutoMotive Industries GmbH,4030,Product sales revenue,BA005
CJ-002597,2025-09-01,69194,EUR,INFLOW,Nordic Energy AS,4020,Service fee payment,BA005
CJ-002598,2025-09-01,72796,EUR,INFLOW,FranceTech SA,1210,Product sales revenue,BA005
CJ-002599,2025-09-01,68775,EUR,OUTFLOW,Bayer AG,6300,Vendor payment,BA004
CJ-002600,2025-09-01,54130,EUR,OUTFLOW,Bayer AG,5010,Service provider payment,BA005
CJ-002601,2025-09-01,40417,EUR,OUTFLOW,Volkswagen AG,2010,Material procurement,BA005
CJ-002602,2025-09-01,56868,EUR,OUTFLOW,Bayer AG,2010,Equipment rental,BA004
CJ-002603,2025-09-01,42328,EUR,OUTFLOW,Capgemini SE,6300,Service provider payment,BA005
CJ-002604,2025-09-01,45172,GBP,INFLOW,Scottish Energy Solutions,4040,Service fee payment,BA007
CJ-002605,2025-09-01,32292,GBP,INFLOW,British Retail Group,1220,Product sales revenue,BA006
CJ-002606,2025-09-01,13563,GBP,INFLOW,London Financial Services,1220,Service fee payment,BA006
CJ-002607,2025-09-01,41061,GBP,OUTFLOW,Rolls-Royce Holdings,2020,Service provider payment,BA006
CJ-002608,2025-09-01,15887,GBP,OUTFLOW,Sainsbury's,2020,Utilities payment,BA007
CJ-002609,2025-09-01,25394,GBP,OUTFLOW,Tesco PLC,2020,Service provider payment,BA006
CJ-002610,2025-09-01,36162,GBP,OUTFLOW,Shell Energy,6200,Utilities payment,BA007
CJ-002611,2025-09-01,37626,GBP,OUTFLOW,Rolls-Royce Holdings,6200,Service provider payment,BA006
CJ-002612,2025-09-02,201638,USD,INFLOW,American Logistics Inc,4000,Customer payment received,BA001
CJ-002613,2025-09-02,145365,USD,INFLOW,National Services LLC,4000,License renewal payment,BA003
CJ-002614,2025-09-02,242094,USD,INFLOW,Pacific Trading Corp,4000,Consulting services payment,BA001
CJ-002615,2025-09-02,169858,USD,INFLOW,TechGlobal Solutions,4010,Customer payment received,BA002
CJ-002616,2025-09-02,158100,USD,INFLOW,Continental Systems,4000,Service fee payment,BA001
CJ-002617,2025-09-02,185749,USD,INFLOW,Midwest Manufacturing,4010,Service fee payment,BA001
CJ-002618,2025-09-02,153489,USD,INFLOW,American Logistics Inc,1200,License renewal payment,BA003
CJ-002619,2025-09-02,196640,USD,INFLOW,Coastal Shipping USA,1200,Customer payment received,BA002
CJ-002620,2025-09-02,238407,USD,INFLOW,Midwest Agribusiness,1200,Customer payment received,BA003
CJ-002621,2025-09-02,136989,USD,INFLOW,Continental Systems,4010,Consulting services payment,BA002
CJ-002622,2025-09-02,60149,USD,OUTFLOW,Office Depot,2000,Material procurement,BA001
CJ-002623,2025-09-02,65824,USD,OUTFLOW,Honeywell International,6400,Material procurement,BA003
CJ-002624,2025-09-02,69110,USD,OUTFLOW,EY Global,6300,Professional services,BA002
CJ-002625,2025-09-02,76559,USD,OUTFLOW,EY Global,6300,Material procurement,BA002
CJ-002626,2025-09-02,122980,EUR,INFLOW,Berlin Analytics GmbH,4030,Service fee payment,BA004
CJ-002627,2025-09-02,114740,EUR,INFLOW,Milan Industries,4020,Customer payment received,BA004
CJ-002628,2025-09-02,102001,EUR,INFLOW,Frankfurt Solutions,1210,Customer payment received,BA004
CJ-002629,2025-09-02,67850,EUR,INFLOW,Rhine Logistics AG,4030,Product sales revenue,BA005
CJ-002630,2025-09-02,93755,EUR,INFLOW,Nordic Energy AS,1210,Product sales revenue,BA005
CJ-002631,2025-09-02,96816,EUR,INFLOW,Berlin Analytics GmbH,1210,Consulting revenue,BA005
CJ-002632,2025-09-02,26944,EUR,OUTFLOW,Lufthansa AG,6300,Equipment rental,BA005
CJ-002633,2025-09-02,37824,EUR,OUTFLOW,Schneider Electric,5010,Material procurement,BA004
CJ-002634,2025-09-02,56105,GBP,INFLOW,British Retail Group,4040,Product sales revenue,BA007
CJ-002635,2025-09-02,20247,GBP,INFLOW,Westminster Holdings,4040,Product sales revenue,BA007
CJ-002636,2025-09-02,28964,GBP,INFLOW,Westminster Holdings,4040,Service fee payment,BA006
CJ-002637,2025-09-02,51044,GBP,INFLOW,Metropolitan Transit,4040,Service fee payment,BA006
CJ-002638,2025-09-02,46157,GBP,INFLOW,Oxford Research Labs,4040,Product sales revenue,BA006
CJ-002639,2025-09-02,60526,GBP,INFLOW,Bristol Aerospace,1220,Product sales revenue,BA006
CJ-002640,2025-09-02,9687,GBP,OUTFLOW,BAE Systems,6200,Service provider payment,BA006
CJ-002641,2025-09-02,13890,GBP,OUTFLOW,Rolls-Royce Holdings,2020,Service provider payment,BA007
CJ-002642,2025-09-02,13881,GBP,OUTFLOW,British Gas,6200,Service provider payment,BA006
CJ-002643,2025-09-03,220623,USD,INFLOW,National Services LLC,4010,License renewal payment,BA003
CJ-002644,2025-09-03,167237,USD,INFLOW,National Services LLC,1200,License renewal payment,BA003
CJ-002645,2025-09-03,235542,USD,INFLOW,Western Digital Corp,4000,Consulting services payment,BA001
CJ-002646,2025-09-03,177265,USD,INFLOW,Continental Systems,4010,Consulting services payment,BA003
CJ-002647,2025-09-03,140415,USD,INFLOW,MegaCorp USA,4010,Product sales revenue,BA003
CJ-002648,2025-09-03,137186,USD,INFLOW,Southern Manufacturing,4000,Service fee payment,BA003
CJ-002649,2025-09-03,53917,USD,OUTFLOW,Accenture PLC,6400,Material procurement,BA003
CJ-002650,2025-09-03,73657,USD,OUTFLOW,Oracle Corp,6200,Service provider payment,BA001
CJ-002651,2025-09-03,100606,USD,OUTFLOW,EY Global,6100,Maintenance services,BA003
CJ-002652,2025-09-03,75911,USD,OUTFLOW,Caterpillar Inc,5000,Service provider payment,BA001
CJ-002653,2025-09-03,111630,EUR,INFLOW,Berlin Analytics GmbH,4020,Service fee payment,BA005
CJ-002654,2025-09-03,61203,EUR,INFLOW,Stuttgart Engineering,4020,Service fee payment,BA004
CJ-002655,2025-09-03,53456,EUR,INFLOW,FranceTech SA,1210,Customer payment received,BA004
CJ-002656,2025-09-03,61860,EUR,INFLOW,Berlin Analytics GmbH,4030,Service fee payment,BA004
CJ-002657,2025-09-03,113685,EUR,INFLOW,Munich Automotive,1210,Customer payment received,BA004
CJ-002658,2025-09-03,66866,EUR,INFLOW,Frankfurt Solutions,4020,Customer payment received,BA005
CJ-002659,2025-09-03,48934,EUR,OUTFLOW,SAP SE,6300,Vendor payment,BA004
CJ-002660,2025-09-03,41150,EUR,OUTFLOW,Volkswagen AG,2010,Material procurement,BA005
CJ-002661,2025-09-03,26644,EUR,OUTFLOW,ThyssenKrupp AG,2010,Equipment rental,BA005
CJ-002662,2025-09-03,38339,EUR,OUTFLOW,BASF SE,2010,Vendor payment,BA005
CJ-002663,2025-09-03,22310,GBP,INFLOW,Oxford Research Labs,1220,Product sales revenue,BA006
CJ-002664,2025-09-03,30426,GBP,INFLOW,Bristol Aerospace,1220,Product sales revenue,BA007
CJ-002665,2025-09-03,23049,GBP,INFLOW,Highland Manufacturing,1220,Service fee payment,BA006
CJ-002666,2025-09-03,39186,GBP,INFLOW,Highland Manufacturing,4040,Customer payment received,BA006
CJ-002667,2025-09-03,14139,GBP,OUTFLOW,Tesco PLC,2020,Service provider payment,BA006
CJ-002668,2025-09-03,15840,GBP,OUTFLOW,Tesco PLC,2020,Utilities payment,BA006
CJ-002669,2025-09-03,10707,GBP,OUTFLOW,Shell Energy,2020,Vendor payment,BA007
CJ-002670,2025-09-04,89532,USD,INFLOW,Pacific Trading Corp,4000,Service fee payment,BA002
CJ-002671,2025-09-04,84292,USD,INFLOW,Midwest Manufacturing,4010,License renewal payment,BA001
CJ-002672,2025-09-04,104431,USD,INFLOW,MegaCorp USA,4000,Consulting services payment,BA002
CJ-002673,2025-09-04,116686,USD,INFLOW,TransAtlantic Shipping,1200,Service fee payment,BA003
CJ-002674,2025-09-04,90861,USD,OUTFLOW,KPMG LLP,2000,Professional services,BA001
CJ-002675,2025-09-04,92961,USD,OUTFLOW,KPMG LLP,6400,Maintenance services,BA001
CJ-002676,2025-09-04,86594,USD,OUTFLOW,3M Company,6400,Material procurement,BA002
CJ-002677,2025-09-04,87449,USD,OUTFLOW,3M Company,6100,Service provider payment,BA002
CJ-002678,2025-09-04,70822,USD,OUTFLOW,Office Depot,6300,Material procurement,BA003
CJ-002679,2025-09-04,100299,USD,OUTFLOW,Workday Inc,6300,Vendor payment,BA003
CJ-002680,2025-09-04,76187,EUR,INFLOW,Rhine Logistics AG,4030,Product sales revenue,BA004
CJ-002681,2025-09-04,56018,EUR,INFLOW,Stuttgart Engineering,4030,Consulting revenue,BA005
CJ-002682,2025-09-04,61579,EUR,INFLOW,FranceTech SA,4020,Customer payment received,BA004
CJ-002683,2025-09-04,25726,EUR,OUTFLOW,RWE Energy,5010,Vendor payment,BA004
CJ-002684,2025-09-04,39536,EUR,OUTFLOW,BASF SE,2010,Equipment rental,BA005
CJ-002685,2025-09-04,28215,GBP,INFLOW,Highland Manufacturing,4040,Customer payment received,BA006
CJ-002686,2025-09-04,25712,GBP,OUTFLOW,BAE Systems,2020,Service provider payment,BA006
CJ-002687,2025-09-04,15978,GBP,OUTFLOW,AstraZeneca PLC,6200,Service provider payment,BA007
CJ-002688,2025-09-04,26834,GBP,OUTFLOW,Unilever PLC,2020,Vendor payment,BA006
CJ-002689,2025-09-05,77076,USD,INFLOW,Continental Systems,4000,Consulting services payment,BA002
CJ-002690,2025-09-05,65180,USD,INFLOW,Sunrise Technologies,4010,Service fee payment,BA002
CJ-002691,2025-09-05,100448,USD,INFLOW,Midwest Manufacturing,4010,Service fee payment,BA001
CJ-002692,2025-09-05,73314,USD,INFLOW,Pacific Trading Corp,4000,Product sales revenue,BA001
CJ-002693,2025-09-05,113903,USD,INFLOW,American Logistics Inc,4010,Customer payment received,BA001
CJ-002694,2025-09-05,88823,USD,OUTFLOW,Oracle Corp,6100,Professional services,BA001
CJ-002695,2025-09-05,61295,USD,OUTFLOW,KPMG LLP,6400,Maintenance services,BA002
CJ-002696,2025-09-05,77676,USD,OUTFLOW,Adobe Systems,6100,Service provider payment,BA003
CJ-002697,2025-09-05,36832,EUR,INFLOW,Berlin Analytics GmbH,1210,Consulting revenue,BA004
CJ-002698,2025-09-05,55889,EUR,INFLOW,Milan Industries,4020,Service fee payment,BA004
CJ-002699,2025-09-05,45210,EUR,INFLOW,EuroTech Solutions,1210,Service fee payment,BA004
CJ-002700,2025-09-05,23772,EUR,OUTFLOW,Deutsche Post,2010,Service provider payment,BA004
CJ-002701,2025-09-05,20225,EUR,OUTFLOW,RWE Energy,6300,Material procurement,BA004
CJ-002702,2025-09-05,48349,EUR,OUTFLOW,Volkswagen AG,2010,Vendor payment,BA004
CJ-002703,2025-09-05,20145,GBP,INFLOW,London Financial Services,1220,Service fee payment,BA006
CJ-002704,2025-09-05,14855,GBP,OUTFLOW,Royal Mail,6200,Vendor payment,BA006
CJ-002705,2025-09-08,94074,USD,INFLOW,Central Systems Inc,4000,Consulting services payment,BA002
CJ-002706,2025-09-08,70321,USD,INFLOW,Continental Systems,1200,Customer payment received,BA002
CJ-002707,2025-09-08,96622,USD,INFLOW,Coastal Shipping USA,1200,Consulting services payment,BA001
CJ-002708,2025-09-08,100906,USD,INFLOW,MegaCorp USA,4000,License renewal payment,BA003
CJ-002709,2025-09-08,152443,USD,OUTFLOW,Honeywell International,6100,Service provider payment,BA002
CJ-002710,2025-09-08,113467,USD,OUTFLOW,Microsoft Corp,6000,Material procurement,BA001
CJ-002711,2025-09-08,146273,USD,OUTFLOW,IBM Corp,6100,Service provider payment,BA001
CJ-002712,2025-09-08,152999,USD,OUTFLOW,Oracle Corp,6100,Utilities payment,BA003
CJ-002713,2025-09-08,95719,USD,OUTFLOW,Staples Inc,6000,Maintenance services,BA001
CJ-002714,2025-09-08,129202,USD,OUTFLOW,Verizon Business,6100,Utilities payment,BA003
CJ-002715,2025-09-08,114846,USD,OUTFLOW,KPMG LLP,6200,Professional services,BA001
CJ-002716,2025-09-08,128270,USD,OUTFLOW,KPMG LLP,6400,Professional services,BA001
CJ-002717,2025-09-08,46951,EUR,INFLOW,Siemens Digital Industries,4020,Product sales revenue,BA005
CJ-002718,2025-09-08,34401,EUR,INFLOW,ACME Corp,4020,Project milestone payment - delayed,BA005
CJ-002719,2025-09-08,66606,EUR,OUTFLOW,Capgemini SE,6300,Service provider payment,BA004
CJ-002720,2025-09-08,70652,EUR,OUTFLOW,BASF SE,6300,Vendor payment,BA004
CJ-002721,2025-09-08,28919,EUR,OUTFLOW,Deutsche Post,5010,Service provider payment,BA005
CJ-002722,2025-09-08,37882,EUR,OUTFLOW,Deutsche Telekom,6300,Vendor payment,BA004
CJ-002723,2025-09-08,65966,EUR,OUTFLOW,Lufthansa AG,5010,Equipment rental,BA004
CJ-002724,2025-09-08,40877,EUR,OUTFLOW,SAP SE,2010,Service provider payment,BA005
CJ-002725,2025-09-08,29665,GBP,INFLOW,London Financial Services,4040,Service fee payment,BA007
CJ-002726,2025-09-08,14633,GBP,INFLOW,Cardiff Construction Ltd,1220,Product sales revenue,BA007
CJ-002727,2025-09-08,31081,GBP,INFLOW,Edinburgh Systems,4040,Product sales revenue,BA006
CJ-002728,2025-09-08,38925,GBP,OUTFLOW,AstraZeneca PLC,6200,Vendor payment,BA007
CJ-002729,2025-09-08,12182,GBP,OUTFLOW,AstraZeneca PLC,6200,Utilities payment,BA006
CJ-002730,2025-09-08,11500,GBP,OUTFLOW,BT Group,6200,Service provider payment,BA006
CJ-002731,2025-09-09,165293,USD,INFLOW,Global Pharma Corp,4010,Customer payment received,BA001
CJ-002732,2025-09-09,181878,USD,INFLOW,TechGlobal Solutions,4000,Consulting services payment,BA001
CJ-002733,2025-09-09,170918,USD,INFLOW,Pacific Trading Corp,1200,Customer payment received,BA001
CJ-002734,2025-09-09,157546,USD,INFLOW,Midwest Agribusiness,4000,License renewal payment,BA001
CJ-002735,2025-09-09,165246,USD,INFLOW,Midwest Agribusiness,4010,License renewal payment,BA003
CJ-002736,2025-09-09,75202,USD,OUTFLOW,Caterpillar Inc,6100,Service provider payment,BA003
CJ-002737,2025-09-09,89080,USD,OUTFLOW,IBM Corp,6000,Vendor payment,BA003
CJ-002738,2025-09-09,102108,USD,OUTFLOW,Microsoft Corp,6000,Vendor payment,BA001
CJ-002739,2025-09-09,107392,USD,OUTFLOW,Adobe Systems,6400,Utilities payment,BA003
CJ-002740,2025-09-09,62729,USD,OUTFLOW,Office Depot,6200,Utilities payment,BA003
CJ-002741,2025-09-09,75567,EUR,INFLOW,Frankfurt Solutions,4030,Customer payment received,BA004
CJ-002742,2025-09-09,102784,EUR,INFLOW,Vienna Tech GmbH,1210,Customer payment received,BA005
CJ-002743,2025-09-09,97470,EUR,INFLOW,Milan Industries,4020,Product sales revenue,BA004
CJ-002744,2025-09-09,86165,EUR,INFLOW,ACME Corp,1210,Customer payment received,BA005
CJ-002745,2025-09-09,45760,EUR,INFLOW,Rhine Logistics AG,4030,Customer payment received,BA004
CJ-002746,2025-09-09,82326,EUR,INFLOW,FranceTech SA,4020,Service fee payment,BA004
CJ-002747,2025-09-09,40711,EUR,OUTFLOW,Deutsche Telekom,6300,Vendor payment,BA005
CJ-002748,2025-09-09,52010,EUR,OUTFLOW,Lufthansa AG,2010,Service provider payment,BA005
CJ-002749,2025-09-09,14135,GBP,INFLOW,Bristol Aerospace,4040,Service fee payment,BA007
CJ-002750,2025-09-09,43899,GBP,INFLOW,Oxford Research Labs,4040,Service fee payment,BA006
CJ-002751,2025-09-09,15563,GBP,INFLOW,Westminster Holdings,4040,Customer payment received,BA007
CJ-002752,2025-09-09,22970,GBP,OUTFLOW,Rolls-Royce Holdings,6200,Vendor payment,BA007
CJ-002753,2025-09-09,26832,GBP,OUTFLOW,Rolls-Royce Holdings,2020,Vendor payment,BA006
CJ-002754,2025-09-10,160162,USD,INFLOW,Coastal Shipping USA,4010,License renewal payment,BA001
CJ-002755,2025-09-10,128860,USD,INFLOW,Pacific Trading Corp,4000,Product sales revenue,BA001
CJ-002756,2025-09-10,161954,USD,INFLOW,Midwest Manufacturing,4000,Service fee payment,BA002
CJ-002757,2025-09-10,157850,USD,INFLOW,Midwest Agribusiness,4000,Service fee payment,BA001
CJ-002758,2025-09-10,124713,USD,INFLOW,TechGlobal Solutions,4000,Product sales revenue,BA002
CJ-002759,2025-09-10,120595,USD,INFLOW,Sunbelt Energy Corp,4000,License renewal payment,BA001
CJ-002760,2025-09-10,97436,USD,OUTFLOW,Cisco Systems,5000,Service provider payment,BA002
CJ-002761,2025-09-10,69014,USD,OUTFLOW,General Electric,5000,Maintenance services,BA003
CJ-002762,2025-09-10,92464,USD,OUTFLOW,Microsoft Corp,2000,Vendor payment,BA002
CJ-002763,2025-09-10,102065,USD,OUTFLOW,Waste Management Inc,5000,Service provider payment,BA002
CJ-002764,2025-09-10,95797,USD,OUTFLOW,Cisco Systems,6100,Utilities payment,BA002
CJ-002765,2025-09-10,101822,USD,OUTFLOW,Salesforce Inc,6300,Vendor payment,BA002
CJ-002766,2025-09-10,96358,EUR,INFLOW,FranceTech SA,1210,Consulting revenue,BA005
CJ-002767,2025-09-10,89867,EUR,INFLOW,Berlin Analytics GmbH,4020,Product sales revenue,BA004
CJ-002768,2025-09-10,85374,EUR,INFLOW,AutoMotive Industries GmbH,4020,Consulting revenue,BA004
CJ-002769,2025-09-10,68161,EUR,INFLOW,AutoMotive Industries GmbH,4030,Customer payment received,BA004
CJ-002770,2025-09-10,43194,EUR,INFLOW,EuroTech Solutions,4030,Product sales revenue,BA004
CJ-002771,2025-09-10,44638,EUR,OUTFLOW,RWE Energy,6300,Equipment rental,BA004
CJ-002772,2025-09-10,20937,EUR,OUTFLOW,ThyssenKrupp AG,6300,Equipment rental,BA004
CJ-002773,2025-09-10,38919,EUR,OUTFLOW,Airbus SE,2010,Equipment rental,BA004
CJ-002774,2025-09-10,46872,GBP,INFLOW,Cambridge Biotech,4040,Product sales revenue,BA006
CJ-002775,2025-09-10,12924,GBP,INFLOW,Bristol Aerospace,1220,Product sales revenue,BA007
CJ-002776,2025-09-10,16509,GBP,INFLOW,Highland Manufacturing,1220,Service fee payment,BA006
CJ-002777,2025-09-10,37358,GBP,INFLOW,Cardiff Construction Ltd,1220,Service fee payment,BA007
CJ-002778,2025-09-10,17819,GBP,OUTFLOW,Royal Mail,2020,Vendor payment,BA007
CJ-002779,2025-09-11,139525,USD,INFLOW,Western Digital Corp,4010,Service fee payment,BA002
CJ-002780,2025-09-11,128676,USD,INFLOW,Southern Manufacturing,1200,License renewal payment,BA001
CJ-002781,2025-09-11,127757,USD,INFLOW,National Services LLC,4010,Service fee payment,BA003
CJ-002782,2025-09-11,79280,USD,OUTFLOW,Caterpillar Inc,6200,Professional services,BA001
CJ-002783,2025-09-11,71079,USD,OUTFLOW,General Electric,6300,Material procurement,BA003
CJ-002784,2025-09-11,74331,USD,OUTFLOW,Accenture PLC,2000,Vendor payment,BA003
CJ-002785,2025-09-11,70551,USD,OUTFLOW,Deloitte Consulting,6100,Vendor payment,BA003
CJ-002786,2025-09-11,68782,USD,OUTFLOW,Staples Inc,6300,Maintenance services,BA001
CJ-002787,2025-09-11,119755,USD,OUTFLOW,Salesforce Inc,6300,Professional services,BA001
CJ-002788,2025-09-11,46292,EUR,INFLOW,ACME Corp,1210,Product sales revenue,BA005
CJ-002789,2025-09-11,73457,EUR,INFLOW,Vienna Tech GmbH,4020,Product sales revenue,BA005
CJ-002790,2025-09-11,30905,EUR,INFLOW,EuroTech Solutions,4030,Consulting revenue,BA004
CJ-002791,2025-09-11,65544,EUR,INFLOW,ACME Corp,1210,Customer payment received,BA005
CJ-002792,2025-09-11,52819,EUR,OUTFLOW,ThyssenKrupp AG,2010,Service provider payment,BA005
CJ-002793,2025-09-11,31249,EUR,OUTFLOW,L'Oreal SA,5010,Service provider payment,BA005
CJ-002794,2025-09-11,62418,EUR,OUTFLOW,ThyssenKrupp AG,2010,Material procurement,BA005
CJ-002795,2025-09-11,34700,GBP,INFLOW,British Retail Group,1220,Customer payment received,BA007
CJ-002796,2025-09-11,16353,GBP,OUTFLOW,AstraZeneca PLC,2020,Utilities payment,BA007
CJ-002797,2025-09-11,15441,GBP,OUTFLOW,AstraZeneca PLC,6200,Utilities payment,BA007
CJ-002798,2025-09-12,111285,USD,INFLOW,Sunrise Technologies,1200,License renewal payment,BA001
CJ-002799,2025-09-12,64781,USD,INFLOW,Southern Manufacturing,1200,Consulting services payment,BA003
CJ-002800,2025-09-12,83016,USD,OUTFLOW,IBM Corp,6300,Service provider payment,BA001
CJ-002801,2025-09-12,76818,USD,OUTFLOW,Salesforce Inc,6100,Vendor payment,BA002
CJ-002802,2025-09-12,68552,USD,OUTFLOW,Cisco Systems,6200,Utilities payment,BA003
CJ-002803,2025-09-12,53606,EUR,INFLOW,Vienna Tech GmbH,4030,Service fee payment,BA004
CJ-002804,2025-09-12,36195,EUR,OUTFLOW,Deutsche Post,2010,Service provider payment,BA005
CJ-002805,2025-09-12,40792,EUR,OUTFLOW,Capgemini SE,6300,Vendor payment,BA005
CJ-002806,2025-09-12,26845,EUR,OUTFLOW,Capgemini SE,2010,Material procurement,BA004
CJ-002807,2025-09-12,15929,GBP,INFLOW,Highland Manufacturing,4040,Customer payment received,BA006
CJ-002808,2025-09-12,20540,GBP,OUTFLOW,BP Energy,6200,Vendor payment,BA007
CJ-002809,2025-09-12,6800,GBP,OUTFLOW,BT Group,6200,Vendor payment,BA007
CJ-002810,2025-09-15,2153824,USD,OUTFLOW,ADP Payroll Services,6000,Monthly payroll processing,BA001
CJ-002811,2025-09-15,110418,USD,INFLOW,Atlantic Corp,4000,Service fee payment,BA002
CJ-002812,2025-09-15,111539,USD,INFLOW,Midwest Agribusiness,4000,Consulting services payment,BA002
CJ-002813,2025-09-15,76292,USD,INFLOW,Southern Manufacturing,4010,Service fee payment,BA002
CJ-002814,2025-09-15,144669,USD,OUTFLOW,Honeywell International,6100,Service provider payment,BA003
CJ-002815,2025-09-15,111963,USD,OUTFLOW,Office Depot,6400,Utilities payment,BA002
CJ-002816,2025-09-15,110831,USD,OUTFLOW,Microsoft Corp,6100,Utilities payment,BA001
CJ-002817,2025-09-15,119838,USD,OUTFLOW,Office Depot,6000,Service provider payment,BA001
CJ-002818,2025-09-15,161884,USD,OUTFLOW,Microsoft Corp,2000,Utilities payment,BA003
CJ-002819,2025-09-15,115348,USD,OUTFLOW,VMware Inc,6000,Professional services,BA003
CJ-002820,2025-09-15,155327,USD,OUTFLOW,Waste Management Inc,5000,Vendor payment,BA001
CJ-002821,2025-09-15,161189,USD,OUTFLOW,Workday Inc,6200,Material procurement,BA001
CJ-002822,2025-09-15,57417,EUR,INFLOW,Munich Automotive,1210,Customer payment received,BA004
CJ-002823,2025-09-15,49344,EUR,INFLOW,Nordic Energy AS,4030,Service fee payment,BA004
CJ-002824,2025-09-15,51315,EUR,OUTFLOW,Deutsche Post,5010,Material procurement,BA005
CJ-002825,2025-09-15,72998,EUR,OUTFLOW,ThyssenKrupp AG,5010,Vendor payment,BA005
CJ-002826,2025-09-15,70195,EUR,OUTFLOW,Deutsche Telekom,6300,Service provider payment,BA005
CJ-002827,2025-09-15,31287,EUR,OUTFLOW,Bosch Group,5010,Service provider payment,BA004
CJ-002828,2025-09-15,17636,GBP,INFLOW,British Retail Group,4040,Product sales revenue,BA007
CJ-002829,2025-09-15,16452,GBP,OUTFLOW,Sainsbury's,2020,Service provider payment,BA007
CJ-002830,2025-09-15,17393,GBP,OUTFLOW,BP Energy,6200,Service provider payment,BA007
CJ-002831,2025-09-15,16556,GBP,OUTFLOW,British Gas,2020,Utilities payment,BA007
CJ-002832,2025-09-16,121675,USD,INFLOW,Northeast Industries,4000,Service fee payment,BA002
CJ-002833,2025-09-16,159652,USD,INFLOW,Pacific Trading Corp,4000,Service fee payment,BA003
CJ-002834,2025-09-16,162688,USD,INFLOW,TransAtlantic Shipping,4010,License renewal payment,BA001
CJ-002835,2025-09-16,131075,USD,INFLOW,TransAtlantic Shipping,4010,License renewal payment,BA003
CJ-002836,2025-09-16,126048,USD,INFLOW,Sunrise Technologies,1200,Customer payment received,BA001
CJ-002837,2025-09-16,103674,USD,OUTFLOW,IBM Corp,6100,Material procurement,BA002
CJ-002838,2025-09-16,67270,USD,OUTFLOW,Deloitte Consulting,6300,Material procurement,BA003
CJ-002839,2025-09-16,84800,USD,OUTFLOW,AT&T Services,6100,Material procurement,BA003
CJ-002840,2025-09-16,74445,EUR,INFLOW,Hamburg Port Services,4030,Customer payment received,BA005
CJ-002841,2025-09-16,89948,EUR,INFLOW,Deutsche Industrial AG,4020,Consulting revenue,BA005
CJ-002842,2025-09-16,72851,EUR,INFLOW,ACME Corp,4030,Product sales revenue,BA005
CJ-002843,2025-09-16,95893,EUR,INFLOW,Hamburg Port Services,4020,Consulting revenue,BA005
CJ-002844,2025-09-16,72427,EUR,INFLOW,Stuttgart Engineering,1210,Customer payment received,BA005
CJ-002845,2025-09-16,63308,EUR,INFLOW,Frankfurt Solutions,4030,Service fee payment,BA004
CJ-002846,2025-09-16,52826,EUR,OUTFLOW,Lufthansa AG,2010,Material procurement,BA005
CJ-002847,2025-09-16,23677,EUR,OUTFLOW,Siemens AG,6300,Material procurement,BA004
CJ-002848,2025-09-16,17255,GBP,INFLOW,Scottish Energy Solutions,1220,Service fee payment,BA006
CJ-002849,2025-09-16,19061,GBP,INFLOW,Metropolitan Transit,4040,Customer payment received,BA006
CJ-002850,2025-09-16,23671,GBP,INFLOW,Cardiff Construction Ltd,4040,Service fee payment,BA006
CJ-002851,2025-09-16,8710,GBP,OUTFLOW,Vodafone Group,6200,Vendor payment,BA006
CJ-002852,2025-09-16,19297,GBP,OUTFLOW,Sainsbury's,6200,Utilities payment,BA006
CJ-002853,2025-09-16,19335,GBP,OUTFLOW,BP Energy,6200,Vendor payment,BA006
CJ-002854,2025-09-17,165389,USD,INFLOW,Sunbelt Energy Corp,4000,Customer payment received,BA003
CJ-002855,2025-09-17,141128,USD,INFLOW,Continental Systems,1200,Product sales revenue,BA003
CJ-002856,2025-09-17,166788,USD,INFLOW,MegaCorp USA,4000,License renewal payment,BA003
CJ-002857,2025-09-17,145272,USD,INFLOW,Coastal Shipping USA,1200,Product sales revenue,BA002
CJ-002858,2025-09-17,126821,USD,INFLOW,Southern Manufacturing,4000,Consulting services payment,BA002
CJ-002859,2025-09-17,144773,USD,INFLOW,Pacific Trading Corp,4000,Consulting services payment,BA003
CJ-002860,2025-09-17,148614,USD,INFLOW,Coastal Shipping USA,1200,Product sales revenue,BA003
CJ-002861,2025-09-17,89456,USD,OUTFLOW,Caterpillar Inc,6200,Service provider payment,BA003
CJ-002862,2025-09-17,69811,USD,OUTFLOW,AT&T Services,6100,Service provider payment,BA002
CJ-002863,2025-09-17,95284,USD,OUTFLOW,Workday Inc,6400,Vendor payment,BA001
CJ-002864,2025-09-17,83365,USD,OUTFLOW,Salesforce Inc,2000,Vendor payment,BA003
CJ-002865,2025-09-17,95236,EUR,INFLOW,Deutsche Industrial AG,4030,Customer payment received,BA004
CJ-002866,2025-09-17,82579,EUR,INFLOW,Nordic Energy AS,4020,Consulting revenue,BA005
CJ-002867,2025-09-17,82899,EUR,INFLOW,Munich Automotive,4030,Customer payment received,BA004
CJ-002868,2025-09-17,95741,EUR,INFLOW,Nordic Energy AS,4020,Product sales revenue,BA004
CJ-002869,2025-09-17,44209,EUR,INFLOW,ACME Corp,4030,Service fee payment,BA005
CJ-002870,2025-09-17,42930,EUR,OUTFLOW,L'Oreal SA,6300,Vendor payment,BA004
CJ-002871,2025-09-17,51264,EUR,OUTFLOW,Schneider Electric,2010,Service provider payment,BA004
CJ-002872,2025-09-17,44218,EUR,OUTFLOW,SAP SE,6300,Equipment rental,BA004
CJ-002873,2025-09-17,25153,EUR,OUTFLOW,Deutsche Telekom,5010,Material procurement,BA005
CJ-002874,2025-09-17,37742,GBP,INFLOW,Westminster Holdings,1220,Product sales revenue,BA006
CJ-002875,2025-09-17,16216,GBP,INFLOW,Bristol Aerospace,1220,Customer payment received,BA006
CJ-002876,2025-09-17,31857,GBP,INFLOW,Metropolitan Transit,1220,Product sales revenue,BA006
CJ-002877,2025-09-17,48674,GBP,INFLOW,Scottish Energy Solutions,1220,Product sales revenue,BA007
CJ-002878,2025-09-17,14399,GBP,OUTFLOW,BT Group,2020,Utilities payment,BA006
CJ-002879,2025-09-17,7539,GBP,OUTFLOW,BP Energy,2020,Vendor payment,BA006
CJ-002880,2025-09-17,9546,GBP,OUTFLOW,Vodafone Group,2020,Service provider payment,BA006
CJ-002881,2025-09-18,83399,USD,INFLOW,Southern Manufacturing,4000,License renewal payment,BA003
CJ-002882,2025-09-18,96245,USD,INFLOW,Northeast Industries,4000,Product sales revenue,BA003
CJ-002883,2025-09-18,87450,USD,INFLOW,Continental Systems,1200,Service fee payment,BA001
CJ-002884,2025-09-18,74818,USD,OUTFLOW,Waste Management Inc,6200,Utilities payment,BA001
CJ-002885,2025-09-18,110738,USD,OUTFLOW,3M Company,5000,Professional services,BA001
CJ-002886,2025-09-18,106090,USD,OUTFLOW,Accenture PLC,5000,Vendor payment,BA002
CJ-002887,2025-09-18,106331,USD,OUTFLOW,Adobe Systems,5000,Utilities payment,BA003
CJ-002888,2025-09-18,68400,EUR,INFLOW,AutoMotive Industries GmbH,4020,Consulting revenue,BA004
CJ-002889,2025-09-18,52041,EUR,INFLOW,Deutsche Industrial AG,4030,Consulting revenue,BA004
CJ-002890,2025-09-18,27279,EUR,OUTFLOW,Airbus SE,6300,Service provider payment,BA005
CJ-002891,2025-09-18,62641,EUR,OUTFLOW,Siemens AG,5010,Equipment rental,BA005
CJ-002892,2025-09-18,35426,EUR,OUTFLOW,SAP SE,6300,Vendor payment,BA004
CJ-002893,2025-09-18,31083,EUR,OUTFLOW,Deutsche Post,2010,Equipment rental,BA005
CJ-002894,2025-09-18,18921,GBP,INFLOW,London Financial Services,1220,Customer payment received,BA007
CJ-002895,2025-09-18,12642,GBP,OUTFLOW,AstraZeneca PLC,2020,Service provider payment,BA006
CJ-002896,2025-09-18,24180,GBP,OUTFLOW,Shell Energy,2020,Service provider payment,BA006
CJ-002897,2025-09-19,111489,USD,INFLOW,Western Digital Corp,4010,Customer payment received,BA001
CJ-002898,2025-09-19,96488,USD,INFLOW,Midwest Agribusiness,4000,License renewal payment,BA003
CJ-002899,2025-09-19,88649,USD,INFLOW,Northeast Industries,4010,Customer payment received,BA001
CJ-002900,2025-09-19,76990,USD,INFLOW,Central Systems Inc,1200,Customer payment received,BA003
CJ-002901,2025-09-19,59682,USD,OUTFLOW,3M Company,6300,Maintenance services,BA001
CJ-002902,2025-09-19,97230,USD,OUTFLOW,General Electric,6400,Service provider payment,BA002
CJ-002903,2025-09-19,48457,EUR,INFLOW,AutoMotive Industries GmbH,1210,Service fee payment,BA005
CJ-002904,2025-09-19,36670,EUR,INFLOW,Stuttgart Engineering,4030,Product sales revenue,BA005
CJ-002905,2025-09-19,35727,EUR,OUTFLOW,Deutsche Post,2010,Equipment rental,BA005
CJ-002906,2025-09-19,17868,GBP,INFLOW,Bristol Aerospace,1220,Service fee payment,BA007
CJ-002907,2025-09-19,10690,GBP,OUTFLOW,AstraZeneca PLC,6200,Vendor payment,BA006
CJ-002908,2025-09-19,14481,GBP,OUTFLOW,British Gas,2020,Vendor payment,BA007
CJ-002909,2025-09-22,75697,USD,INFLOW,American Logistics Inc,4010,Product sales revenue,BA003
CJ-002910,2025-09-22,85881,USD,INFLOW,Central Systems Inc,4010,Customer payment received,BA002
CJ-002911,2025-09-22,86395,USD,INFLOW,TransAtlantic Shipping,4000,License renewal payment,BA001
CJ-002912,2025-09-22,127707,USD,OUTFLOW,Deloitte Consulting,6100,Professional services,BA001
CJ-002913,2025-09-22,158094,USD,OUTFLOW,Workday Inc,2000,Professional services,BA002
CJ-002914,2025-09-22,159386,USD,OUTFLOW,Salesforce Inc,6000,Material procurement,BA001
CJ-002915,2025-09-22,88114,USD,OUTFLOW,Waste Management Inc,6000,Professional services,BA001
CJ-002916,2025-09-22,102125,USD,OUTFLOW,EY Global,6400,Service provider payment,BA002
CJ-002917,2025-09-22,32852,EUR,INFLOW,Vienna Tech GmbH,1210,Customer payment received,BA004
CJ-002918,2025-09-22,64358,EUR,INFLOW,Milan Industries,1210,Service fee payment,BA005
CJ-002919,2025-09-22,30647,EUR,INFLOW,AutoMotive Industries GmbH,4020,Customer payment received,BA004
CJ-002920,2025-09-22,55588,EUR,INFLOW,FranceTech SA,4030,Consulting revenue,BA004
CJ-002921,2025-09-22,32039,EUR,OUTFLOW,BASF SE,5010,Equipment rental,BA004
CJ-002922,2025-09-22,28171,EUR,OUTFLOW,Volkswagen AG,5010,Equipment rental,BA004
CJ-002923,2025-09-22,62197,EUR,OUTFLOW,Deutsche Post,2010,Equipment rental,BA004
CJ-002924,2025-09-22,58829,EUR,OUTFLOW,Volkswagen AG,6300,Material procurement,BA004
CJ-002925,2025-09-22,32170,GBP,INFLOW,Cardiff Construction Ltd,4040,Customer payment received,BA007
CJ-002926,2025-09-22,41189,GBP,OUTFLOW,BT Group,6200,Utilities payment,BA007
CJ-002927,2025-09-22,40111,GBP,OUTFLOW,BP Energy,6200,Utilities payment,BA006
CJ-002928,2025-09-22,15562,GBP,OUTFLOW,Unilever PLC,6200,Utilities payment,BA007
CJ-002929,2025-09-23,127861,USD,INFLOW,Pacific Trading Corp,4010,Consulting services payment,BA001
CJ-002930,2025-09-23,112061,USD,INFLOW,Atlantic Corp,4010,Service fee payment,BA001
CJ-002931,2025-09-23,129255,USD,INFLOW,Midwest Agribusiness,4010,Service fee payment,BA001
CJ-002932,2025-09-23,176469,USD,INFLOW,Continental Systems,1200,Consulting services payment,BA002
CJ-002933,2025-09-23,177525,USD,INFLOW,Atlantic Corp,1200,Consulting services payment,BA003
CJ-002934,2025-09-23,100736,USD,OUTFLOW,Adobe Systems,2000,Utilities payment,BA001
CJ-002935,2025-09-23,105234,USD,OUTFLOW,Verizon Business,6200,Maintenance services,BA003
CJ-002936,2025-09-23,103505,USD,OUTFLOW,General Electric,2000,Professional services,BA001
CJ-002937,2025-09-23,62105,USD,OUTFLOW,General Electric,6000,Vendor payment,BA003
CJ-002938,2025-09-23,78054,EUR,INFLOW,AutoMotive Industries GmbH,1210,Product sales revenue,BA004
CJ-002939,2025-09-23,47116,EUR,INFLOW,Rhine Logistics AG,4030,Customer payment received,BA005
CJ-002940,2025-09-23,99024,EUR,INFLOW,ACME Corp,4020,Project milestone payment - delayed,BA005
CJ-002941,2025-09-23,55209,EUR,INFLOW,EuroTech Solutions,1210,Consulting revenue,BA005
CJ-002942,2025-09-23,45403,EUR,OUTFLOW,Volkswagen AG,2010,Vendor payment,BA005
CJ-002943,2025-09-23,47965,EUR,OUTFLOW,L'Oreal SA,6300,Vendor payment,BA004
CJ-002944,2025-09-23,16746,GBP,INFLOW,British Retail Group,1220,Product sales revenue,BA007
CJ-002945,2025-09-23,47925,GBP,INFLOW,Manchester United Industries,1220,Service fee payment,BA007
CJ-002946,2025-09-23,25376,GBP,INFLOW,British Retail Group,4040,Product sales revenue,BA006
CJ-002947,2025-09-23,48572,GBP,INFLOW,Metropolitan Transit,4040,Product sales revenue,BA006
CJ-002948,2025-09-23,38464,GBP,INFLOW,British Retail Group,4040,Product sales revenue,BA007
CJ-002949,2025-09-23,17217,GBP,OUTFLOW,BT Group,2020,Vendor payment,BA007
CJ-002950,2025-09-23,25952,GBP,OUTFLOW,BAE Systems,6200,Service provider payment,BA007
CJ-002951,2025-09-24,103055,USD,INFLOW,Global Pharma Corp,1200,Service fee payment,BA001
CJ-002952,2025-09-24,183916,USD,INFLOW,Coastal Shipping USA,1200,Consulting services payment,BA002
CJ-002953,2025-09-24,182780,USD,INFLOW,Global Pharma Corp,4000,Customer payment received,BA002
CJ-002954,2025-09-24,150113,USD,INFLOW,Pacific Trading Corp,4010,Customer payment received,BA002
CJ-002955,2025-09-24,178526,USD,INFLOW,Sunbelt Energy Corp,1200,Product sales revenue,BA001
CJ-002956,2025-09-24,101079,USD,OUTFLOW,Deloitte Consulting,6400,Professional services,BA002
CJ-002957,2025-09-24,103920,USD,OUTFLOW,Caterpillar Inc,6300,Service provider payment,BA003
CJ-002958,2025-09-24,66253,USD,OUTFLOW,Caterpillar Inc,6100,Utilities payment,BA003
CJ-002959,2025-09-24,59255,USD,OUTFLOW,Honeywell International,6400,Professional services,BA002
CJ-002960,2025-09-24,70875,EUR,INFLOW,Milan Industries,4020,Consulting revenue,BA005
CJ-002961,2025-09-24,96770,EUR,INFLOW,EuroTech Solutions,1210,Consulting revenue,BA004
CJ-002962,2025-09-24,88516,EUR,INFLOW,Rhine Logistics AG,4030,Consulting revenue,BA004
CJ-002963,2025-09-24,51590,EUR,OUTFLOW,Allianz SE,6300,Vendor payment,BA004
CJ-002964,2025-09-24,46201,EUR,OUTFLOW,Allianz SE,2010,Vendor payment,BA005
CJ-002965,2025-09-24,20267,GBP,INFLOW,London Financial Services,1220,Service fee payment,BA006
CJ-002966,2025-09-24,37579,GBP,INFLOW,Oxford Research Labs,1220,Product sales revenue,BA007
CJ-002967,2025-09-24,12332,GBP,OUTFLOW,Vodafone Group,6200,Vendor payment,BA007
CJ-002968,2025-09-24,10954,GBP,OUTFLOW,Royal Mail,6200,Utilities payment,BA007
CJ-002969,2025-09-25,103408,USD,INFLOW,Continental Systems,4010,License renewal payment,BA001
CJ-002970,2025-09-25,100896,USD,INFLOW,Southern Manufacturing,4000,Service fee payment,BA001
CJ-002971,2025-09-25,173421,USD,INFLOW,Coastal Shipping USA,4010,License renewal payment,BA001
CJ-002972,2025-09-25,149161,USD,INFLOW,Midwest Agribusiness,1200,License renewal payment,BA003
CJ-002973,2025-09-25,146521,USD,INFLOW,Coastal Shipping USA,4010,Customer payment received,BA001
CJ-002974,2025-09-25,158542,USD,OUTFLOW,Staples Inc,6100,Material procurement,BA003
CJ-002975,2025-09-25,131279,USD,OUTFLOW,Microsoft Corp,6300,Maintenance services,BA001
CJ-002976,2025-09-25,115648,USD,OUTFLOW,Staples Inc,6400,Professional services,BA003
CJ-002977,2025-09-25,138595,USD,OUTFLOW,Accenture PLC,6300,Utilities payment,BA001
CJ-002978,2025-09-25,106873,USD,OUTFLOW,KPMG LLP,6200,Vendor payment,BA002
CJ-002979,2025-09-25,83315,EUR,INFLOW,Stuttgart Engineering,4020,Consulting revenue,BA005
CJ-002980,2025-09-25,47556,EUR,INFLOW,AutoMotive Industries GmbH,1210,Product sales revenue,BA005
CJ-002981,2025-09-25,54721,EUR,INFLOW,AutoMotive Industries GmbH,1210,Customer payment received,BA005
CJ-002982,2025-09-25,43512,EUR,OUTFLOW,L'Oreal SA,6300,Service provider payment,BA005
CJ-002983,2025-09-25,68433,EUR,OUTFLOW,Siemens AG,5010,Vendor payment,BA005
CJ-002984,2025-09-25,57522,EUR,OUTFLOW,Volkswagen AG,6300,Equipment rental,BA005
CJ-002985,2025-09-25,69635,EUR,OUTFLOW,Allianz SE,5010,Equipment rental,BA004
CJ-002986,2025-09-25,41249,GBP,INFLOW,Bristol Aerospace,4040,Customer payment received,BA006
CJ-002987,2025-09-25,14621,GBP,INFLOW,Metropolitan Transit,4040,Service fee payment,BA007
CJ-002988,2025-09-25,39426,GBP,INFLOW,Scottish Energy Solutions,1220,Product sales revenue,BA006
CJ-002989,2025-09-25,35388,GBP,OUTFLOW,Vodafone Group,2020,Vendor payment,BA007
CJ-002990,2025-09-25,29911,GBP,OUTFLOW,Sainsbury's,6200,Utilities payment,BA006
CJ-002991,2025-09-25,25459,GBP,OUTFLOW,Unilever PLC,6200,Service provider payment,BA006
CJ-002992,2025-09-26,93330,USD,INFLOW,Global Pharma Corp,4000,Consulting services payment,BA003
CJ-002993,2025-09-26,103763,USD,INFLOW,American Logistics Inc,4010,Service fee payment,BA003
CJ-002994,2025-09-26,112212,USD,INFLOW,Global Pharma Corp,4010,Customer payment received,BA001
CJ-002995,2025-09-26,98629,USD,OUTFLOW,Oracle Corp,6200,Professional services,BA002
CJ-002996,2025-09-26,90718,USD,OUTFLOW,Microsoft Corp,6400,Material procurement,BA002
CJ-002997,2025-09-26,85677,USD,OUTFLOW,Verizon Business,5000,Service provider payment,BA002
CJ-002998,2025-09-26,75883,USD,OUTFLOW,Verizon Business,5000,Vendor payment,BA001
CJ-002999,2025-09-26,113133,USD,OUTFLOW,Workday Inc,2000,Vendor payment,BA002
CJ-003000,2025-09-26,54591,EUR,INFLOW,Munich Automotive,1210,Service fee payment,BA004
CJ-003001,2025-09-26,41221,EUR,OUTFLOW,BASF SE,2010,Material procurement,BA004
CJ-003002,2025-09-26,25398,EUR,OUTFLOW,Airbus SE,2010,Equipment rental,BA004
CJ-003003,2025-09-26,22986,EUR,OUTFLOW,Bayer AG,5010,Service provider payment,BA004
CJ-003004,2025-09-26,30904,GBP,INFLOW,London Financial Services,1220,Service fee payment,BA007
CJ-003005,2025-09-26,19189,GBP,INFLOW,Scottish Energy Solutions,1220,Service fee payment,BA006
CJ-003006,2025-09-26,24621,GBP,OUTFLOW,BT Group,6200,Service provider payment,BA007
CJ-003007,2025-09-26,14383,GBP,OUTFLOW,British Gas,6200,Service provider payment,BA006
CJ-003008,2025-09-29,83273,USD,INFLOW,American Logistics Inc,1200,Customer payment received,BA003
CJ-003009,2025-09-29,122370,USD,INFLOW,Continental Systems,4000,Consulting services payment,BA003
CJ-003010,2025-09-29,127819,USD,INFLOW,American Logistics Inc,4010,Product sales revenue,BA002
CJ-003011,2025-09-29,210788,USD,OUTFLOW,Adobe Systems,6400,Service provider payment,BA002
CJ-003012,2025-09-29,265091,USD,OUTFLOW,Amazon Web Services,5000,Professional services,BA002
CJ-003013,2025-09-29,287731,USD,OUTFLOW,Caterpillar Inc,6000,Vendor payment,BA002
CJ-003014,2025-09-29,259991,USD,OUTFLOW,3M Company,2000,Service provider payment,BA001
CJ-003015,2025-09-29,234054,USD,OUTFLOW,AT&T Services,6100,Material procurement,BA003
CJ-003016,2025-09-29,241018,USD,OUTFLOW,Cisco Systems,6100,Material procurement,BA002
CJ-003017,2025-09-29,261242,USD,OUTFLOW,Workday Inc,2000,Service provider payment,BA002
CJ-003018,2025-09-29,34403,EUR,INFLOW,FranceTech SA,4030,Product sales revenue,BA005
CJ-003019,2025-09-29,60173,EUR,INFLOW,Stuttgart Engineering,4030,Service fee payment,BA005
CJ-003020,2025-09-29,108370,EUR,OUTFLOW,Volkswagen AG,6300,Vendor payment,BA005
CJ-003021,2025-09-29,59678,EUR,OUTFLOW,SAP SE,2010,Material procurement,BA005
CJ-003022,2025-09-29,106754,EUR,OUTFLOW,RWE Energy,6300,Vendor payment,BA005
CJ-003023,2025-09-29,69085,EUR,OUTFLOW,SAP SE,6300,Equipment rental,BA004
CJ-003024,2025-09-29,50022,EUR,OUTFLOW,Deutsche Telekom,2010,Material procurement,BA005
CJ-003025,2025-09-29,136059,EUR,OUTFLOW,Allianz SE,2010,Vendor payment,BA004
CJ-003026,2025-09-29,129752,EUR,OUTFLOW,Siemens AG,6300,Service provider payment,BA004
CJ-003027,2025-09-29,28966,GBP,INFLOW,Cardiff Construction Ltd,1220,Product sales revenue,BA007
CJ-003028,2025-09-29,18892,GBP,INFLOW,Scottish Energy Solutions,4040,Customer payment received,BA007
CJ-003029,2025-09-29,44822,GBP,OUTFLOW,Royal Mail,2020,Vendor payment,BA007
CJ-003030,2025-09-29,27037,GBP,OUTFLOW,Shell Energy,6200,Utilities payment,BA006
CJ-003031,2025-09-29,47723,GBP,OUTFLOW,BP Energy,6200,Vendor payment,BA006
CJ-003032,2025-09-29,31643,GBP,OUTFLOW,Vodafone Group,6200,Service provider payment,BA006
CJ-003033,2025-09-29,33303,GBP,OUTFLOW,BT Group,2020,Service provider payment,BA006
CJ-003034,2025-09-29,62946,GBP,OUTFLOW,Unilever PLC,2020,Service provider payment,BA007
CJ-003035,2025-09-30,2375580,USD,OUTFLOW,ADP Payroll Services,6000,Monthly payroll processing,BA003
CJ-003036,2025-09-30,193572,USD,INFLOW,Sunrise Technologies,1200,Customer payment received,BA003
CJ-003037,2025-09-30,168718,USD,INFLOW,Coastal Shipping USA,1200,License renewal payment,BA001
CJ-003038,2025-09-30,157958,USD,INFLOW,Northeast Industries,4000,Customer payment received,BA003
CJ-003039,2025-09-30,136981,USD,INFLOW,Sunbelt Energy Corp,4000,Product sales revenue,BA003
CJ-003040,2025-09-30,215084,USD,INFLOW,Midwest Agribusiness,1200,Customer payment received,BA002
CJ-003041,2025-09-30,172639,USD,INFLOW,American Logistics Inc,4010,License renewal payment,BA001
CJ-003042,2025-09-30,119896,USD,INFLOW,Western Digital Corp,4010,License renewal payment,BA002
CJ-003043,2025-09-30,134252,USD,OUTFLOW,Accenture PLC,6400,Service provider payment,BA001
CJ-003044,2025-09-30,179553,USD,OUTFLOW,Office Depot,6100,Material procurement,BA002
CJ-003045,2025-09-30,117549,USD,OUTFLOW,Workday Inc,2000,Service provider payment,BA002
CJ-003046,2025-09-30,143119,USD,OUTFLOW,Cisco Systems,6200,Material procurement,BA001
CJ-003047,2025-09-30,193130,USD,OUTFLOW,VMware Inc,5000,Material procurement,BA003
CJ-003048,2025-09-30,107395,EUR,INFLOW,Munich Automotive,4020,Service fee payment,BA004
CJ-003049,2025-09-30,101490,EUR,INFLOW,Deutsche Industrial AG,4030,Consulting revenue,BA005
CJ-003050,2025-09-30,71607,EUR,INFLOW,Hamburg Port Services,1210,Product sales revenue,BA004
CJ-003051,2025-09-30,114344,EUR,INFLOW,Berlin Analytics GmbH,4020,Customer payment received,BA004
CJ-003052,2025-09-30,94805,EUR,INFLOW,Siemens Digital Industries,4030,Consulting revenue,BA004
CJ-003053,2025-09-30,62440,EUR,INFLOW,Stuttgart Engineering,4020,Customer payment received,BA004
CJ-003054,2025-09-30,66447,EUR,OUTFLOW,Capgemini SE,6300,Material procurement,BA005
CJ-003055,2025-09-30,89601,EUR,OUTFLOW,Bosch Group,6300,Equipment rental,BA005
CJ-003056,2025-09-30,48978,EUR,OUTFLOW,BASF SE,5010,Service provider payment,BA004
CJ-003057,2025-09-30,67120,EUR,OUTFLOW,Airbus SE,2010,Equipment rental,BA004
CJ-003058,2025-09-30,16178,GBP,INFLOW,London Financial Services,4040,Customer payment received,BA007
CJ-003059,2025-09-30,54238,GBP,INFLOW,Westminster Holdings,1220,Product sales revenue,BA006
CJ-003060,2025-09-30,53163,GBP,INFLOW,Cambridge Biotech,1220,Product sales revenue,BA006
CJ-003061,2025-09-30,57953,GBP,INFLOW,Metropolitan Transit,4040,Product sales revenue,BA007
CJ-003062,2025-09-30,40280,GBP,OUTFLOW,Shell Energy,6200,Service provider payment,BA006
CJ-003063,2025-09-30,28585,GBP,OUTFLOW,British Gas,2020,Service provider payment,BA006
CJ-003064,2025-09-30,22077,GBP,OUTFLOW,Rolls-Royce Holdings,2020,Service provider payment,BA007
CJ-003065,2025-10-01,146237,USD,INFLOW,Northeast Industries,4010,Customer payment received,BA003
CJ-003066,2025-10-01,163796,USD,INFLOW,Southern Manufacturing,4010,Customer payment received,BA001
CJ-003067,2025-10-01,197607,USD,INFLOW,Coastal Shipping USA,1200,License renewal payment,BA001
CJ-003068,2025-10-01,204074,USD,INFLOW,MegaCorp USA,4000,Service fee payment,BA001
CJ-003069,2025-10-01,156341,USD,INFLOW,American Logistics Inc,4010,Product sales revenue,BA002
CJ-003070,2025-10-01,224529,USD,INFLOW,TechGlobal Solutions,4000,Service fee payment,BA003
CJ-003071,2025-10-01,170821,USD,INFLOW,Pacific Trading Corp,1200,License renewal payment,BA002
CJ-003072,2025-10-01,96862,USD,OUTFLOW,Salesforce Inc,5000,Utilities payment,BA001
CJ-003073,2025-10-01,103397,USD,OUTFLOW,Verizon Business,2000,Professional services,BA003
CJ-003074,2025-10-01,97649,USD,OUTFLOW,Waste Management Inc,6300,Material procurement,BA001
CJ-003075,2025-10-01,60189,USD,OUTFLOW,Waste Management Inc,6000,Service provider payment,BA001
CJ-003076,2025-10-01,75638,USD,OUTFLOW,Cisco Systems,6100,Vendor payment,BA002
CJ-003077,2025-10-01,94186,USD,OUTFLOW,Oracle Corp,2000,Utilities payment,BA003
CJ-003078,2025-10-01,83219,EUR,INFLOW,FranceTech SA,4020,Service fee payment,BA004
CJ-003079,2025-10-01,60997,EUR,INFLOW,Rhine Logistics AG,4030,Customer payment received,BA005
CJ-003080,2025-10-01,105496,EUR,INFLOW,Rhine Logistics AG,4030,Service fee payment,BA004
CJ-003081,2025-10-01,53254,EUR,INFLOW,Rhine Logistics AG,4030,Customer payment received,BA005
CJ-003082,2025-10-01,92016,EUR,INFLOW,Nordic Energy AS,4020,Product sales revenue,BA005
CJ-003083,2025-10-01,37810,EUR,OUTFLOW,ThyssenKrupp AG,5010,Equipment rental,BA005
CJ-003084,2025-10-01,24116,EUR,OUTFLOW,L'Oreal SA,5010,Service provider payment,BA004
CJ-003085,2025-10-01,53469,GBP,INFLOW,Scottish Energy Solutions,1220,Product sales revenue,BA006
CJ-003086,2025-10-01,44290,GBP,INFLOW,Oxford Research Labs,4040,Service fee payment,BA006
CJ-003087,2025-10-01,34573,GBP,INFLOW,Scottish Energy Solutions,1220,Service fee payment,BA006
CJ-003088,2025-10-01,37670,GBP,INFLOW,Bristol Aerospace,1220,Product sales revenue,BA006
CJ-003089,2025-10-01,47427,GBP,INFLOW,Cardiff Construction Ltd,1220,Customer payment received,BA007
CJ-003090,2025-10-01,21829,GBP,OUTFLOW,AstraZeneca PLC,2020,Utilities payment,BA006
CJ-003091,2025-10-01,18096,GBP,OUTFLOW,Rolls-Royce Holdings,2020,Service provider payment,BA006
CJ-003092,2025-10-01,12115,GBP,OUTFLOW,Rolls-Royce Holdings,6200,Utilities payment,BA006
CJ-003093,2025-10-02,155110,USD,INFLOW,Atlantic Corp,1200,Product sales revenue,BA001
CJ-003094,2025-10-02,176953,USD,INFLOW,TechGlobal Solutions,1200,Customer payment received,BA001
CJ-003095,2025-10-02,165131,USD,INFLOW,Atlantic Corp,1200,Customer payment received,BA003
CJ-003096,2025-10-02,186775,USD,INFLOW,Western Digital Corp,4000,Product sales revenue,BA001
CJ-003097,2025-10-02,129260,USD,INFLOW,Continental Systems,4010,Customer payment received,BA003
CJ-003098,2025-10-02,130800,USD,INFLOW,Pacific Trading Corp,1200,Consulting services payment,BA003
CJ-003099,2025-10-02,94122,USD,OUTFLOW,Accenture PLC,5000,Professional services,BA001
CJ-003100,2025-10-02,102593,USD,OUTFLOW,EY Global,2000,Vendor payment,BA002
CJ-003101,2025-10-02,102196,USD,OUTFLOW,3M Company,6100,Material procurement,BA003
CJ-003102,2025-10-02,85012,EUR,INFLOW,Frankfurt Solutions,4020,Consulting revenue,BA004
CJ-003103,2025-10-02,66350,EUR,INFLOW,Munich Automotive,4030,Customer payment received,BA004
CJ-003104,2025-10-02,54001,EUR,INFLOW,Munich Automotive,4030,Product sales revenue,BA005
CJ-003105,2025-10-02,89357,EUR,INFLOW,Berlin Analytics GmbH,4020,Service fee payment,BA004
CJ-003106,2025-10-02,99061,EUR,INFLOW,AutoMotive Industries GmbH,4020,Consulting revenue,BA004
CJ-003107,2025-10-02,56499,EUR,OUTFLOW,Volkswagen AG,6300,Vendor payment,BA005
CJ-003108,2025-10-02,61004,EUR,OUTFLOW,RWE Energy,6300,Material procurement,BA005
CJ-003109,2025-10-02,16109,GBP,INFLOW,Highland Manufacturing,1220,Service fee payment,BA007
CJ-003110,2025-10-02,26083,GBP,INFLOW,Cambridge Biotech,1220,Customer payment received,BA006
CJ-003111,2025-10-02,43303,GBP,INFLOW,Cardiff Construction Ltd,4040,Customer payment received,BA006
CJ-003112,2025-10-02,12763,GBP,OUTFLOW,Royal Mail,6200,Service provider payment,BA007
CJ-003113,2025-10-02,15577,GBP,OUTFLOW,BAE Systems,6200,Service provider payment,BA007
CJ-003114,2025-10-03,90268,USD,INFLOW,Central Systems Inc,1200,Service fee payment,BA001
CJ-003115,2025-10-03,110909,USD,INFLOW,Global Pharma Corp,4010,Customer payment received,BA003
CJ-003116,2025-10-03,107614,USD,INFLOW,Pacific Trading Corp,4000,Customer payment received,BA002
CJ-003117,2025-10-03,147197,USD,INFLOW,Northeast Industries,4010,Customer payment received,BA002
CJ-003118,2025-10-03,79424,USD,OUTFLOW,General Electric,6200,Utilities payment,BA003
CJ-003119,2025-10-03,91388,USD,OUTFLOW,Caterpillar Inc,6100,Maintenance services,BA001
CJ-003120,2025-10-03,63582,USD,OUTFLOW,Waste Management Inc,6000,Vendor payment,BA003
CJ-003121,2025-10-03,54123,EUR,INFLOW,Nordic Energy AS,4020,Customer payment received,BA004
CJ-003122,2025-10-03,35658,EUR,INFLOW,Deutsche Industrial AG,4020,Consulting revenue,BA005
CJ-003123,2025-10-03,55045,EUR,INFLOW,Deutsche Industrial AG,1210,Customer payment received,BA005
CJ-003124,2025-10-03,77564,EUR,INFLOW,ACME Corp,4030,Product sales revenue,BA005
CJ-003125,2025-10-03,43692,EUR,OUTFLOW,Deutsche Post,2010,Service provider payment,BA004
CJ-003126,2025-10-03,19100,GBP,INFLOW,Edinburgh Systems,4040,Product sales revenue,BA006
CJ-003127,2025-10-03,39269,GBP,INFLOW,Metropolitan Transit,1220,Customer payment received,BA007
CJ-003128,2025-10-03,34152,GBP,INFLOW,British Retail Group,4040,Customer payment received,BA006
CJ-003129,2025-10-03,34238,GBP,INFLOW,British Retail Group,1220,Customer payment received,BA007
CJ-003130,2025-10-03,8735,GBP,OUTFLOW,AstraZeneca PLC,6200,Utilities payment,BA006
CJ-003131,2025-10-03,15571,GBP,OUTFLOW,BAE Systems,2020,Vendor payment,BA006
CJ-003132,2025-10-06,99040,USD,INFLOW,Continental Systems,1200,License renewal payment,BA001
CJ-003133,2025-10-06,92162,USD,INFLOW,Northeast Industries,1200,Service fee payment,BA003
CJ-003134,2025-10-06,113974,USD,INFLOW,Central Systems Inc,4000,Consulting services payment,BA003
CJ-003135,2025-10-06,151964,USD,OUTFLOW,EY Global,6100,Vendor payment,BA002
CJ-003136,2025-10-06,138888,USD,OUTFLOW,Waste Management Inc,2000,Maintenance services,BA002
CJ-003137,2025-10-06,160882,USD,OUTFLOW,KPMG LLP,6400,Material procurement,BA003
CJ-003138,2025-10-06,143471,USD,OUTFLOW,Workday Inc,6400,Vendor payment,BA003
CJ-003139,2025-10-06,115896,USD,OUTFLOW,Staples Inc,6100,Material procurement,BA002
CJ-003140,2025-10-06,41625,EUR,INFLOW,Frankfurt Solutions,4030,Customer payment received,BA004
CJ-003141,2025-10-06,42286,EUR,INFLOW,Deutsche Industrial AG,1210,Customer payment received,BA004
CJ-003142,2025-10-06,66089,EUR,INFLOW,Milan Industries,4020,Customer payment received,BA005
CJ-003143,2025-10-06,42850,EUR,INFLOW,Stuttgart Engineering,4030,Customer payment received,BA004
CJ-003144,2025-10-06,76703,EUR,OUTFLOW,Airbus SE,5010,Equipment rental,BA005
CJ-003145,2025-10-06,33969,EUR,OUTFLOW,Bayer AG,5010,Service provider payment,BA004
CJ-003146,2025-10-06,40428,EUR,OUTFLOW,Airbus SE,6300,Equipment rental,BA005
CJ-003147,2025-10-06,40646,EUR,OUTFLOW,SAP SE,6300,Equipment rental,BA004
CJ-003148,2025-10-06,40577,EUR,OUTFLOW,Siemens AG,6300,Material procurement,BA004
CJ-003149,2025-10-06,16497,GBP,INFLOW,Highland Manufacturing,1220,Customer payment received,BA007
CJ-003150,2025-10-06,14824,GBP,OUTFLOW,Royal Mail,2020,Vendor payment,BA006
CJ-003151,2025-10-06,33961,GBP,OUTFLOW,BAE Systems,6200,Service provider payment,BA007
CJ-003152,2025-10-06,29632,GBP,OUTFLOW,Unilever PLC,2020,Utilities payment,BA007
CJ-003153,2025-10-06,29739,GBP,OUTFLOW,Royal Mail,6200,Utilities payment,BA007
CJ-003154,2025-10-07,182253,USD,INFLOW,TransAtlantic Shipping,4000,Service fee payment,BA003
CJ-003155,2025-10-07,159869,USD,INFLOW,MegaCorp USA,1200,Customer payment received,BA001
CJ-003156,2025-10-07,159364,USD,INFLOW,Midwest Agribusiness,4010,Customer payment received,BA001
CJ-003157,2025-10-07,191561,USD,INFLOW,TransAtlantic Shipping,4000,Service fee payment,BA001
CJ-003158,2025-10-07,172513,USD,INFLOW,TechGlobal Solutions,1200,Customer payment received,BA002
CJ-003159,2025-10-07,126086,USD,INFLOW,Pacific Trading Corp,4000,License renewal payment,BA001
CJ-003160,2025-10-07,106516,USD,OUTFLOW,Accenture PLC,6100,Professional services,BA001
CJ-003161,2025-10-07,90662,USD,OUTFLOW,Waste Management Inc,6400,Service provider payment,BA002
CJ-003162,2025-10-07,109447,USD,OUTFLOW,Accenture PLC,5000,Service provider payment,BA003
CJ-003163,2025-10-07,92678,USD,OUTFLOW,Salesforce Inc,2000,Service provider payment,BA001
CJ-003164,2025-10-07,84419,EUR,INFLOW,Stuttgart Engineering,4020,Product sales revenue,BA004
CJ-003165,2025-10-07,97302,EUR,INFLOW,EuroTech Solutions,4030,Product sales revenue,BA005
CJ-003166,2025-10-07,66126,EUR,INFLOW,Berlin Analytics GmbH,4020,Consulting revenue,BA005
CJ-003167,2025-10-07,51336,EUR,INFLOW,Stuttgart Engineering,4030,Customer payment received,BA004
CJ-003168,2025-10-07,48549,EUR,INFLOW,Stuttgart Engineering,1210,Service fee payment,BA004
CJ-003169,2025-10-07,98568,EUR,INFLOW,Stuttgart Engineering,4030,Consulting revenue,BA005
CJ-003170,2025-10-07,41215,EUR,OUTFLOW,Airbus SE,2010,Equipment rental,BA005
CJ-003171,2025-10-07,39102,EUR,OUTFLOW,Allianz SE,6300,Material procurement,BA004
CJ-003172,2025-10-07,42984,EUR,OUTFLOW,L'Oreal SA,2010,Vendor payment,BA004
CJ-003173,2025-10-07,28933,GBP,INFLOW,Bristol Aerospace,4040,Customer payment received,BA007
CJ-003174,2025-10-07,28111,GBP,INFLOW,Scottish Energy Solutions,1220,Product sales revenue,BA007
CJ-003175,2025-10-07,21599,GBP,INFLOW,British Retail Group,1220,Service fee payment,BA006
CJ-003176,2025-10-07,23275,GBP,OUTFLOW,British Gas,6200,Service provider payment,BA006
CJ-003177,2025-10-07,20908,GBP,OUTFLOW,Tesco PLC,2020,Service provider payment,BA007
CJ-003178,2025-10-07,8231,GBP,OUTFLOW,BT Group,6200,Vendor payment,BA007
CJ-003179,2025-10-08,119064,USD,INFLOW,Midwest Manufacturing,1200,Service fee payment,BA001
CJ-003180,2025-10-08,113702,USD,INFLOW,American Logistics Inc,4000,Product sales revenue,BA001
CJ-003181,2025-10-08,147247,USD,INFLOW,Sunbelt Energy Corp,4000,Product sales revenue,BA003
CJ-003182,2025-10-08,158032,USD,INFLOW,Pacific Trading Corp,4000,Customer payment received,BA001
CJ-003183,2025-10-08,155011,USD,INFLOW,National Services LLC,1200,Product sales revenue,BA002
CJ-003184,2025-10-08,103982,USD,INFLOW,Atlantic Corp,4010,Product sales revenue,BA002
CJ-003185,2025-10-08,101404,USD,INFLOW,Western Digital Corp,4010,Product sales revenue,BA001
CJ-003186,2025-10-08,65507,USD,OUTFLOW,Microsoft Corp,2000,Service provider payment,BA001
CJ-003187,2025-10-08,65895,USD,OUTFLOW,Caterpillar Inc,6400,Vendor payment,BA002
CJ-003188,2025-10-08,74628,USD,OUTFLOW,Microsoft Corp,6200,Service provider payment,BA002
CJ-003189,2025-10-08,101287,USD,OUTFLOW,AT&T Services,6400,Service provider payment,BA002
CJ-003190,2025-10-08,89805,USD,OUTFLOW,Deloitte Consulting,6100,Vendor payment,BA003
CJ-003191,2025-10-08,79461,USD,OUTFLOW,KPMG LLP,6000,Material procurement,BA001
CJ-003192,2025-10-08,71778,EUR,INFLOW,Siemens Digital Industries,1210,Customer payment received,BA004
CJ-003193,2025-10-08,58605,EUR,INFLOW,Frankfurt Solutions,4020,Consulting revenue,BA005
CJ-003194,2025-10-08,50392,EUR,INFLOW,Hamburg Port Services,4030,Consulting revenue,BA004
CJ-003195,2025-10-08,47696,EUR,OUTFLOW,Capgemini SE,2010,Vendor payment,BA005
CJ-003196,2025-10-08,21106,EUR,OUTFLOW,ThyssenKrupp AG,5010,Service provider payment,BA004
CJ-003197,2025-10-08,27634,EUR,OUTFLOW,Siemens AG,5010,Material procurement,BA005
CJ-003198,2025-10-08,32057,GBP,INFLOW,Manchester United Industries,1220,Customer payment received,BA006
CJ-003199,2025-10-08,18913,GBP,INFLOW,Scottish Energy Solutions,4040,Product sales revenue,BA007
CJ-003200,2025-10-08,46160,GBP,INFLOW,Bristol Aerospace,4040,Product sales revenue,BA006
CJ-003201,2025-10-08,15422,GBP,OUTFLOW,Unilever PLC,6200,Vendor payment,BA006
CJ-003202,2025-10-08,13796,GBP,OUTFLOW,BAE Systems,6200,Vendor payment,BA007
CJ-003203,2025-10-08,12803,GBP,OUTFLOW,Vodafone Group,6200,Vendor payment,BA007
CJ-003204,2025-10-09,83755,USD,INFLOW,TechGlobal Solutions,4010,Customer payment received,BA003
CJ-003205,2025-10-09,122549,USD,INFLOW,Atlantic Corp,4010,Product sales revenue,BA003
CJ-003206,2025-10-09,148920,USD,INFLOW,Continental Systems,4010,Product sales revenue,BA002
CJ-003207,2025-10-09,152666,USD,INFLOW,Western Digital Corp,1200,Customer payment received,BA001
CJ-003208,2025-10-09,136764,USD,INFLOW,Sunbelt Energy Corp,4000,Customer payment received,BA001
CJ-003209,2025-10-09,119779,USD,INFLOW,Sunbelt Energy Corp,4010,Consulting services payment,BA003
CJ-003210,2025-10-09,98633,USD,OUTFLOW,Oracle Corp,2000,Material procurement,BA003
CJ-003211,2025-10-09,109484,USD,OUTFLOW,Oracle Corp,6400,Professional services,BA003
CJ-003212,2025-10-09,65240,USD,OUTFLOW,Cisco Systems,6200,Service provider payment,BA003
CJ-003213,2025-10-09,81153,EUR,INFLOW,Vienna Tech GmbH,4030,Product sales revenue,BA005
CJ-003214,2025-10-09,80306,EUR,INFLOW,Munich Automotive,4030,Service fee payment,BA005
CJ-003215,2025-10-09,64851,EUR,OUTFLOW,Allianz SE,6300,Vendor payment,BA004
CJ-003216,2025-10-09,51456,EUR,OUTFLOW,BASF SE,2010,Vendor payment,BA005
CJ-003217,2025-10-09,47263,EUR,OUTFLOW,Deutsche Post,2010,Equipment rental,BA005
CJ-003218,2025-10-09,51058,EUR,OUTFLOW,Deutsche Post,5010,Material procurement,BA005
CJ-003219,2025-10-09,41205,GBP,INFLOW,Metropolitan Transit,1220,Product sales revenue,BA006
CJ-003220,2025-10-09,34286,GBP,INFLOW,British Retail Group,1220,Service fee payment,BA007
CJ-003221,2025-10-09,27778,GBP,OUTFLOW,Vodafone Group,2020,Service provider payment,BA007
CJ-003222,2025-10-10,81445,USD,INFLOW,National Services LLC,4000,Product sales revenue,BA003
CJ-003223,2025-10-10,109143,USD,INFLOW,Central Systems Inc,4010,Service fee payment,BA003
CJ-003224,2025-10-10,63152,USD,OUTFLOW,3M Company,6400,Material procurement,BA001
CJ-003225,2025-10-10,68959,USD,OUTFLOW,Microsoft Corp,6100,Professional services,BA002
CJ-003226,2025-10-10,84470,USD,OUTFLOW,Oracle Corp,2000,Material procurement,BA001
CJ-003227,2025-10-10,86326,USD,OUTFLOW,Staples Inc,6300,Service provider payment,BA002
CJ-003228,2025-10-10,43608,EUR,INFLOW,Vienna Tech GmbH,4030,Consulting revenue,BA005
CJ-003229,2025-10-10,29490,EUR,INFLOW,Nordic Energy AS,4020,Product sales revenue,BA005
CJ-003230,2025-10-10,28000,EUR,INFLOW,Stuttgart Engineering,4030,Customer payment received,BA005
CJ-003231,2025-10-10,28974,EUR,OUTFLOW,Allianz SE,2010,Vendor payment,BA005
CJ-003232,2025-10-10,31003,GBP,INFLOW,Oxford Research Labs,1220,Service fee payment,BA006
CJ-003233,2025-10-10,15082,GBP,INFLOW,British Retail Group,1220,Customer payment received,BA007
CJ-003234,2025-10-10,8535,GBP,OUTFLOW,Vodafone Group,6200,Vendor payment,BA006
CJ-003235,2025-10-10,13336,GBP,OUTFLOW,AstraZeneca PLC,2020,Service provider payment,BA007
CJ-003236,2025-10-13,108832,USD,INFLOW,Pacific Trading Corp,1200,Consulting services payment,BA001
CJ-003237,2025-10-13,73167,USD,INFLOW,Southern Manufacturing,4000,Customer payment received,BA003
CJ-003238,2025-10-13,76924,USD,INFLOW,Pacific Trading Corp,4010,License renewal payment,BA001
CJ-003239,2025-10-13,130834,USD,INFLOW,Global Pharma Corp,4000,Customer payment received,BA002
CJ-003240,2025-10-13,94405,USD,INFLOW,Continental Systems,4000,License renewal payment,BA001
CJ-003241,2025-10-13,112832,USD,INFLOW,TechGlobal Solutions,1200,Product sales revenue,BA001
CJ-003242,2025-10-13,164881,USD,OUTFLOW,Amazon Web Services,6200,Service provider payment,BA001
CJ-003243,2025-10-13,118809,USD,OUTFLOW,Waste Management Inc,6400,Service provider payment,BA001
CJ-003244,2025-10-13,124707,USD,OUTFLOW,EY Global,6400,Material procurement,BA001
CJ-003245,2025-10-13,145763,USD,OUTFLOW,Workday Inc,5000,Vendor payment,BA001
CJ-003246,2025-10-13,162746,USD,OUTFLOW,VMware Inc,6300,Material procurement,BA003
CJ-003247,2025-10-13,59820,EUR,INFLOW,Milan Industries,4020,Customer payment received,BA005
CJ-003248,2025-10-13,53009,EUR,INFLOW,Hamburg Port Services,4020,Customer payment received,BA005
CJ-003249,2025-10-13,66137,EUR,INFLOW,Munich Automotive,1210,Consulting revenue,BA004
CJ-003250,2025-10-13,26401,EUR,INFLOW,Vienna Tech GmbH,4030,Product sales revenue,BA005
CJ-003251,2025-10-13,70007,EUR,OUTFLOW,Bosch Group,6300,Material procurement,BA004
CJ-003252,2025-10-13,37594,EUR,OUTFLOW,Allianz SE,6300,Vendor payment,BA004
CJ-003253,2025-10-13,48997,EUR,OUTFLOW,SAP SE,2010,Service provider payment,BA004
CJ-003254,2025-10-13,76087,EUR,OUTFLOW,ThyssenKrupp AG,5010,Material procurement,BA004
CJ-003255,2025-10-13,41605,EUR,OUTFLOW,Allianz SE,6300,Equipment rental,BA005
CJ-003256,2025-10-13,72758,EUR,OUTFLOW,SAP SE,6300,Material procurement,BA004
CJ-003257,2025-10-13,30485,GBP,INFLOW,Bristol Aerospace,4040,Product sales revenue,BA006
CJ-003258,2025-10-13,26344,GBP,INFLOW,Oxford Research Labs,1220,Product sales revenue,BA006
CJ-003259,2025-10-13,20698,GBP,OUTFLOW,Shell Energy,6200,Service provider payment,BA006
CJ-003260,2025-10-13,34134,GBP,OUTFLOW,Vodafone Group,2020,Utilities payment,BA006
CJ-003261,2025-10-13,22219,GBP,OUTFLOW,Sainsbury's,2020,Service provider payment,BA006
CJ-003262,2025-10-13,12692,GBP,OUTFLOW,British Gas,2020,Vendor payment,BA006
CJ-003263,2025-10-14,178118,USD,INFLOW,Midwest Manufacturing,4010,Product sales revenue,BA002
CJ-003264,2025-10-14,118601,USD,INFLOW,Sunbelt Energy Corp,4000,Consulting services payment,BA003
CJ-003265,2025-10-14,141502,USD,INFLOW,Western Digital Corp,4010,License renewal payment,BA003
CJ-003266,2025-10-14,167486,USD,INFLOW,National Services LLC,1200,License renewal payment,BA002
CJ-003267,2025-10-14,169095,USD,INFLOW,Continental Systems,4010,Consulting services payment,BA001
CJ-003268,2025-10-14,166932,USD,INFLOW,Central Systems Inc,1200,Service fee payment,BA003
CJ-003269,2025-10-14,142199,USD,INFLOW,Western Digital Corp,1200,Customer payment received,BA003
CJ-003270,2025-10-14,99254,USD,OUTFLOW,Microsoft Corp,6000,Utilities payment,BA002
CJ-003271,2025-10-14,91698,USD,OUTFLOW,IBM Corp,2000,Utilities payment,BA002
CJ-003272,2025-10-14,92541,USD,OUTFLOW,AT&T Services,6400,Material procurement,BA001
CJ-003273,2025-10-14,107932,USD,OUTFLOW,Deloitte Consulting,2000,Vendor payment,BA001
CJ-003274,2025-10-14,60897,USD,OUTFLOW,3M Company,6100,Professional services,BA002
CJ-003275,2025-10-14,57372,USD,OUTFLOW,KPMG LLP,6200,Utilities payment,BA001
CJ-003276,2025-10-14,50797,EUR,INFLOW,Rhine Logistics AG,1210,Consulting revenue,BA004
CJ-003277,2025-10-14,59084,EUR,INFLOW,Nordic Energy AS,1210,Product sales revenue,BA004
CJ-003278,2025-10-14,65455,EUR,INFLOW,Milan Industries,4030,Product sales revenue,BA004
CJ-003279,2025-10-14,94728,EUR,INFLOW,AutoMotive Industries GmbH,1210,Product sales revenue,BA005
CJ-003280,2025-10-14,89418,EUR,INFLOW,ACME Corp,4030,Service fee payment,BA004
CJ-003281,2025-10-14,18913,EUR,OUTFLOW,Siemens AG,6300,Service provider payment,BA004
CJ-003282,2025-10-14,37601,EUR,OUTFLOW,Bayer AG,6300,Material procurement,BA004
CJ-003283,2025-10-14,17522,GBP,INFLOW,Cardiff Construction Ltd,1220,Service fee payment,BA007
CJ-003284,2025-10-14,23570,GBP,INFLOW,Cambridge Biotech,1220,Service fee payment,BA006
CJ-003285,2025-10-14,41242,GBP,INFLOW,Metropolitan Transit,4040,Customer payment received,BA006
CJ-003286,2025-10-14,19456,GBP,INFLOW,British Retail Group,4040,Customer payment received,BA006
CJ-003287,2025-10-14,34299,GBP,INFLOW,Bristol Aerospace,4040,Product sales revenue,BA007
CJ-003288,2025-10-14,26653,GBP,OUTFLOW,BAE Systems,2020,Service provider payment,BA007
CJ-003289,2025-10-14,22491,GBP,OUTFLOW,Vodafone Group,6200,Vendor payment,BA006
CJ-003290,2025-10-15,1321486,USD,OUTFLOW,ADP Payroll Services,6000,Monthly payroll processing,BA001
CJ-003291,2025-10-15,141785,USD,INFLOW,Southern Manufacturing,4000,Customer payment received,BA001
CJ-003292,2025-10-15,130505,USD,INFLOW,Midwest Manufacturing,4010,Customer payment received,BA003
CJ-003293,2025-10-15,161169,USD,INFLOW,Global Pharma Corp,4000,Customer payment received,BA002
CJ-003294,2025-10-15,168976,USD,INFLOW,Continental Systems,4000,Customer payment received,BA003
CJ-003295,2025-10-15,128004,USD,INFLOW,Atlantic Corp,4010,Service fee payment,BA002
CJ-003296,2025-10-15,86723,USD,OUTFLOW,EY Global,6200,Service provider payment,BA002
CJ-003297,2025-10-15,63943,USD,OUTFLOW,Office Depot,6000,Maintenance services,BA002
CJ-003298,2025-10-15,71341,USD,OUTFLOW,Staples Inc,5000,Utilities payment,BA002
CJ-003299,2025-10-15,51623,EUR,INFLOW,Rhine Logistics AG,4030,Service fee payment,BA005
CJ-003300,2025-10-15,40835,EUR,INFLOW,Siemens Digital Industries,1210,Service fee payment,BA005
CJ-003301,2025-10-15,76628,EUR,INFLOW,Siemens Digital Industries,1210,Consulting revenue,BA004
CJ-003302,2025-10-15,57548,EUR,INFLOW,EuroTech Solutions,1210,Service fee payment,BA004
CJ-003303,2025-10-15,41907,EUR,OUTFLOW,Bayer AG,2010,Material procurement,BA004
CJ-003304,2025-10-15,51392,EUR,OUTFLOW,SAP SE,6300,Equipment rental,BA004
CJ-003305,2025-10-15,46845,EUR,OUTFLOW,Airbus SE,5010,Vendor payment,BA004
CJ-003306,2025-10-15,13042,GBP,INFLOW,Highland Manufacturing,1220,Service fee payment,BA006
CJ-003307,2025-10-15,34843,GBP,INFLOW,Edinburgh Systems,1220,Customer payment received,BA006
CJ-003308,2025-10-15,17708,GBP,OUTFLOW,Sainsbury's,6200,Vendor payment,BA006
CJ-003309,2025-10-15,9073,GBP,OUTFLOW,Unilever PLC,6200,Service provider payment,BA007
CJ-003310,2025-10-16,121207,USD,INFLOW,MegaCorp USA,4000,Product sales revenue,BA002
CJ-003311,2025-10-16,151232,USD,INFLOW,Global Pharma Corp,4010,Consulting services payment,BA001
CJ-003312,2025-10-16,119195,USD,INFLOW,American Logistics Inc,4000,Product sales revenue,BA003
CJ-003313,2025-10-16,81971,USD,OUTFLOW,Salesforce Inc,6200,Maintenance services,BA003
CJ-003314,2025-10-16,97043,USD,OUTFLOW,Office Depot,5000,Material procurement,BA002
CJ-003315,2025-10-16,77773,USD,OUTFLOW,Waste Management Inc,2000,Material procurement,BA003
CJ-003316,2025-10-16,72887,USD,OUTFLOW,Microsoft Corp,6000,Utilities payment,BA003
CJ-003317,2025-10-16,102662,USD,OUTFLOW,Staples Inc,6300,Maintenance services,BA003
CJ-003318,2025-10-16,59874,EUR,INFLOW,Hamburg Port Services,4030,Service fee payment,BA005
CJ-003319,2025-10-16,67004,EUR,INFLOW,Nordic Energy AS,4030,Customer payment received,BA004
CJ-003320,2025-10-16,61431,EUR,OUTFLOW,Allianz SE,2010,Equipment rental,BA005
CJ-003321,2025-10-16,25477,EUR,OUTFLOW,Deutsche Post,2010,Service provider payment,BA004
CJ-003322,2025-10-16,14001,GBP,INFLOW,Highland Manufacturing,1220,Product sales revenue,BA007
CJ-003323,2025-10-16,13367,GBP,OUTFLOW,Sainsbury's,6200,Utilities payment,BA007
CJ-003324,2025-10-16,15610,GBP,OUTFLOW,BT Group,2020,Utilities payment,BA006
CJ-003325,2025-10-16,29975,GBP,OUTFLOW,Shell Energy,2020,Utilities payment,BA006
CJ-003326,2025-10-17,112269,USD,INFLOW,American Logistics Inc,4000,Consulting services payment,BA003
CJ-003327,2025-10-17,112868,USD,INFLOW,TechGlobal Solutions,4000,License renewal payment,BA002
CJ-003328,2025-10-17,81015,USD,OUTFLOW,Amazon Web Services,6000,Material procurement,BA003
CJ-003329,2025-10-17,57777,USD,OUTFLOW,IBM Corp,6000,Maintenance services,BA001
CJ-003330,2025-10-17,35681,EUR,INFLOW,FranceTech SA,4020,Customer payment received,BA004
CJ-003331,2025-10-17,46757,EUR,INFLOW,ACME Corp,1210,Product sales revenue,BA004
CJ-003332,2025-10-17,44653,EUR,OUTFLOW,Siemens AG,2010,Service provider payment,BA004
CJ-003333,2025-10-17,49222,EUR,OUTFLOW,RWE Energy,6300,Service provider payment,BA004
CJ-003334,2025-10-17,19611,GBP,INFLOW,Metropolitan Transit,1220,Product sales revenue,BA006
CJ-003335,2025-10-17,15983,GBP,INFLOW,Edinburgh Systems,1220,Service fee payment,BA006
CJ-003336,2025-10-17,10187,GBP,OUTFLOW,BT Group,6200,Vendor payment,BA007
CJ-003337,2025-10-17,9331,GBP,OUTFLOW,Royal Mail,6200,Service provider payment,BA007
CJ-003338,2025-10-20,111846,USD,INFLOW,Midwest Agribusiness,4010,License renewal payment,BA003
CJ-003339,2025-10-20,80826,USD,INFLOW,MegaCorp USA,1200,Product sales revenue,BA003
CJ-003340,2025-10-20,128238,USD,INFLOW,Sunbelt Energy Corp,4000,Customer payment received,BA003
CJ-003341,2025-10-20,84408,USD,INFLOW,Midwest Manufacturing,4000,License renewal payment,BA001
CJ-003342,2025-10-20,124166,USD,INFLOW,Atlantic Corp,4000,Customer payment received,BA002
CJ-003343,2025-10-20,103111,USD,OUTFLOW,Salesforce Inc,5000,Vendor payment,BA001
CJ-003344,2025-10-20,121113,USD,OUTFLOW,Verizon Business,6000,Material procurement,BA001
CJ-003345,2025-10-20,118182,USD,OUTFLOW,VMware Inc,6200,Service provider payment,BA002
CJ-003346,2025-10-20,129671,USD,OUTFLOW,Honeywell International,5000,Service provider payment,BA002
CJ-003347,2025-10-20,113252,USD,OUTFLOW,Caterpillar Inc,2000,Material procurement,BA001
CJ-003348,2025-10-20,63510,EUR,INFLOW,Siemens Digital Industries,4030,Consulting revenue,BA005
CJ-003349,2025-10-20,59924,EUR,INFLOW,FranceTech SA,4020,Product sales revenue,BA004
CJ-003350,2025-10-20,47510,EUR,INFLOW,FranceTech SA,4030,Product sales revenue,BA004
CJ-003351,2025-10-20,68243,EUR,INFLOW,FranceTech SA,4020,Service fee payment,BA004
CJ-003352,2025-10-20,42164,EUR,OUTFLOW,Deutsche Post,6300,Service provider payment,BA005
CJ-003353,2025-10-20,28220,EUR,OUTFLOW,Allianz SE,5010,Material procurement,BA005
CJ-003354,2025-10-20,71093,EUR,OUTFLOW,Deutsche Post,6300,Equipment rental,BA005
CJ-003355,2025-10-20,43179,EUR,OUTFLOW,Allianz SE,5010,Vendor payment,BA005
CJ-003356,2025-10-20,48438,EUR,OUTFLOW,SAP SE,6300,Equipment rental,BA005
CJ-003357,2025-10-20,19192,GBP,INFLOW,British Retail Group,4040,Product sales revenue,BA007
CJ-003358,2025-10-20,14092,GBP,INFLOW,Bristol Aerospace,1220,Product sales revenue,BA007
CJ-003359,2025-10-20,28083,GBP,OUTFLOW,Shell Energy,6200,Service provider payment,BA006
CJ-003360,2025-10-20,40845,GBP,OUTFLOW,Royal Mail,6200,Vendor payment,BA007
CJ-003361,2025-10-20,24454,GBP,OUTFLOW,Royal Mail,6200,Vendor payment,BA006
CJ-003362,2025-10-21,182117,USD,INFLOW,American Logistics Inc,4000,License renewal payment,BA003
CJ-003363,2025-10-21,135666,USD,INFLOW,Northeast Industries,4010,License renewal payment,BA002
CJ-003364,2025-10-21,151134,USD,INFLOW,Atlantic Corp,4000,Customer payment received,BA002
CJ-003365,2025-10-21,125654,USD,INFLOW,Coastal Shipping USA,4000,Consulting services payment,BA003
CJ-003366,2025-10-21,149494,USD,INFLOW,Midwest Agribusiness,4000,Consulting services payment,BA001
CJ-003367,2025-10-21,88101,USD,OUTFLOW,Workday Inc,6100,Service provider payment,BA003
CJ-003368,2025-10-21,64812,USD,OUTFLOW,EY Global,5000,Maintenance services,BA001
CJ-003369,2025-10-21,78014,USD,OUTFLOW,IBM Corp,5000,Professional services,BA002
CJ-003370,2025-10-21,67688,USD,OUTFLOW,Microsoft Corp,6000,Maintenance services,BA003
CJ-003371,2025-10-21,82502,EUR,INFLOW,Hamburg Port Services,4030,Service fee payment,BA005
CJ-003372,2025-10-21,83040,EUR,INFLOW,Stuttgart Engineering,4020,Consulting revenue,BA004
CJ-003373,2025-10-21,57179,EUR,INFLOW,Munich Automotive,1210,Consulting revenue,BA005
CJ-003374,2025-10-21,67978,EUR,INFLOW,Nordic Energy AS,4020,Consulting revenue,BA004
CJ-003375,2025-10-21,51854,EUR,OUTFLOW,SAP SE,6300,Material procurement,BA005
CJ-003376,2025-10-21,45159,EUR,OUTFLOW,Lufthansa AG,5010,Vendor payment,BA005
CJ-003377,2025-10-21,29311,EUR,OUTFLOW,Volkswagen AG,6300,Service provider payment,BA004
CJ-003378,2025-10-21,27645,EUR,OUTFLOW,BASF SE,6300,Equipment rental,BA005
CJ-003379,2025-10-21,33316,GBP,INFLOW,Bristol Aerospace,4040,Customer payment received,BA006
CJ-003380,2025-10-21,51386,GBP,INFLOW,Cambridge Biotech,1220,Customer payment received,BA006
CJ-003381,2025-10-21,32632,GBP,INFLOW,Edinburgh Systems,4040,Product sales revenue,BA007
CJ-003382,2025-10-21,13665,GBP,INFLOW,Metropolitan Transit,4040,Service fee payment,BA007
CJ-003383,2025-10-21,8826,GBP,OUTFLOW,Shell Energy,2020,Service provider payment,BA007
CJ-003384,2025-10-21,27166,GBP,OUTFLOW,BAE Systems,6200,Utilities payment,BA006
CJ-003385,2025-10-22,123477,USD,INFLOW,National Services LLC,4010,Service fee payment,BA002
CJ-003386,2025-10-22,140093,USD,INFLOW,Coastal Shipping USA,4010,Product sales revenue,BA003
CJ-003387,2025-10-22,174546,USD,INFLOW,Coastal Shipping USA,1200,Customer payment received,BA002
CJ-003388,2025-10-22,127061,USD,INFLOW,Sunrise Technologies,1200,License renewal payment,BA003
CJ-003389,2025-10-22,125563,USD,INFLOW,Western Digital Corp,4010,Product sales revenue,BA002
CJ-003390,2025-10-22,118680,USD,INFLOW,Western Digital Corp,1200,Consulting services payment,BA002
CJ-003391,2025-10-22,62068,USD,OUTFLOW,Staples Inc,6000,Utilities payment,BA003
CJ-003392,2025-10-22,57169,USD,OUTFLOW,Accenture PLC,6400,Professional services,BA003
CJ-003393,2025-10-22,91802,USD,OUTFLOW,Workday Inc,6100,Vendor payment,BA001
CJ-003394,2025-10-22,71400,USD,OUTFLOW,Adobe Systems,6000,Utilities payment,BA003
CJ-003395,2025-10-22,57342,USD,OUTFLOW,Amazon Web Services,2000,Professional services,BA002
CJ-003396,2025-10-22,48450,EUR,INFLOW,Berlin Analytics GmbH,4020,Product sales revenue,BA005
CJ-003397,2025-10-22,57567,EUR,INFLOW,Stuttgart Engineering,4030,Consulting revenue,BA004
CJ-003398,2025-10-22,68317,EUR,INFLOW,Stuttgart Engineering,4030,Consulting revenue,BA004
CJ-003399,2025-10-22,76402,EUR,INFLOW,FranceTech SA,4030,Service fee payment,BA005
CJ-003400,2025-10-22,42006,EUR,INFLOW,Siemens Digital Industries,1210,Customer payment received,BA004
CJ-003401,2025-10-22,38072,EUR,OUTFLOW,Bosch Group,6300,Equipment rental,BA005
CJ-003402,2025-10-22,36785,EUR,OUTFLOW,Deutsche Telekom,5010,Service provider payment,BA005
CJ-003403,2025-10-22,31960,EUR,OUTFLOW,Allianz SE,2010,Service provider payment,BA005
CJ-003404,2025-10-22,41272,EUR,OUTFLOW,Airbus SE,5010,Equipment rental,BA005
CJ-003405,2025-10-22,40340,GBP,INFLOW,Bristol Aerospace,1220,Customer payment received,BA007
CJ-003406,2025-10-22,33671,GBP,INFLOW,British Retail Group,1220,Service fee payment,BA007
CJ-003407,2025-10-22,15744,GBP,OUTFLOW,BAE Systems,6200,Service provider payment,BA006
CJ-003408,2025-10-23,115715,USD,INFLOW,National Services LLC,4010,Customer payment received,BA003
CJ-003409,2025-10-23,90364,USD,INFLOW,Central Systems Inc,4000,Product sales revenue,BA002
CJ-003410,2025-10-23,122149,USD,INFLOW,MegaCorp USA,4000,Customer payment received,BA001
CJ-003411,2025-10-23,83005,USD,INFLOW,MegaCorp USA,4010,Product sales revenue,BA001
CJ-003412,2025-10-23,142759,USD,INFLOW,National Services LLC,4000,Product sales revenue,BA001
CJ-003413,2025-10-23,104471,USD,OUTFLOW,Verizon Business,6300,Utilities payment,BA001
CJ-003414,2025-10-23,124425,USD,OUTFLOW,IBM Corp,6000,Utilities payment,BA001
CJ-003415,2025-10-23,114034,USD,OUTFLOW,Staples Inc,5000,Maintenance services,BA002
CJ-003416,2025-10-23,60064,EUR,INFLOW,Hamburg Port Services,4030,Service fee payment,BA004
CJ-003417,2025-10-23,51956,EUR,INFLOW,Frankfurt Solutions,1210,Product sales revenue,BA004
CJ-003418,2025-10-23,42294,EUR,OUTFLOW,L'Oreal SA,5010,Material procurement,BA005
CJ-003419,2025-10-23,62491,EUR,OUTFLOW,RWE Energy,2010,Vendor payment,BA004
CJ-003420,2025-10-23,35098,GBP,INFLOW,Metropolitan Transit,4040,Customer payment received,BA006
CJ-003421,2025-10-23,21029,GBP,INFLOW,Scottish Energy Solutions,1220,Customer payment received,BA007
CJ-003422,2025-10-23,37740,GBP,INFLOW,Oxford Research Labs,4040,Product sales revenue,BA006
CJ-003423,2025-10-23,19896,GBP,OUTFLOW,Tesco PLC,6200,Utilities payment,BA007
CJ-003424,2025-10-23,25516,GBP,OUTFLOW,Royal Mail,6200,Vendor payment,BA007
CJ-003425,2025-10-23,11660,GBP,OUTFLOW,Vodafone Group,6200,Utilities payment,BA007
CJ-003426,2025-10-24,63304,USD,INFLOW,Coastal Shipping USA,4000,Product sales revenue,BA003
CJ-003427,2025-10-24,110166,USD,INFLOW,National Services LLC,4000,Consulting services payment,BA003
CJ-003428,2025-10-24,97652,USD,INFLOW,Pacific Trading Corp,1200,Product sales revenue,BA002
CJ-003429,2025-10-24,107474,USD,INFLOW,American Logistics Inc,1200,Product sales revenue,BA002
CJ-003430,2025-10-24,91611,USD,OUTFLOW,EY Global,6200,Maintenance services,BA003
CJ-003431,2025-10-24,54233,USD,OUTFLOW,Adobe Systems,6400,Maintenance services,BA002
CJ-003432,2025-10-24,77048,USD,OUTFLOW,Verizon Business,6100,Maintenance services,BA002
CJ-003433,2025-10-24,53767,USD,OUTFLOW,EY Global,6000,Utilities payment,BA001
CJ-003434,2025-10-24,52913,USD,OUTFLOW,AT&T Services,2000,Service provider payment,BA002
CJ-003435,2025-10-24,51364,EUR,INFLOW,ACME Corp,4020,Consulting revenue,BA005
CJ-003436,2025-10-24,34943,EUR,INFLOW,Deutsche Industrial AG,1210,Customer payment received,BA004
CJ-003437,2025-10-24,45451,EUR,INFLOW,AutoMotive Industries GmbH,4020,Service fee payment,BA004
CJ-003438,2025-10-24,37794,EUR,OUTFLOW,Capgemini SE,2010,Vendor payment,BA005
CJ-003439,2025-10-24,23481,EUR,OUTFLOW,Deutsche Telekom,5010,Vendor payment,BA005
CJ-003440,2025-10-24,45612,EUR,OUTFLOW,Deutsche Telekom,2010,Vendor payment,BA004
CJ-003441,2025-10-24,20625,GBP,INFLOW,British Retail Group,1220,Product sales revenue,BA006
CJ-003442,2025-10-24,8060,GBP,OUTFLOW,Royal Mail,2020,Utilities payment,BA007
CJ-003443,2025-10-27,100278,USD,INFLOW,Continental Systems,4000,Service fee payment,BA003
CJ-003444,2025-10-27,113058,USD,INFLOW,Western Digital Corp,4010,License renewal payment,BA003
CJ-003445,2025-10-27,92302,USD,INFLOW,TechGlobal Solutions,4010,Consulting services payment,BA002
CJ-003446,2025-10-27,74778,USD,INFLOW,Global Pharma Corp,4010,Product sales revenue,BA003
CJ-003447,2025-10-27,93144,USD,INFLOW,Coastal Shipping USA,4000,Consulting services payment,BA002
CJ-003448,2025-10-27,88004,USD,OUTFLOW,Microsoft Corp,6100,Material procurement,BA002
CJ-003449,2025-10-27,135605,USD,OUTFLOW,Salesforce Inc,6200,Utilities payment,BA003
CJ-003450,2025-10-27,98011,USD,OUTFLOW,Adobe Systems,6200,Professional services,BA002
CJ-003451,2025-10-27,118421,USD,OUTFLOW,Honeywell International,6200,Material procurement,BA003
CJ-003452,2025-10-27,87314,USD,OUTFLOW,Staples Inc,6100,Material procurement,BA003
CJ-003453,2025-10-27,144861,USD,OUTFLOW,Cisco Systems,6400,Maintenance services,BA003
CJ-003454,2025-10-27,145713,USD,OUTFLOW,IBM Corp,6000,Utilities payment,BA003
CJ-003455,2025-10-27,111432,USD,OUTFLOW,Oracle Corp,6100,Utilities payment,BA001
CJ-003456,2025-10-27,46749,EUR,INFLOW,Nordic Energy AS,4020,Consulting revenue,BA004
CJ-003457,2025-10-27,56298,EUR,INFLOW,Deutsche Industrial AG,1210,Customer payment received,BA005
CJ-003458,2025-10-27,35248,EUR,INFLOW,FranceTech SA,1210,Consulting revenue,BA004
CJ-003459,2025-10-27,45816,EUR,INFLOW,Deutsche Industrial AG,4030,Product sales revenue,BA004
CJ-003460,2025-10-27,44927,EUR,OUTFLOW,Bosch Group,2010,Material procurement,BA005
CJ-003461,2025-10-27,44147,EUR,OUTFLOW,Airbus SE,6300,Vendor payment,BA005
CJ-003462,2025-10-27,76722,EUR,OUTFLOW,Siemens AG,6300,Equipment rental,BA005
CJ-003463,2025-10-27,38118,EUR,OUTFLOW,Allianz SE,5010,Material procurement,BA004
CJ-003464,2025-10-27,46703,EUR,OUTFLOW,Airbus SE,2010,Equipment rental,BA005
CJ-003465,2025-10-27,23713,GBP,INFLOW,Edinburgh Systems,1220,Service fee payment,BA007
CJ-003466,2025-10-27,12850,GBP,INFLOW,British Retail Group,4040,Customer payment received,BA007
CJ-003467,2025-10-27,34260,GBP,INFLOW,Metropolitan Transit,1220,Service fee payment,BA006
CJ-003468,2025-10-27,29182,GBP,OUTFLOW,BAE Systems,2020,Vendor payment,BA007
CJ-003469,2025-10-27,13296,GBP,OUTFLOW,Unilever PLC,2020,Vendor payment,BA007
CJ-003470,2025-10-27,26795,GBP,OUTFLOW,Royal Mail,2020,Utilities payment,BA006
CJ-003471,2025-10-28,125049,USD,INFLOW,Northeast Industries,1200,Customer payment received,BA001
CJ-003472,2025-10-28,132107,USD,INFLOW,Pacific Trading Corp,4000,Product sales revenue,BA003
CJ-003473,2025-10-28,104687,USD,INFLOW,Western Digital Corp,4000,Service fee payment,BA002
CJ-003474,2025-10-28,182105,USD,INFLOW,TechGlobal Solutions,4010,License renewal payment,BA002
CJ-003475,2025-10-28,144070,USD,INFLOW,Global Pharma Corp,1200,Customer payment received,BA002
CJ-003476,2025-10-28,138859,USD,INFLOW,National Services LLC,4010,Product sales revenue,BA001
CJ-003477,2025-10-28,104044,USD,INFLOW,TransAtlantic Shipping,1200,Service fee payment,BA002
CJ-003478,2025-10-28,106375,USD,OUTFLOW,Salesforce Inc,6400,Vendor payment,BA003
CJ-003479,2025-10-28,58550,USD,OUTFLOW,Waste Management Inc,5000,Material procurement,BA001
CJ-003480,2025-10-28,105902,USD,OUTFLOW,3M Company,6000,Professional services,BA002
CJ-003481,2025-10-28,97664,USD,OUTFLOW,VMware Inc,5000,Vendor payment,BA003
CJ-003482,2025-10-28,64116,USD,OUTFLOW,Microsoft Corp,2000,Material procurement,BA002
CJ-003483,2025-10-28,107991,USD,OUTFLOW,General Electric,6000,Material procurement,BA003
CJ-003484,2025-10-28,75354,EUR,INFLOW,Frankfurt Solutions,1210,Consulting revenue,BA005
CJ-003485,2025-10-28,62114,EUR,INFLOW,Stuttgart Engineering,4030,Consulting revenue,BA005
CJ-003486,2025-10-28,73257,EUR,INFLOW,Rhine Logistics AG,4030,Product sales revenue,BA005
CJ-003487,2025-10-28,93971,EUR,INFLOW,Stuttgart Engineering,4030,Consulting revenue,BA005
CJ-003488,2025-10-28,27043,EUR,OUTFLOW,Deutsche Post,5010,Service provider payment,BA004
CJ-003489,2025-10-28,43042,EUR,OUTFLOW,Capgemini SE,2010,Service provider payment,BA004
CJ-003490,2025-10-28,26012,EUR,OUTFLOW,BASF SE,6300,Equipment rental,BA004
CJ-003491,2025-10-28,45142,EUR,OUTFLOW,ThyssenKrupp AG,5010,Equipment rental,BA005
CJ-003492,2025-10-28,34201,GBP,INFLOW,Westminster Holdings,1220,Customer payment received,BA007
CJ-003493,2025-10-28,29317,GBP,INFLOW,British Retail Group,1220,Customer payment received,BA007
CJ-003494,2025-10-28,50812,GBP,INFLOW,Highland Manufacturing,1220,Customer payment received,BA007
CJ-003495,2025-10-28,26138,GBP,OUTFLOW,BAE Systems,2020,Vendor payment,BA007
CJ-003496,2025-10-28,19863,GBP,OUTFLOW,British Gas,6200,Service provider payment,BA006
CJ-003497,2025-10-28,17365,GBP,OUTFLOW,AstraZeneca PLC,2020,Utilities payment,BA006
CJ-003498,2025-10-29,161991,USD,INFLOW,Sunbelt Energy Corp,4010,Consulting services payment,BA003
CJ-003499,2025-10-29,173494,USD,INFLOW,Central Systems Inc,4000,Customer payment received,BA002
CJ-003500,2025-10-29,140516,USD,INFLOW,MegaCorp USA,4010,Customer payment received,BA003
CJ-003501,2025-10-29,121276,USD,INFLOW,Continental Systems,4010,License renewal payment,BA001
CJ-003502,2025-10-29,110651,USD,INFLOW,Continental Systems,4010,License renewal payment,BA003
CJ-003503,2025-10-29,149458,USD,INFLOW,Coastal Shipping USA,4000,Customer payment received,BA002
CJ-003504,2025-10-29,129134,USD,OUTFLOW,Salesforce Inc,2000,Vendor payment,BA003
CJ-003505,2025-10-29,130318,USD,OUTFLOW,Deloitte Consulting,5000,Service provider payment,BA003
CJ-003506,2025-10-29,80955,USD,OUTFLOW,Oracle Corp,6400,Maintenance services,BA001
CJ-003507,2025-10-29,110863,USD,OUTFLOW,Accenture PLC,6000,Maintenance services,BA001
CJ-003508,2025-10-29,122959,USD,OUTFLOW,VMware Inc,2000,Service provider payment,BA002
CJ-003509,2025-10-29,124304,USD,OUTFLOW,Honeywell International,2000,Material procurement,BA003
CJ-003510,2025-10-29,147465,USD,OUTFLOW,Adobe Systems,2000,Material procurement,BA002
CJ-003511,2025-10-29,63477,EUR,INFLOW,Berlin Analytics GmbH,1210,Customer payment received,BA004
CJ-003512,2025-10-29,37602,EUR,INFLOW,EuroTech Solutions,1210,Product sales revenue,BA005
CJ-003513,2025-10-29,80158,EUR,INFLOW,Frankfurt Solutions,4020,Consulting revenue,BA005
CJ-003514,2025-10-29,62142,EUR,INFLOW,AutoMotive Industries GmbH,4020,Consulting revenue,BA005
CJ-003515,2025-10-29,50369,EUR,OUTFLOW,Airbus SE,6300,Equipment rental,BA005
CJ-003516,2025-10-29,38872,EUR,OUTFLOW,Lufthansa AG,2010,Equipment rental,BA004
CJ-003517,2025-10-29,60629,EUR,OUTFLOW,Deutsche Telekom,5010,Service provider payment,BA004
CJ-003518,2025-10-29,27632,EUR,OUTFLOW,Deutsche Post,2010,Service provider payment,BA004
CJ-003519,2025-10-29,20194,GBP,INFLOW,Cambridge Biotech,1220,Product sales revenue,BA007
CJ-003520,2025-10-29,31189,GBP,INFLOW,Edinburgh Systems,1220,Service fee payment,BA007
CJ-003521,2025-10-29,14303,GBP,OUTFLOW,Rolls-Royce Holdings,6200,Vendor payment,BA007
CJ-003522,2025-10-29,31716,GBP,OUTFLOW,AstraZeneca PLC,2020,Service provider payment,BA006
CJ-003523,2025-10-29,26528,GBP,OUTFLOW,British Gas,2020,Utilities payment,BA006
CJ-003524,2025-10-30,107424,USD,INFLOW,Midwest Manufacturing,4010,Consulting services payment,BA003
CJ-003525,2025-10-30,96568,USD,INFLOW,American Logistics Inc,1200,Product sales revenue,BA003
CJ-003526,2025-10-30,113797,USD,INFLOW,TransAtlantic Shipping,1200,Service fee payment,BA001
CJ-003527,2025-10-30,132169,USD,INFLOW,Coastal Shipping USA,4010,License renewal payment,BA001
CJ-003528,2025-10-30,139077,USD,INFLOW,Global Pharma Corp,4010,Consulting services payment,BA002
CJ-003529,2025-10-30,151127,USD,INFLOW,Coastal Shipping USA,4000,Service fee payment,BA001
CJ-003530,2025-10-30,176348,USD,OUTFLOW,Accenture PLC,6000,Service provider payment,BA002
CJ-003531,2025-10-30,150711,USD,OUTFLOW,Salesforce Inc,5000,Utilities payment,BA002
CJ-003532,2025-10-30,121051,USD,OUTFLOW,Accenture PLC,5000,Vendor payment,BA002
CJ-003533,2025-10-30,169760,USD,OUTFLOW,Cisco Systems,6400,Service provider payment,BA001
CJ-003534,2025-10-30,166938,USD,OUTFLOW,Honeywell International,6200,Material procurement,BA001
CJ-003535,2025-10-30,180008,USD,OUTFLOW,Office Depot,6100,Material procurement,BA003
CJ-003536,2025-10-30,154446,USD,OUTFLOW,Cisco Systems,6100,Material procurement,BA001
CJ-003537,2025-10-30,137997,USD,OUTFLOW,KPMG LLP,2000,Service provider payment,BA003
CJ-003538,2025-10-30,36285,EUR,INFLOW,Munich Automotive,4020,Service fee payment,BA004
CJ-003539,2025-10-30,41701,EUR,INFLOW,Berlin Analytics GmbH,4020,Customer payment received,BA005
CJ-003540,2025-10-30,38645,EUR,INFLOW,Vienna Tech GmbH,4030,Customer payment received,BA004
CJ-003541,2025-10-30,85710,EUR,OUTFLOW,L'Oreal SA,6300,Material procurement,BA005
CJ-003542,2025-10-30,64752,EUR,OUTFLOW,RWE Energy,5010,Material procurement,BA004
CJ-003543,2025-10-30,69752,EUR,OUTFLOW,Schneider Electric,6300,Material procurement,BA005
CJ-003544,2025-10-30,40858,EUR,OUTFLOW,BASF SE,2010,Equipment rental,BA004
CJ-003545,2025-10-30,75005,EUR,OUTFLOW,Siemens AG,6300,Equipment rental,BA004
CJ-003546,2025-10-30,32452,EUR,OUTFLOW,Deutsche Telekom,2010,Service provider payment,BA004
CJ-003547,2025-10-30,15234,GBP,INFLOW,Oxford Research Labs,4040,Service fee payment,BA007
CJ-003548,2025-10-30,17382,GBP,INFLOW,Oxford Research Labs,1220,Customer payment received,BA007
CJ-003549,2025-10-30,28256,GBP,INFLOW,Bristol Aerospace,1220,Product sales revenue,BA006
CJ-003550,2025-10-30,23521,GBP,OUTFLOW,BAE Systems,6200,Utilities payment,BA007
CJ-003551,2025-10-30,34612,GBP,OUTFLOW,Vodafone Group,2020,Vendor payment,BA006
CJ-003552,2025-10-30,42100,GBP,OUTFLOW,Sainsbury's,2020,Service provider payment,BA006
CJ-003553,2025-10-30,25715,GBP,OUTFLOW,Rolls-Royce Holdings,6200,Vendor payment,BA006
CJ-003554,2025-10-30,17727,GBP,OUTFLOW,Sainsbury's,6200,Vendor payment,BA007
CJ-003555,2025-10-31,1704670,USD,OUTFLOW,ADP Payroll Services,6000,Monthly payroll processing,BA002
CJ-003556,2025-10-31,90072,USD,INFLOW,Global Pharma Corp,4000,Consulting services payment,BA002
CJ-003557,2025-10-31,70245,USD,INFLOW,National Services LLC,1200,Consulting services payment,BA002
CJ-003558,2025-10-31,135629,USD,OUTFLOW,Verizon Business,2000,Vendor payment,BA003
CJ-003559,2025-10-31,87794,USD,OUTFLOW,Accenture PLC,5000,Service provider payment,BA003
CJ-003560,2025-10-31,101953,USD,OUTFLOW,EY Global,6300,Material procurement,BA002
CJ-003561,2025-10-31,86356,USD,OUTFLOW,VMware Inc,6400,Professional services,BA002
CJ-003562,2025-10-31,122957,USD,OUTFLOW,Amazon Web Services,6300,Utilities payment,BA003
CJ-003563,2025-10-31,60070,EUR,INFLOW,Berlin Analytics GmbH,1210,Consulting revenue,BA005
CJ-003564,2025-10-31,51116,EUR,OUTFLOW,Volkswagen AG,5010,Vendor payment,BA005
CJ-003565,2025-10-31,45190,EUR,OUTFLOW,SAP SE,6300,Material procurement,BA004
CJ-003566,2025-10-31,52926,EUR,OUTFLOW,Capgemini SE,6300,Service provider payment,BA004
CJ-003567,2025-10-31,20462,GBP,INFLOW,London Financial Services,1220,Customer payment received,BA006
CJ-003568,2025-10-31,32735,GBP,OUTFLOW,Tesco PLC,6200,Service provider payment,BA006
CJ-003569,2025-10-31,10364,GBP,OUTFLOW,AstraZeneca PLC,6200,Vendor payment,BA006
CJ-003570,2025-10-31,25065,GBP,OUTFLOW,BP Energy,2020,Service provider payment,BA006
CJ-003571,2025-10-31,15171,GBP,OUTFLOW,Vodafone Group,6200,Utilities payment,BA006
CJ-003572,2025-11-03,107218,USD,INFLOW,Sunrise Technologies,4000,Product sales revenue,BA001
CJ-003573,2025-11-03,171069,USD,INFLOW,MegaCorp USA,4010,Product sales revenue,BA002
CJ-003574,2025-11-03,121576,USD,INFLOW,National Services LLC,1200,Product sales revenue,BA003
CJ-003575,2025-11-03,159756,USD,INFLOW,Western Digital Corp,4000,Service fee payment,BA001
CJ-003576,2025-11-03,146628,USD,INFLOW,Sunrise Technologies,4010,Consulting services payment,BA003
CJ-003577,2025-11-03,142661,USD,INFLOW,Atlantic Corp,1200,Product sales revenue,BA001
CJ-003578,2025-11-03,145139,USD,INFLOW,MegaCorp USA,4000,Consulting services payment,BA003
CJ-003579,2025-11-03,122987,USD,OUTFLOW,Cisco Systems,5000,Vendor payment,BA003
CJ-003580,2025-11-03,105489,USD,OUTFLOW,3M Company,6100,Maintenance services,BA003
CJ-003581,2025-11-03,97994,USD,OUTFLOW,General Electric,2000,Utilities payment,BA001
CJ-003582,2025-11-03,158484,USD,OUTFLOW,Cisco Systems,6200,Vendor payment,BA002
CJ-003583,2025-11-03,143911,USD,OUTFLOW,Cisco Systems,6300,Material procurement,BA001
CJ-003584,2025-11-03,82211,EUR,INFLOW,Vienna Tech GmbH,4030,Product sales revenue,BA004
CJ-003585,2025-11-03,50318,EUR,INFLOW,Munich Automotive,4020,Product sales revenue,BA005
CJ-003586,2025-11-03,35440,EUR,INFLOW,FranceTech SA,1210,Consulting revenue,BA005
CJ-003587,2025-11-03,59623,EUR,INFLOW,Munich Automotive,4030,Service fee payment,BA004
CJ-003588,2025-11-03,38770,EUR,INFLOW,ACME Corp,4030,Customer payment - received late,BA004
CJ-003589,2025-11-03,66907,EUR,INFLOW,AutoMotive Industries GmbH,4030,Service fee payment,BA004
CJ-003590,2025-11-03,76481,EUR,OUTFLOW,L'Oreal SA,6300,Material procurement,BA004
CJ-003591,2025-11-03,81304,EUR,OUTFLOW,Allianz SE,6300,Service provider payment,BA004
CJ-003592,2025-11-03,36860,EUR,OUTFLOW,Siemens AG,2010,Material procurement,BA004
CJ-003593,2025-11-03,64238,EUR,OUTFLOW,SAP SE,2010,Vendor payment,BA005
CJ-003594,2025-11-03,75886,EUR,OUTFLOW,ThyssenKrupp AG,6300,Vendor payment,BA005
CJ-003595,2025-11-03,74042,EUR,OUTFLOW,Siemens AG,5010,Equipment rental,BA004
CJ-003596,2025-11-03,22248,GBP,INFLOW,British Retail Group,1220,Service fee payment,BA007
CJ-003597,2025-11-03,19891,GBP,INFLOW,Bristol Aerospace,4040,Service fee payment,BA006
CJ-003598,2025-11-03,42441,GBP,INFLOW,Bristol Aerospace,4040,Customer payment received,BA007
CJ-003599,2025-11-03,22679,GBP,INFLOW,British Retail Group,1220,Service fee payment,BA007
CJ-003600,2025-11-03,20812,GBP,INFLOW,London Financial Services,1220,Service fee payment,BA006
CJ-003601,2025-11-03,20968,GBP,OUTFLOW,British Gas,2020,Utilities payment,BA006
CJ-003602,2025-11-03,27467,GBP,OUTFLOW,Tesco PLC,2020,Vendor payment,BA006
CJ-003603,2025-11-03,30784,GBP,OUTFLOW,British Gas,2020,Service provider payment,BA007
CJ-003604,2025-11-03,28380,GBP,OUTFLOW,BT Group,2020,Service provider payment,BA006
CJ-003605,2025-11-03,34125,GBP,OUTFLOW,Royal Mail,6200,Service provider payment,BA006
CJ-003606,2025-11-04,187993,USD,INFLOW,Northeast Industries,4010,License renewal payment,BA001
CJ-003607,2025-11-04,184887,USD,INFLOW,Midwest Manufacturing,1200,License renewal payment,BA003
CJ-003608,2025-11-04,121988,USD,INFLOW,Midwest Agribusiness,4000,Service fee payment,BA002
CJ-003609,2025-11-04,192241,USD,INFLOW,Northeast Industries,1200,Consulting services payment,BA002
CJ-003610,2025-11-04,107417,USD,INFLOW,Global Pharma Corp,4000,Consulting services payment,BA002
CJ-003611,2025-11-04,190583,USD,INFLOW,Atlantic Corp,1200,Product sales revenue,BA003
CJ-003612,2025-11-04,162922,USD,INFLOW,American Logistics Inc,1200,Service fee payment,BA001
CJ-003613,2025-11-04,159919,USD,INFLOW,TransAtlantic Shipping,4000,License renewal payment,BA003
CJ-003614,2025-11-04,63381,USD,OUTFLOW,Microsoft Corp,6100,Professional services,BA002
CJ-003615,2025-11-04,86870,USD,OUTFLOW,Verizon Business,6000,Utilities payment,BA002
CJ-003616,2025-11-04,60862,USD,OUTFLOW,Accenture PLC,6200,Material procurement,BA001
CJ-003617,2025-11-04,107857,USD,OUTFLOW,Caterpillar Inc,5000,Material procurement,BA003
CJ-003618,2025-11-04,94702,USD,OUTFLOW,Microsoft Corp,6000,Material procurement,BA003
CJ-003619,2025-11-04,105363,USD,OUTFLOW,Cisco Systems,6000,Material procurement,BA003
CJ-003620,2025-11-04,96608,EUR,INFLOW,FranceTech SA,4020,Product sales revenue,BA004
CJ-003621,2025-11-04,95583,EUR,INFLOW,FranceTech SA,4020,Product sales revenue,BA004
CJ-003622,2025-11-04,89549,EUR,INFLOW,Berlin Analytics GmbH,4020,Consulting revenue,BA004
CJ-003623,2025-11-04,64867,EUR,INFLOW,FranceTech SA,4020,Product sales revenue,BA004
CJ-003624,2025-11-04,41910,EUR,INFLOW,Nordic Energy AS,4030,Customer payment received,BA004
CJ-003625,2025-11-04,47671,EUR,OUTFLOW,SAP SE,6300,Material procurement,BA004
CJ-003626,2025-11-04,32913,EUR,OUTFLOW,SAP SE,2010,Material procurement,BA005
CJ-003627,2025-11-04,38423,EUR,OUTFLOW,Lufthansa AG,2010,Material procurement,BA004
CJ-003628,2025-11-04,37922,EUR,OUTFLOW,Capgemini SE,5010,Equipment rental,BA004
CJ-003629,2025-11-04,32579,GBP,INFLOW,London Financial Services,1220,Product sales revenue,BA006
CJ-003630,2025-11-04,51392,GBP,INFLOW,Bristol Aerospace,4040,Product sales revenue,BA006
CJ-003631,2025-11-04,45921,GBP,INFLOW,Manchester United Industries,4040,Service fee payment,BA006
CJ-003632,2025-11-04,42205,GBP,INFLOW,Westminster Holdings,1220,Product sales revenue,BA006
CJ-003633,2025-11-04,14517,GBP,INFLOW,Manchester United Industries,1220,Customer payment received,BA007
CJ-003634,2025-11-04,22587,GBP,OUTFLOW,Royal Mail,2020,Service provider payment,BA006
CJ-003635,2025-11-04,8973,GBP,OUTFLOW,Unilever PLC,6200,Vendor payment,BA007
CJ-003636,2025-11-04,11422,GBP,OUTFLOW,BP Energy,6200,Vendor payment,BA007
CJ-003637,2025-11-05,108125,USD,INFLOW,Southern Manufacturing,4010,Product sales revenue,BA003
CJ-003638,2025-11-05,114019,USD,INFLOW,MegaCorp USA,4010,Service fee payment,BA002
CJ-003639,2025-11-05,174180,USD,INFLOW,Midwest Manufacturing,4010,Service fee payment,BA003
CJ-003640,2025-11-05,138367,USD,INFLOW,Midwest Agribusiness,4010,Consulting services payment,BA001
CJ-003641,2025-11-05,94335,USD,OUTFLOW,Staples Inc,6100,Utilities payment,BA001
CJ-003642,2025-11-05,65241,USD,OUTFLOW,Microsoft Corp,6400,Maintenance services,BA001
CJ-003643,2025-11-05,68686,USD,OUTFLOW,Workday Inc,6400,Material procurement,BA003
CJ-003644,2025-11-05,54930,EUR,INFLOW,Frankfurt Solutions,4030,Consulting revenue,BA004
CJ-003645,2025-11-05,97667,EUR,INFLOW,EuroTech Solutions,1210,Service fee payment,BA004
CJ-003646,2025-11-05,54867,EUR,INFLOW,Rhine Logistics AG,4020,Product sales revenue,BA004
CJ-003647,2025-11-05,47545,EUR,INFLOW,Rhine Logistics AG,1210,Customer payment received,BA005
CJ-003648,2025-11-05,45710,EUR,OUTFLOW,Bosch Group,5010,Vendor payment,BA005
CJ-003649,2025-11-05,19688,EUR,OUTFLOW,ThyssenKrupp AG,2010,Service provider payment,BA004
CJ-003650,2025-11-05,35756,GBP,INFLOW,Scottish Energy Solutions,4040,Customer payment received,BA006
CJ-003651,2025-11-05,28058,GBP,INFLOW,British Retail Group,1220,Service fee payment,BA006
CJ-003652,2025-11-05,16969,GBP,OUTFLOW,Vodafone Group,2020,Utilities payment,BA006
CJ-003653,2025-11-05,13756,GBP,OUTFLOW,AstraZeneca PLC,2020,Vendor payment,BA006
CJ-003654,2025-11-06,90770,USD,INFLOW,Western Digital Corp,4010,Consulting services payment,BA001
CJ-003655,2025-11-06,142439,USD,INFLOW,American Logistics Inc,4010,Customer payment received,BA003
CJ-003656,2025-11-06,86292,USD,INFLOW,Coastal Shipping USA,4010,Service fee payment,BA001
CJ-003657,2025-11-06,91278,USD,INFLOW,Western Digital Corp,1200,Product sales revenue,BA001
CJ-003658,2025-11-06,127406,USD,OUTFLOW,Office Depot,6000,Vendor payment,BA001
CJ-003659,2025-11-06,74810,USD,OUTFLOW,Waste Management Inc,6300,Maintenance services,BA002
CJ-003660,2025-11-06,70326,USD,OUTFLOW,Amazon Web Services,2000,Maintenance services,BA003
CJ-003661,2025-11-06,47984,EUR,INFLOW,Deutsche Industrial AG,1210,Product sales revenue,BA005
CJ-003662,2025-11-06,55105,EUR,INFLOW,ACME Corp,1210,Customer payment - received late,BA004
CJ-003663,2025-11-06,72896,EUR,INFLOW,Deutsche Industrial AG,4030,Consulting revenue,BA004
CJ-003664,2025-11-06,44141,EUR,INFLOW,Vienna Tech GmbH,1210,Consulting revenue,BA005
CJ-003665,2025-11-06,22729,EUR,OUTFLOW,Siemens AG,6300,Vendor payment,BA005
CJ-003666,2025-11-06,24781,EUR,OUTFLOW,Allianz SE,2010,Equipment rental,BA005
CJ-003667,2025-11-06,34891,EUR,OUTFLOW,Allianz SE,2010,Material procurement,BA005
CJ-003668,2025-11-06,22368,EUR,OUTFLOW,Schneider Electric,6300,Equipment rental,BA005
CJ-003669,2025-11-06,36975,GBP,INFLOW,Bristol Aerospace,1220,Customer payment received,BA006
CJ-003670,2025-11-06,27354,GBP,INFLOW,Edinburgh Systems,4040,Customer payment received,BA006
CJ-003671,2025-11-06,16002,GBP,OUTFLOW,BT Group,6200,Service provider payment,BA007
CJ-003672,2025-11-06,28281,GBP,OUTFLOW,BP Energy,6200,Utilities payment,BA007
CJ-003673,2025-11-06,28482,GBP,OUTFLOW,BT Group,2020,Vendor payment,BA006
CJ-003674,2025-11-07,65372,USD,INFLOW,American Logistics Inc,4010,Consulting services payment,BA001
CJ-003675,2025-11-07,100815,USD,INFLOW,Northeast Industries,4000,Customer payment received,BA002
CJ-003676,2025-11-07,115122,USD,INFLOW,Northeast Industries,4000,Service fee payment,BA002
CJ-003677,2025-11-07,104843,USD,INFLOW,TransAtlantic Shipping,1200,Service fee payment,BA001
CJ-003678,2025-11-07,63662,USD,INFLOW,Atlantic Corp,1200,Service fee payment,BA001
CJ-003679,2025-11-07,80482,USD,OUTFLOW,VMware Inc,2000,Material procurement,BA001
CJ-003680,2025-11-07,62949,USD,OUTFLOW,Caterpillar Inc,5000,Material procurement,BA003
CJ-003681,2025-11-07,36492,EUR,INFLOW,Berlin Analytics GmbH,1210,Product sales revenue,BA005
CJ-003682,2025-11-07,43258,EUR,INFLOW,Stuttgart Engineering,1210,Consulting revenue,BA005
CJ-003683,2025-11-07,35595,EUR,OUTFLOW,Bosch Group,5010,Service provider payment,BA004
CJ-003684,2025-11-07,20148,GBP,INFLOW,Highland Manufacturing,4040,Customer payment received,BA006
CJ-003685,2025-11-07,23428,GBP,OUTFLOW,Tesco PLC,2020,Vendor payment,BA007
CJ-003686,2025-11-10,75622,USD,INFLOW,Coastal Shipping USA,1200,Product sales revenue,BA003
CJ-003687,2025-11-10,83511,USD,INFLOW,Midwest Agribusiness,1200,Customer payment received,BA003
CJ-003688,2025-11-10,118806,USD,INFLOW,Central Systems Inc,1200,Customer payment received,BA003
CJ-003689,2025-11-10,106904,USD,INFLOW,Coastal Shipping USA,4000,Service fee payment,BA002
CJ-003690,2025-11-10,131681,USD,INFLOW,TechGlobal Solutions,4000,Product sales revenue,BA001
CJ-003691,2025-11-10,126114,USD,OUTFLOW,Staples Inc,6100,Service provider payment,BA003
CJ-003692,2025-11-10,120467,USD,OUTFLOW,Cisco Systems,2000,Vendor payment,BA003
CJ-003693,2025-11-10,150315,USD,OUTFLOW,3M Company,6200,Utilities payment,BA001
CJ-003694,2025-11-10,101966,USD,OUTFLOW,EY Global,5000,Material procurement,BA003
CJ-003695,2025-11-10,131026,USD,OUTFLOW,Accenture PLC,6100,Material procurement,BA002
CJ-003696,2025-11-10,117429,USD,OUTFLOW,AT&T Services,6200,Service provider payment,BA002
CJ-003697,2025-11-10,84737,USD,OUTFLOW,Salesforce Inc,6200,Material procurement,BA001
CJ-003698,2025-11-10,61527,EUR,INFLOW,Deutsche Industrial AG,4030,Consulting revenue,BA005
CJ-003699,2025-11-10,48816,EUR,INFLOW,AutoMotive Industries GmbH,4020,Product sales revenue,BA005
CJ-003700,2025-11-10,69841,EUR,OUTFLOW,Schneider Electric,2010,Material procurement,BA004
CJ-003701,2025-11-10,42204,EUR,OUTFLOW,Bosch Group,6300,Service provider payment,BA005
CJ-003702,2025-11-10,32213,EUR,OUTFLOW,Schneider Electric,5010,Material procurement,BA005
CJ-003703,2025-11-10,43655,EUR,OUTFLOW,Volkswagen AG,2010,Service provider payment,BA005
CJ-003704,2025-11-10,50931,EUR,OUTFLOW,Deutsche Telekom,6300,Vendor payment,BA004
CJ-003705,2025-11-10,17798,GBP,INFLOW,Highland Manufacturing,4040,Service fee payment,BA007
CJ-003706,2025-11-10,27879,GBP,INFLOW,Highland Manufacturing,4040,Customer payment received,BA006
CJ-003707,2025-11-10,12403,GBP,INFLOW,Metropolitan Transit,1220,Customer payment received,BA006
CJ-003708,2025-11-10,31144,GBP,OUTFLOW,Royal Mail,6200,Service provider payment,BA006
CJ-003709,2025-11-10,42107,GBP,OUTFLOW,British Gas,2020,Vendor payment,BA007
CJ-003710,2025-11-10,39326,GBP,OUTFLOW,BT Group,2020,Vendor payment,BA007
CJ-003711,2025-11-11,167550,USD,INFLOW,Midwest Manufacturing,4010,Consulting services payment,BA003
CJ-003712,2025-11-11,133660,USD,INFLOW,Central Systems Inc,4000,License renewal payment,BA002
CJ-003713,2025-11-11,177086,USD,INFLOW,Western Digital Corp,1200,License renewal payment,BA002
CJ-003714,2025-11-11,161657,USD,INFLOW,MegaCorp USA,4000,License renewal payment,BA001
CJ-003715,2025-11-11,154037,USD,INFLOW,American Logistics Inc,4010,License renewal payment,BA001
CJ-003716,2025-11-11,150861,USD,INFLOW,Sunrise Technologies,1200,License renewal payment,BA003
CJ-003717,2025-11-11,174410,USD,INFLOW,Midwest Manufacturing,4010,Service fee payment,BA002
CJ-003718,2025-11-11,179758,USD,INFLOW,Sunbelt Energy Corp,1200,Service fee payment,BA003
CJ-003719,2025-11-11,75732,USD,OUTFLOW,Office Depot,6400,Utilities payment,BA003
CJ-003720,2025-11-11,70620,USD,OUTFLOW,Staples Inc,6300,Utilities payment,BA001
CJ-003721,2025-11-11,105705,USD,OUTFLOW,Honeywell International,5000,Maintenance services,BA003
CJ-003722,2025-11-11,63358,EUR,INFLOW,Nordic Energy AS,4030,Service fee payment,BA004
CJ-003723,2025-11-11,62771,EUR,INFLOW,Nordic Energy AS,4020,Customer payment received,BA005
CJ-003724,2025-11-11,80667,EUR,INFLOW,FranceTech SA,4020,Customer payment received,BA005
CJ-003725,2025-11-11,43693,EUR,INFLOW,Berlin Analytics GmbH,4030,Consulting revenue,BA005
CJ-003726,2025-11-11,47381,EUR,INFLOW,Milan Industries,4020,Product sales revenue,BA005
CJ-003727,2025-11-11,21624,EUR,OUTFLOW,Allianz SE,5010,Service provider payment,BA004
CJ-003728,2025-11-11,36723,EUR,OUTFLOW,Deutsche Telekom,6300,Material procurement,BA004
CJ-003729,2025-11-11,42632,EUR,OUTFLOW,Capgemini SE,2010,Material procurement,BA005
CJ-003730,2025-11-11,40174,EUR,OUTFLOW,ThyssenKrupp AG,6300,Service provider payment,BA005
CJ-003731,2025-11-11,46563,GBP,INFLOW,Oxford Research Labs,4040,Service fee payment,BA007
CJ-003732,2025-11-11,41895,GBP,INFLOW,Bristol Aerospace,4040,Customer payment received,BA006
CJ-003733,2025-11-11,35266,GBP,INFLOW,Highland Manufacturing,4040,Customer payment received,BA007
CJ-003734,2025-11-11,47736,GBP,INFLOW,London Financial Services,4040,Service fee payment,BA007
CJ-003735,2025-11-11,8731,GBP,OUTFLOW,BP Energy,2020,Utilities payment,BA007
CJ-003736,2025-11-12,166523,USD,INFLOW,Pacific Trading Corp,1200,Consulting services payment,BA002
CJ-003737,2025-11-12,103066,USD,INFLOW,National Services LLC,4000,Consulting services payment,BA001
CJ-003738,2025-11-12,143220,USD,INFLOW,Northeast Industries,4000,Consulting services payment,BA002
CJ-003739,2025-11-12,173525,USD,INFLOW,Midwest Manufacturing,4010,License renewal payment,BA003
CJ-003740,2025-11-12,128514,USD,INFLOW,Western Digital Corp,1200,Customer payment received,BA001
CJ-003741,2025-11-12,183508,USD,INFLOW,TransAtlantic Shipping,4010,Service fee payment,BA002
CJ-003742,2025-11-12,60736,USD,OUTFLOW,Waste Management Inc,6400,Vendor payment,BA002
CJ-003743,2025-11-12,81556,USD,OUTFLOW,Staples Inc,2000,Maintenance services,BA001
CJ-003744,2025-11-12,75280,USD,OUTFLOW,Oracle Corp,2000,Maintenance services,BA001
CJ-003745,2025-11-12,78340,USD,OUTFLOW,Microsoft Corp,5000,Service provider payment,BA002
CJ-003746,2025-11-12,55221,USD,OUTFLOW,Amazon Web Services,6300,Material procurement,BA001
CJ-003747,2025-11-12,84490,EUR,INFLOW,Deutsche Industrial AG,4030,Customer payment received,BA004
CJ-003748,2025-11-12,50419,EUR,INFLOW,Frankfurt Solutions,1210,Service fee payment,BA005
CJ-003749,2025-11-12,38306,EUR,INFLOW,Hamburg Port Services,4020,Consulting revenue,BA005
CJ-003750,2025-11-12,31510,EUR,OUTFLOW,Siemens AG,6300,Equipment rental,BA005
CJ-003751,2025-11-12,32682,EUR,OUTFLOW,Siemens AG,6300,Service provider payment,BA005
CJ-003752,2025-11-12,43892,GBP,INFLOW,Metropolitan Transit,1220,Service fee payment,BA007
CJ-003753,2025-11-12,37576,GBP,INFLOW,Scottish Energy Solutions,1220,Customer payment received,BA006
CJ-003754,2025-11-12,28590,GBP,INFLOW,Highland Manufacturing,4040,Customer payment received,BA006
CJ-003755,2025-11-12,22124,GBP,OUTFLOW,BT Group,2020,Service provider payment,BA007
CJ-003756,2025-11-13,113702,USD,INFLOW,Midwest Manufacturing,4000,Product sales revenue,BA001
CJ-003757,2025-11-13,93089,USD,INFLOW,Central Systems Inc,4010,Service fee payment,BA002
CJ-003758,2025-11-13,89525,USD,INFLOW,Northeast Industries,4010,Product sales revenue,BA001
CJ-003759,2025-11-13,99863,USD,OUTFLOW,3M Company,6100,Vendor payment,BA003
CJ-003760,2025-11-13,108958,USD,OUTFLOW,Oracle Corp,6400,Service provider payment,BA001
CJ-003761,2025-11-13,107743,USD,OUTFLOW,Accenture PLC,6200,Service provider payment,BA003
CJ-003762,2025-11-13,87814,USD,OUTFLOW,Microsoft Corp,6100,Vendor payment,BA002
CJ-003763,2025-11-13,122044,USD,OUTFLOW,Accenture PLC,5000,Material procurement,BA002
CJ-003764,2025-11-13,63962,EUR,INFLOW,Vienna Tech GmbH,4030,Product sales revenue,BA004
CJ-003765,2025-11-13,37328,EUR,INFLOW,Berlin Analytics GmbH,4030,Customer payment received,BA005
CJ-003766,2025-11-13,70897,EUR,INFLOW,Stuttgart Engineering,4020,Product sales revenue,BA004
CJ-003767,2025-11-13,53954,EUR,OUTFLOW,Deutsche Telekom,6300,Material procurement,BA004
CJ-003768,2025-11-13,59247,EUR,OUTFLOW,Schneider Electric,6300,Vendor payment,BA005
CJ-003769,2025-11-13,12500,GBP,INFLOW,Edinburgh Systems,4040,Product sales revenue,BA007
CJ-003770,2025-11-13,23860,GBP,INFLOW,Oxford Research Labs,4040,Service fee payment,BA007
CJ-003771,2025-11-13,17512,GBP,OUTFLOW,Tesco PLC,2020,Service provider payment,BA006
CJ-003772,2025-11-13,29121,GBP,OUTFLOW,Rolls-Royce Holdings,6200,Service provider payment,BA007
CJ-003773,2025-11-14,88987,USD,INFLOW,Northeast Industries,4010,License renewal payment,BA003
CJ-003774,2025-11-14,78031,USD,INFLOW,Northeast Industries,4010,License renewal payment,BA003
CJ-003775,2025-11-14,82766,USD,INFLOW,MegaCorp USA,4010,Service fee payment,BA001
CJ-003776,2025-11-14,83376,USD,INFLOW,Southern Manufacturing,4000,Service fee payment,BA002
CJ-003777,2025-11-14,95987,USD,INFLOW,National Services LLC,4000,Product sales revenue,BA002
CJ-003778,2025-11-14,85304,USD,OUTFLOW,Waste Management Inc,6200,Utilities payment,BA002
CJ-003779,2025-11-14,98692,USD,OUTFLOW,Oracle Corp,6200,Professional services,BA003
CJ-003780,2025-11-14,64272,USD,OUTFLOW,Workday Inc,2000,Maintenance services,BA001
CJ-003781,2025-11-14,41109,EUR,INFLOW,Rhine Logistics AG,4020,Service fee payment,BA005
CJ-003782,2025-11-14,47738,EUR,INFLOW,Deutsche Industrial AG,1210,Product sales revenue,BA004
CJ-003783,2025-11-14,39562,EUR,INFLOW,Stuttgart Engineering,1210,Product sales revenue,BA005
CJ-003784,2025-11-14,39570,EUR,OUTFLOW,BASF SE,2010,Equipment rental,BA004
CJ-003785,2025-11-14,11491,GBP,INFLOW,London Financial Services,4040,Customer payment received,BA007
CJ-003786,2025-11-14,23859,GBP,OUTFLOW,BP Energy,6200,Vendor payment,BA007
CJ-003787,2025-11-14,10487,GBP,OUTFLOW,Royal Mail,6200,Utilities payment,BA006
CJ-003788,2025-11-17,94377,USD,INFLOW,Sunrise Technologies,4000,Product sales revenue,BA002
CJ-003789,2025-11-17,108939,USD,INFLOW,TechGlobal Solutions,1200,Customer payment received,BA001
CJ-003790,2025-11-17,80039,USD,INFLOW,National Services LLC,4010,Customer payment received,BA003
CJ-003791,2025-11-17,131794,USD,INFLOW,National Services LLC,4010,License renewal payment,BA001
CJ-003792,2025-11-17,137840,USD,OUTFLOW,Workday Inc,6000,Service provider payment,BA001
CJ-003793,2025-11-17,99185,USD,OUTFLOW,Adobe Systems,5000,Maintenance services,BA003
CJ-003794,2025-11-17,150170,USD,OUTFLOW,Workday Inc,6200,Utilities payment,BA003
CJ-003795,2025-11-17,151909,USD,OUTFLOW,Amazon Web Services,2000,Maintenance services,BA001
CJ-003796,2025-11-17,167230,USD,OUTFLOW,Workday Inc,6100,Vendor payment,BA003
CJ-003797,2025-11-17,59972,EUR,INFLOW,Rhine Logistics AG,4020,Consulting revenue,BA005
CJ-003798,2025-11-17,42258,EUR,INFLOW,Munich Automotive,4030,Product sales revenue,BA004
CJ-003799,2025-11-17,68561,EUR,INFLOW,Nordic Energy AS,1210,Product sales revenue,BA005
CJ-003800,2025-11-17,51441,EUR,INFLOW,Hamburg Port Services,4020,Service fee payment,BA005
CJ-003801,2025-11-17,29301,EUR,OUTFLOW,Schneider Electric,5010,Service provider payment,BA004
CJ-003802,2025-11-17,74525,EUR,OUTFLOW,Schneider Electric,5010,Material procurement,BA005
CJ-003803,2025-11-17,80693,EUR,OUTFLOW,Bayer AG,6300,Equipment rental,BA005
CJ-003804,2025-11-17,52303,EUR,OUTFLOW,Capgemini SE,6300,Service provider payment,BA005
CJ-003805,2025-11-17,73924,EUR,OUTFLOW,SAP SE,5010,Equipment rental,BA005
CJ-003806,2025-11-17,38698,EUR,OUTFLOW,SAP SE,2010,Equipment rental,BA004
CJ-003807,2025-11-17,33992,GBP,INFLOW,Oxford Research Labs,1220,Service fee payment,BA006
CJ-003808,2025-11-17,14422,GBP,INFLOW,Westminster Holdings,1220,Service fee payment,BA006
CJ-003809,2025-11-17,19489,GBP,INFLOW,Cambridge Biotech,1220,Product sales revenue,BA006
CJ-003810,2025-11-17,18694,GBP,OUTFLOW,AstraZeneca PLC,6200,Service provider payment,BA007
CJ-003811,2025-11-17,25325,GBP,OUTFLOW,BP Energy,6200,Service provider payment,BA007
CJ-003812,2025-11-17,13159,GBP,OUTFLOW,AstraZeneca PLC,2020,Utilities payment,BA007
CJ-003813,2025-11-17,31561,GBP,OUTFLOW,Royal Mail,2020,Service provider payment,BA007
CJ-003814,2025-11-17,29022,GBP,OUTFLOW,Royal Mail,6200,Vendor payment,BA007
CJ-003815,2025-11-18,133399,USD,INFLOW,Pacific Trading Corp,1200,Service fee payment,BA002
CJ-003816,2025-11-18,155452,USD,INFLOW,Midwest Manufacturing,1200,Customer payment received,BA001
CJ-003817,2025-11-18,148837,USD,INFLOW,Global Pharma Corp,1200,Consulting services payment,BA002
CJ-003818,2025-11-18,162142,USD,INFLOW,National Services LLC,1200,Product sales revenue,BA002
CJ-003819,2025-11-18,165062,USD,INFLOW,Midwest Agribusiness,4010,Service fee payment,BA003
CJ-003820,2025-11-18,187868,USD,INFLOW,Western Digital Corp,4010,Service fee payment,BA002
CJ-003821,2025-11-18,166665,USD,INFLOW,Midwest Manufacturing,1200,Consulting services payment,BA002
CJ-003822,2025-11-18,136973,USD,INFLOW,Northeast Industries,1200,Product sales revenue,BA002
CJ-003823,2025-11-18,93051,USD,OUTFLOW,3M Company,6200,Vendor payment,BA001
CJ-003824,2025-11-18,99561,USD,OUTFLOW,Workday Inc,2000,Material procurement,BA002
CJ-003825,2025-11-18,96617,USD,OUTFLOW,Amazon Web Services,5000,Material procurement,BA003
CJ-003826,2025-11-18,57077,USD,OUTFLOW,Honeywell International,6300,Maintenance services,BA003
CJ-003827,2025-11-18,75355,USD,OUTFLOW,EY Global,2000,Material procurement,BA001
CJ-003828,2025-11-18,55547,EUR,INFLOW,Munich Automotive,1210,Consulting revenue,BA004
CJ-003829,2025-11-18,95277,EUR,INFLOW,FranceTech SA,4020,Service fee payment,BA005
CJ-003830,2025-11-18,46229,EUR,INFLOW,FranceTech SA,4030,Consulting revenue,BA005
CJ-003831,2025-11-18,71775,EUR,INFLOW,ACME Corp,4020,Service fee payment,BA004
CJ-003832,2025-11-18,38580,EUR,OUTFLOW,Deutsche Telekom,6300,Service provider payment,BA004
CJ-003833,2025-11-18,39824,EUR,OUTFLOW,Bosch Group,5010,Equipment rental,BA005
CJ-003834,2025-11-18,14909,GBP,INFLOW,Manchester United Industries,1220,Customer payment received,BA007
CJ-003835,2025-11-18,32125,GBP,INFLOW,Edinburgh Systems,4040,Service fee payment,BA006
CJ-003836,2025-11-18,31430,GBP,INFLOW,Manchester United Industries,4040,Customer payment received,BA007
CJ-003837,2025-11-18,49498,GBP,INFLOW,Manchester United Industries,1220,Product sales revenue,BA007
CJ-003838,2025-11-18,38259,GBP,INFLOW,London Financial Services,4040,Product sales revenue,BA007
CJ-003839,2025-11-18,18019,GBP,OUTFLOW,Unilever PLC,6200,Utilities payment,BA006
CJ-003840,2025-11-18,22573,GBP,OUTFLOW,BAE Systems,2020,Vendor payment,BA007
CJ-003841,2025-11-18,16455,GBP,OUTFLOW,Sainsbury's,6200,Service provider payment,BA006
CJ-003842,2025-11-19,144769,USD,INFLOW,Southern Manufacturing,1200,Service fee payment,BA002
CJ-003843,2025-11-19,138902,USD,INFLOW,American Logistics Inc,4000,Consulting services payment,BA003
CJ-003844,2025-11-19,128209,USD,INFLOW,Sunbelt Energy Corp,4000,Product sales revenue,BA003
CJ-003845,2025-11-19,157008,USD,INFLOW,Northeast Industries,4000,License renewal payment,BA001
CJ-003846,2025-11-19,84784,USD,OUTFLOW,Verizon Business,6200,Utilities payment,BA003
CJ-003847,2025-11-19,81260,USD,OUTFLOW,Oracle Corp,5000,Service provider payment,BA001
CJ-003848,2025-11-19,84686,USD,OUTFLOW,Microsoft Corp,2000,Service provider payment,BA001
CJ-003849,2025-11-19,86704,EUR,INFLOW,Milan Industries,1210,Customer payment received,BA005
CJ-003850,2025-11-19,37924,EUR,INFLOW,Siemens Digital Industries,4030,Customer payment received,BA005
CJ-003851,2025-11-19,87059,EUR,INFLOW,Frankfurt Solutions,4030,Consulting revenue,BA004
CJ-003852,2025-11-19,40493,EUR,INFLOW,Milan Industries,4020,Service fee payment,BA005
CJ-003853,2025-11-19,30473,EUR,OUTFLOW,Capgemini SE,2010,Material procurement,BA005
CJ-003854,2025-11-19,37245,EUR,OUTFLOW,Bayer AG,6300,Vendor payment,BA004
CJ-003855,2025-11-19,37591,GBP,INFLOW,Manchester United Industries,4040,Customer payment received,BA006
CJ-003856,2025-11-19,24463,GBP,INFLOW,Cambridge Biotech,4040,Service fee payment,BA007
CJ-003857,2025-11-19,15767,GBP,INFLOW,London Financial Services,4040,Service fee payment,BA006
CJ-003858,2025-11-19,47140,GBP,INFLOW,Manchester United Industries,4040,Customer payment received,BA006
CJ-003859,2025-11-19,17341,GBP,OUTFLOW,Royal Mail,2020,Service provider payment,BA007
CJ-003860,2025-11-19,10282,GBP,OUTFLOW,BP Energy,2020,Service provider payment,BA007
CJ-003861,2025-11-19,23272,GBP,OUTFLOW,AstraZeneca PLC,2020,Vendor payment,BA006
CJ-003862,2025-11-20,151442,USD,INFLOW,TransAtlantic Shipping,4000,Service fee payment,BA001
CJ-003863,2025-11-20,100963,USD,INFLOW,Midwest Agribusiness,4010,Service fee payment,BA002
CJ-003864,2025-11-20,116892,USD,INFLOW,MegaCorp USA,4000,License renewal payment,BA001
CJ-003865,2025-11-20,92776,USD,INFLOW,National Services LLC,1200,Product sales revenue,BA001
CJ-003866,2025-11-20,101918,USD,INFLOW,Midwest Agribusiness,1200,License renewal payment,BA002
CJ-003867,2025-11-20,97711,USD,INFLOW,Sunbelt Energy Corp,4010,Service fee payment,BA003
CJ-003868,2025-11-20,79713,USD,OUTFLOW,Honeywell International,6400,Maintenance services,BA002
CJ-003869,2025-11-20,90895,USD,OUTFLOW,Honeywell International,6300,Utilities payment,BA002
CJ-003870,2025-11-20,96851,USD,OUTFLOW,Staples Inc,6400,Material procurement,BA003
CJ-003871,2025-11-20,57494,EUR,INFLOW,Hamburg Port Services,1210,Service fee payment,BA004
CJ-003872,2025-11-20,57348,EUR,INFLOW,Milan Industries,1210,Service fee payment,BA004
CJ-003873,2025-11-20,50607,EUR,INFLOW,Stuttgart Engineering,4030,Customer payment received,BA005
CJ-003874,2025-11-20,81584,EUR,INFLOW,AutoMotive Industries GmbH,4030,Customer payment received,BA004
CJ-003875,2025-11-20,54863,EUR,OUTFLOW,Bosch Group,6300,Equipment rental,BA004
CJ-003876,2025-11-20,27331,EUR,OUTFLOW,ThyssenKrupp AG,5010,Service provider payment,BA004
CJ-003877,2025-11-20,40696,EUR,OUTFLOW,ThyssenKrupp AG,2010,Equipment rental,BA004
CJ-003878,2025-11-20,37527,EUR,OUTFLOW,Allianz SE,5010,Equipment rental,BA005
CJ-003879,2025-11-20,26329,GBP,INFLOW,Highland Manufacturing,1220,Product sales revenue,BA007
CJ-003880,2025-11-20,12527,GBP,INFLOW,Highland Manufacturing,4040,Service fee payment,BA007
CJ-003881,2025-11-20,32287,GBP,OUTFLOW,British Gas,2020,Vendor payment,BA007
CJ-003882,2025-11-21,88850,USD,INFLOW,Midwest Manufacturing,4000,Product sales revenue,BA002
CJ-003883,2025-11-21,85339,USD,INFLOW,Midwest Agribusiness,4000,Customer payment received,BA001
CJ-003884,2025-11-21,70456,USD,INFLOW,Global Pharma Corp,1200,Customer payment received,BA001
CJ-003885,2025-11-21,79981,USD,INFLOW,MegaCorp USA,1200,Customer payment received,BA001
CJ-003886,2025-11-21,62589,USD,INFLOW,TechGlobal Solutions,4000,Consulting services payment,BA002
CJ-003887,2025-11-21,69483,USD,OUTFLOW,EY Global,6300,Utilities payment,BA002
CJ-003888,2025-11-21,86511,USD,OUTFLOW,Accenture PLC,2000,Material procurement,BA001
CJ-003889,2025-11-21,89888,USD,OUTFLOW,Honeywell International,6100,Maintenance services,BA001
CJ-003890,2025-11-21,54741,USD,OUTFLOW,Deloitte Consulting,6400,Utilities payment,BA001
CJ-003891,2025-11-21,52621,EUR,INFLOW,Stuttgart Engineering,4030,Service fee payment,BA004
CJ-003892,2025-11-21,33250,EUR,OUTFLOW,Allianz SE,5010,Service provider payment,BA005
CJ-003893,2025-11-21,28984,GBP,INFLOW,Oxford Research Labs,4040,Customer payment received,BA006
CJ-003894,2025-11-21,20165,GBP,INFLOW,Oxford Research Labs,4040,Service fee payment,BA007
CJ-003895,2025-11-21,6738,GBP,OUTFLOW,Royal Mail,6200,Service provider payment,BA006
CJ-003896,2025-11-24,104508,USD,INFLOW,TechGlobal Solutions,1200,Product sales revenue,BA003
CJ-003897,2025-11-24,121796,USD,INFLOW,American Logistics Inc,4010,Product sales revenue,BA003
CJ-003898,2025-11-24,131205,USD,INFLOW,Global Pharma Corp,1200,Consulting services payment,BA001
CJ-003899,2025-11-24,85393,USD,INFLOW,Global Pharma Corp,1200,Customer payment received,BA003
CJ-003900,2025-11-24,114124,USD,INFLOW,Western Digital Corp,4010,Customer payment received,BA002
CJ-003901,2025-11-24,167945,USD,OUTFLOW,KPMG LLP,6400,Maintenance services,BA001
CJ-003902,2025-11-24,91230,USD,OUTFLOW,Waste Management Inc,6300,Professional services,BA003
CJ-003903,2025-11-24,85656,USD,OUTFLOW,Adobe Systems,6000,Utilities payment,BA003
CJ-003904,2025-11-24,159405,USD,OUTFLOW,Workday Inc,6200,Utilities payment,BA003
CJ-003905,2025-11-24,150156,USD,OUTFLOW,IBM Corp,5000,Utilities payment,BA003
CJ-003906,2025-11-24,45128,EUR,INFLOW,EuroTech Solutions,4020,Customer payment received,BA005
CJ-003907,2025-11-24,38879,EUR,INFLOW,FranceTech SA,4020,Service fee payment,BA004
CJ-003908,2025-11-24,27754,EUR,INFLOW,Siemens Digital Industries,4020,Customer payment received,BA004
CJ-003909,2025-11-24,57283,EUR,OUTFLOW,Bosch Group,5010,Vendor payment,BA005
CJ-003910,2025-11-24,61392,EUR,OUTFLOW,SAP SE,2010,Equipment rental,BA004
CJ-003911,2025-11-24,64119,EUR,OUTFLOW,BASF SE,2010,Vendor payment,BA005
CJ-003912,2025-11-24,71936,EUR,OUTFLOW,Allianz SE,6300,Material procurement,BA005
CJ-003913,2025-11-24,38602,EUR,OUTFLOW,L'Oreal SA,6300,Equipment rental,BA005
CJ-003914,2025-11-24,49332,EUR,OUTFLOW,Volkswagen AG,2010,Vendor payment,BA004
CJ-003915,2025-11-24,17192,GBP,INFLOW,Manchester United Industries,4040,Product sales revenue,BA007
CJ-003916,2025-11-24,29598,GBP,INFLOW,British Retail Group,4040,Service fee payment,BA007
CJ-003917,2025-11-24,22623,GBP,INFLOW,British Retail Group,4040,Service fee payment,BA007
CJ-003918,2025-11-24,30381,GBP,OUTFLOW,Vodafone Group,6200,Service provider payment,BA007
CJ-003919,2025-11-24,21118,GBP,OUTFLOW,BAE Systems,2020,Vendor payment,BA006
CJ-003920,2025-11-24,12176,GBP,OUTFLOW,BP Energy,6200,Utilities payment,BA007
CJ-003921,2025-11-24,39358,GBP,OUTFLOW,Unilever PLC,2020,Utilities payment,BA007
CJ-003922,2025-11-24,27344,GBP,OUTFLOW,BAE Systems,6200,Utilities payment,BA006
CJ-003923,2025-11-25,133513,USD,INFLOW,Central Systems Inc,4010,License renewal payment,BA003
CJ-003924,2025-11-25,112512,USD,INFLOW,Pacific Trading Corp,1200,Product sales revenue,BA001
CJ-003925,2025-11-25,154540,USD,INFLOW,Northeast Industries,4010,Product sales revenue,BA003
CJ-003926,2025-11-25,167173,USD,INFLOW,Pacific Trading Corp,4000,License renewal payment,BA003
CJ-003927,2025-11-25,185160,USD,INFLOW,Pacific Trading Corp,4010,License renewal payment,BA002
CJ-003928,2025-11-25,76229,USD,OUTFLOW,IBM Corp,2000,Material procurement,BA002
CJ-003929,2025-11-25,89393,USD,OUTFLOW,Waste Management Inc,2000,Professional services,BA001
CJ-003930,2025-11-25,81698,USD,OUTFLOW,Salesforce Inc,6000,Material procurement,BA002
CJ-003931,2025-11-25,89321,EUR,INFLOW,Stuttgart Engineering,1210,Customer payment received,BA004
CJ-003932,2025-11-25,59647,EUR,INFLOW,Munich Automotive,4020,Customer payment received,BA004
CJ-003933,2025-11-25,73178,EUR,INFLOW,Frankfurt Solutions,1210,Service fee payment,BA005
CJ-003934,2025-11-25,55677,EUR,INFLOW,AutoMotive Industries GmbH,4030,Consulting revenue,BA005
CJ-003935,2025-11-25,89588,EUR,INFLOW,Berlin Analytics GmbH,1210,Product sales revenue,BA005
CJ-003936,2025-11-25,75394,EUR,INFLOW,ACME Corp,1210,Customer payment - received late,BA004
CJ-003937,2025-11-25,43933,EUR,OUTFLOW,Schneider Electric,5010,Service provider payment,BA005
CJ-003938,2025-11-25,28877,EUR,OUTFLOW,Deutsche Telekom,6300,Vendor payment,BA004
CJ-003939,2025-11-25,21817,GBP,INFLOW,Manchester United Industries,1220,Service fee payment,BA006
CJ-003940,2025-11-25,21957,GBP,INFLOW,Westminster Holdings,4040,Service fee payment,BA006
CJ-003941,2025-11-25,16480,GBP,INFLOW,British Retail Group,4040,Product sales revenue,BA007
CJ-003942,2025-11-25,23075,GBP,INFLOW,Scottish Energy Solutions,4040,Customer payment received,BA006
CJ-003943,2025-11-25,9826,GBP,OUTFLOW,Unilever PLC,6200,Service provider payment,BA006
CJ-003944,2025-11-25,8449,GBP,OUTFLOW,Royal Mail,6200,Vendor payment,BA007
CJ-003945,2025-11-26,117673,USD,INFLOW,Global Pharma Corp,4000,Customer payment received,BA002
CJ-003946,2025-11-26,101574,USD,INFLOW,Northeast Industries,4010,Product sales revenue,BA003
CJ-003947,2025-11-26,151971,USD,INFLOW,National Services LLC,1200,Service fee payment,BA001
CJ-003948,2025-11-26,184149,USD,INFLOW,Central Systems Inc,1200,Product sales revenue,BA002
CJ-003949,2025-11-26,109328,USD,INFLOW,TechGlobal Solutions,4000,Consulting services payment,BA003
CJ-003950,2025-11-26,90899,USD,OUTFLOW,Accenture PLC,6100,Utilities payment,BA001
CJ-003951,2025-11-26,58138,USD,OUTFLOW,Deloitte Consulting,6100,Maintenance services,BA002
CJ-003952,2025-11-26,96104,USD,OUTFLOW,Microsoft Corp,6400,Service provider payment,BA001
CJ-003953,2025-11-26,78909,USD,OUTFLOW,Salesforce Inc,2000,Vendor payment,BA001
CJ-003954,2025-11-26,60602,USD,OUTFLOW,KPMG LLP,6300,Professional services,BA003
CJ-003955,2025-11-26,86157,USD,OUTFLOW,VMware Inc,6300,Maintenance services,BA003
CJ-003956,2025-11-26,39933,EUR,INFLOW,Rhine Logistics AG,4020,Customer payment received,BA004
CJ-003957,2025-11-26,66144,EUR,INFLOW,Berlin Analytics GmbH,4030,Service fee payment,BA005
CJ-003958,2025-11-26,49393,EUR,INFLOW,Frankfurt Solutions,1210,Product sales revenue,BA004
CJ-003959,2025-11-26,24863,EUR,OUTFLOW,Bayer AG,5010,Material procurement,BA005
CJ-003960,2025-11-26,47560,EUR,OUTFLOW,L'Oreal SA,5010,Equipment rental,BA004
CJ-003961,2025-11-26,47631,GBP,INFLOW,London Financial Services,4040,Customer payment received,BA007
CJ-003962,2025-11-26,15279,GBP,INFLOW,Metropolitan Transit,4040,Customer payment received,BA006
CJ-003963,2025-11-26,22877,GBP,OUTFLOW,BAE Systems,6200,Utilities payment,BA006
CJ-003964,2025-11-26,25040,GBP,OUTFLOW,Unilever PLC,6200,Service provider payment,BA007
CJ-003965,2025-11-26,11754,GBP,OUTFLOW,BAE Systems,2020,Service provider payment,BA006
CJ-003966,2025-11-27,110718,USD,INFLOW,American Logistics Inc,1200,Customer payment received,BA001
CJ-003967,2025-11-27,90925,USD,INFLOW,Midwest Manufacturing,1200,Product sales revenue,BA001
CJ-003968,2025-11-27,120585,USD,INFLOW,Midwest Agribusiness,1200,Consulting services payment,BA001
CJ-003969,2025-11-27,138094,USD,INFLOW,Southern Manufacturing,4010,License renewal payment,BA001
CJ-003970,2025-11-27,84746,USD,INFLOW,Midwest Agribusiness,1200,License renewal payment,BA001
CJ-003971,2025-11-27,97590,USD,OUTFLOW,Honeywell International,6000,Material procurement,BA003
CJ-003972,2025-11-27,115154,USD,OUTFLOW,IBM Corp,6200,Vendor payment,BA003
CJ-003973,2025-11-27,94513,USD,OUTFLOW,Accenture PLC,6200,Material procurement,BA002
CJ-003974,2025-11-27,67695,EUR,INFLOW,Rhine Logistics AG,1210,Product sales revenue,BA004
CJ-003975,2025-11-27,73597,EUR,INFLOW,Berlin Analytics GmbH,4030,Customer payment received,BA004
CJ-003976,2025-11-27,39996,EUR,OUTFLOW,Deutsche Post,2010,Equipment rental,BA004
CJ-003977,2025-11-27,31890,EUR,OUTFLOW,RWE Energy,5010,Equipment rental,BA004
CJ-003978,2025-11-27,21967,GBP,INFLOW,Cambridge Biotech,4040,Service fee payment,BA006
CJ-003979,2025-11-27,21154,GBP,OUTFLOW,Unilever PLC,6200,Service provider payment,BA006
CJ-003980,2025-11-28,77873,USD,INFLOW,TechGlobal Solutions,4000,Consulting services payment,BA001
CJ-003981,2025-11-28,70768,USD,INFLOW,TransAtlantic Shipping,4000,License renewal payment,BA002
CJ-003982,2025-11-28,131562,USD,OUTFLOW,Cisco Systems,2000,Professional services,BA001
CJ-003983,2025-11-28,80582,USD,OUTFLOW,Caterpillar Inc,2000,Maintenance services,BA002
CJ-003984,2025-11-28,89378,USD,OUTFLOW,AT&T Services,6000,Utilities payment,BA001
CJ-003985,2025-11-28,108759,USD,OUTFLOW,Caterpillar Inc,6000,Service provider payment,BA002
CJ-003986,2025-11-28,98984,USD,OUTFLOW,3M Company,6000,Service provider payment,BA001
CJ-003987,2025-11-28,108531,USD,OUTFLOW,Cisco Systems,6300,Service provider payment,BA003
CJ-003988,2025-11-28,83961,USD,OUTFLOW,Accenture PLC,2000,Vendor payment,BA002
CJ-003989,2025-11-28,44664,EUR,INFLOW,FranceTech SA,1210,Product sales revenue,BA004
CJ-003990,2025-11-28,41832,EUR,INFLOW,Frankfurt Solutions,1210,Service fee payment,BA005
CJ-003991,2025-11-28,65893,EUR,OUTFLOW,Airbus SE,2010,Equipment rental,BA005
CJ-003992,2025-11-28,28934,EUR,OUTFLOW,Capgemini SE,5010,Equipment rental,BA005
CJ-003993,2025-11-28,30015,EUR,OUTFLOW,Deutsche Post,5010,Material procurement,BA005
CJ-003994,2025-11-28,16472,GBP,INFLOW,Scottish Energy Solutions,1220,Service fee payment,BA007
CJ-003995,2025-11-28,13179,GBP,INFLOW,Bristol Aerospace,4040,Service fee payment,BA007
CJ-003996,2025-11-28,13884,GBP,OUTFLOW,BT Group,2020,Vendor payment,BA007
CJ-003997,2025-11-28,17816,GBP,OUTFLOW,BP Energy,2020,Utilities payment,BA006
CJ-003998,2025-11-28,32543,GBP,OUTFLOW,AstraZeneca PLC,6200,Utilities payment,BA007
CJ-003999,2025-11-28,32266,GBP,OUTFLOW,Royal Mail,6200,Vendor payment,BA007
CJ-004000,2025-12-01,164282,USD,INFLOW,Midwest Manufacturing,1200,Service fee payment,BA002
CJ-004001,2025-12-01,132936,USD,INFLOW,TransAtlantic Shipping,4010,Product sales revenue,BA003
CJ-004002,2025-12-01,123265,USD,INFLOW,Coastal Shipping USA,4010,Service fee payment,BA003
CJ-004003,2025-12-01,168439,USD,INFLOW,Central Systems Inc,1200,Customer payment received,BA001
CJ-004004,2025-12-01,153010,USD,INFLOW,Northeast Industries,4010,Service fee payment,BA002
CJ-004005,2025-12-01,170571,USD,INFLOW,American Logistics Inc,1200,Customer payment received,BA003
CJ-004006,2025-12-01,149193,USD,INFLOW,National Services LLC,1200,Product sales revenue,BA001
CJ-004007,2025-12-01,169061,USD,OUTFLOW,Microsoft Corp,6000,Maintenance services,BA003
CJ-004008,2025-12-01,131412,USD,OUTFLOW,Cisco Systems,6100,Service provider payment,BA001
CJ-004009,2025-12-01,114217,USD,OUTFLOW,Microsoft Corp,6400,Material procurement,BA001
CJ-004010,2025-12-01,140272,USD,OUTFLOW,Microsoft Corp,5000,Professional services,BA001
CJ-004011,2025-12-01,124526,USD,OUTFLOW,IBM Corp,5000,Service provider payment,BA003
CJ-004012,2025-12-01,75799,EUR,INFLOW,Nordic Energy AS,4020,Service fee payment,BA004
CJ-004013,2025-12-01,57470,EUR,INFLOW,Milan Industries,4030,Service fee payment,BA005
CJ-004014,2025-12-01,40376,EUR,INFLOW,Siemens Digital Industries,1210,Consulting revenue,BA004
CJ-004015,2025-12-01,65207,EUR,INFLOW,Hamburg Port Services,4020,Customer payment received,BA005
CJ-004016,2025-12-01,45090,EUR,INFLOW,Berlin Analytics GmbH,4030,Customer payment received,BA004
CJ-004017,2025-12-01,56023,EUR,INFLOW,Nordic Energy AS,4020,Service fee payment,BA004
CJ-004018,2025-12-01,47505,EUR,OUTFLOW,L'Oreal SA,2010,Material procurement,BA005
CJ-004019,2025-12-01,45904,EUR,OUTFLOW,Volkswagen AG,6300,Vendor payment,BA005
CJ-004020,2025-12-01,79687,EUR,OUTFLOW,BASF SE,5010,Vendor payment,BA005
CJ-004021,2025-12-01,73813,EUR,OUTFLOW,Bosch Group,5010,Material procurement,BA004
CJ-004022,2025-12-01,51301,EUR,OUTFLOW,SAP SE,6300,Service provider payment,BA004
CJ-004023,2025-12-01,33054,GBP,INFLOW,Oxford Research Labs,4040,Product sales revenue,BA007
CJ-004024,2025-12-01,17124,GBP,INFLOW,Edinburgh Systems,1220,Service fee payment,BA007
CJ-004025,2025-12-01,40107,GBP,INFLOW,British Retail Group,4040,Product sales revenue,BA007
CJ-004026,2025-12-01,35965,GBP,INFLOW,Manchester United Industries,1220,Customer payment received,BA006
CJ-004027,2025-12-01,15280,GBP,INFLOW,Cambridge Biotech,4040,Product sales revenue,BA007
CJ-004028,2025-12-01,29095,GBP,OUTFLOW,BAE Systems,2020,Vendor payment,BA006
CJ-004029,2025-12-01,29449,GBP,OUTFLOW,British Gas,6200,Service provider payment,BA006
CJ-004030,2025-12-01,33135,GBP,OUTFLOW,Shell Energy,2020,Vendor payment,BA006
CJ-004031,2025-12-02,163047,USD,INFLOW,Western Digital Corp,4000,Customer payment received,BA003
CJ-004032,2025-12-02,219005,USD,INFLOW,Midwest Agribusiness,4000,Product sales revenue,BA001
CJ-004033,2025-12-02,167537,USD,INFLOW,Pacific Trading Corp,1200,Product sales revenue,BA001
CJ-004034,2025-12-02,249787,USD,INFLOW,MegaCorp USA,1200,Customer payment received,BA002
CJ-004035,2025-12-02,253932,USD,INFLOW,Sunrise Technologies,4010,Product sales revenue,BA001
CJ-004036,2025-12-02,151825,USD,INFLOW,TransAtlantic Shipping,1200,Service fee payment,BA001
CJ-004037,2025-12-02,165974,USD,INFLOW,Midwest Manufacturing,4000,Service fee payment,BA001
CJ-004038,2025-12-02,204753,USD,INFLOW,Midwest Manufacturing,4010,Product sales revenue,BA002
CJ-004039,2025-12-02,102079,USD,OUTFLOW,Adobe Systems,6300,Utilities payment,BA002
CJ-004040,2025-12-02,94792,USD,OUTFLOW,Microsoft Corp,6300,Material procurement,BA003
CJ-004041,2025-12-02,104952,USD,OUTFLOW,Salesforce Inc,6400,Maintenance services,BA001
CJ-004042,2025-12-02,87262,USD,OUTFLOW,Caterpillar Inc,6300,Service provider payment,BA002
CJ-004043,2025-12-02,111765,USD,OUTFLOW,Office Depot,6000,Service provider payment,BA003
CJ-004044,2025-12-02,89699,USD,OUTFLOW,Deloitte Consulting,6300,Vendor payment,BA002
CJ-004045,2025-12-02,67109,EUR,INFLOW,FranceTech SA,4020,Customer payment received,BA005
CJ-004046,2025-12-02,63835,EUR,INFLOW,Munich Automotive,4030,Consulting revenue,BA005
CJ-004047,2025-12-02,57428,EUR,INFLOW,Rhine Logistics AG,4020,Service fee payment,BA005
CJ-004048,2025-12-02,124070,EUR,INFLOW,Milan Industries,4030,Service fee payment,BA005
CJ-004049,2025-12-02,111152,EUR,INFLOW,Deutsche Industrial AG,4020,Service fee payment,BA005
CJ-004050,2025-12-02,80377,EUR,INFLOW,Milan Industries,4020,Customer payment received,BA004
CJ-004051,2025-12-02,106511,EUR,INFLOW,EuroTech Solutions,1210,Customer payment received,BA004
CJ-004052,2025-12-02,37941,EUR,OUTFLOW,Airbus SE,2010,Equipment rental,BA005
CJ-004053,2025-12-02,54485,EUR,OUTFLOW,BASF SE,6300,Equipment rental,BA004
CJ-004054,2025-12-02,53575,GBP,INFLOW,Oxford Research Labs,4040,Product sales revenue,BA006
CJ-004055,2025-12-02,64457,GBP,INFLOW,Cambridge Biotech,1220,Service fee payment,BA006
CJ-004056,2025-12-02,49906,GBP,INFLOW,Highland Manufacturing,1220,Product sales revenue,BA006
CJ-004057,2025-12-02,32249,GBP,INFLOW,Cardiff Construction Ltd,4040,Product sales revenue,BA007
CJ-004058,2025-12-02,63832,GBP,INFLOW,Oxford Research Labs,4040,Service fee payment,BA006
CJ-004059,2025-12-02,43679,GBP,INFLOW,Cardiff Construction Ltd,4040,Service fee payment,BA007
CJ-004060,2025-12-02,17677,GBP,INFLOW,Edinburgh Systems,4040,Product sales revenue,BA007
CJ-004061,2025-12-02,15837,GBP,OUTFLOW,BAE Systems,2020,Utilities payment,BA006
CJ-004062,2025-12-02,18102,GBP,OUTFLOW,BP Energy,2020,Service provider payment,BA007
CJ-004063,2025-12-02,25419,GBP,OUTFLOW,Royal Mail,6200,Utilities payment,BA007
CJ-004064,2025-12-03,149305,USD,INFLOW,Continental Systems,4010,Consulting services payment,BA001
CJ-004065,2025-12-03,159927,USD,INFLOW,Central Systems Inc,4000,Consulting services payment,BA001
CJ-004066,2025-12-03,235477,USD,INFLOW,Atlantic Corp,4010,Customer payment received,BA002
CJ-004067,2025-12-03,229457,USD,INFLOW,National Services LLC,4010,License renewal payment,BA003
CJ-004068,2025-12-03,168156,USD,INFLOW,Coastal Shipping USA,1200,Customer payment received,BA001
CJ-004069,2025-12-03,198279,USD,INFLOW,MegaCorp USA,4000,License renewal payment,BA001
CJ-004070,2025-12-03,76204,USD,OUTFLOW,Verizon Business,6000,Vendor payment,BA003
CJ-004071,2025-12-03,102705,USD,OUTFLOW,Accenture PLC,6400,Professional services,BA001
CJ-004072,2025-12-03,84220,USD,OUTFLOW,KPMG LLP,6300,Utilities payment,BA002
CJ-004073,2025-12-03,89708,EUR,INFLOW,Siemens Digital Industries,1210,Service fee payment,BA004
CJ-004074,2025-12-03,86646,EUR,INFLOW,AutoMotive Industries GmbH,1210,Consulting revenue,BA004
CJ-004075,2025-12-03,62382,EUR,INFLOW,Rhine Logistics AG,4020,Service fee payment,BA004
CJ-004076,2025-12-03,103866,EUR,INFLOW,Munich Automotive,1210,Service fee payment,BA004
CJ-004077,2025-12-03,124141,EUR,INFLOW,Rhine Logistics AG,4020,Product sales revenue,BA004
CJ-004078,2025-12-03,51263,EUR,INFLOW,Frankfurt Solutions,4020,Product sales revenue,BA005
CJ-004079,2025-12-03,72043,EUR,INFLOW,Hamburg Port Services,4020,Customer payment received,BA005
CJ-004080,2025-12-03,19497,EUR,OUTFLOW,Deutsche Telekom,6300,Equipment rental,BA004
CJ-004081,2025-12-03,26167,EUR,OUTFLOW,Allianz SE,5010,Service provider payment,BA004
CJ-004082,2025-12-03,24402,EUR,OUTFLOW,Allianz SE,5010,Vendor payment,BA004
CJ-004083,2025-12-03,32928,EUR,OUTFLOW,Airbus SE,6300,Vendor payment,BA005
CJ-004084,2025-12-03,51307,GBP,INFLOW,London Financial Services,1220,Customer payment received,BA007
CJ-004085,2025-12-03,24699,GBP,INFLOW,Metropolitan Transit,4040,Customer payment received,BA006
CJ-004086,2025-12-03,60043,GBP,INFLOW,Metropolitan Transit,1220,Service fee payment,BA007
CJ-004087,2025-12-03,30716,GBP,INFLOW,Metropolitan Transit,1220,Product sales revenue,BA006
CJ-004088,2025-12-03,41503,GBP,INFLOW,London Financial Services,4040,Customer payment received,BA006
CJ-004089,2025-12-03,26445,GBP,OUTFLOW,Rolls-Royce Holdings,6200,Utilities payment,BA006
CJ-004090,2025-12-03,23082,GBP,OUTFLOW,BT Group,2020,Utilities payment,BA007
CJ-004091,2025-12-04,154297,USD,INFLOW,Sunbelt Energy Corp,4010,Customer payment received,BA001
CJ-004092,2025-12-04,137639,USD,INFLOW,Southern Manufacturing,4000,Consulting services payment,BA002
CJ-004093,2025-12-04,148013,USD,INFLOW,Coastal Shipping USA,4010,Consulting services payment,BA003
CJ-004094,2025-12-04,115846,USD,INFLOW,Midwest Manufacturing,1200,Service fee payment,BA003
CJ-004095,2025-12-04,152095,USD,INFLOW,Global Pharma Corp,1200,Customer payment received,BA002
CJ-004096,2025-12-04,74211,USD,OUTFLOW,Cisco Systems,2000,Professional services,BA001
CJ-004097,2025-12-04,118395,USD,OUTFLOW,Honeywell International,2000,Vendor payment,BA002
CJ-004098,2025-12-04,91573,USD,OUTFLOW,Cisco Systems,6100,Maintenance services,BA003
CJ-004099,2025-12-04,123800,USD,OUTFLOW,Verizon Business,6400,Maintenance services,BA003
CJ-004100,2025-12-04,68256,EUR,INFLOW,Munich Automotive,4020,Service fee payment,BA005
CJ-004101,2025-12-04,76990,EUR,INFLOW,AutoMotive Industries GmbH,1210,Customer payment received,BA004
CJ-004102,2025-12-04,79522,EUR,INFLOW,Vienna Tech GmbH,4020,Consulting revenue,BA004
CJ-004103,2025-12-04,39973,EUR,INFLOW,Munich Automotive,4020,Product sales revenue,BA004
CJ-004104,2025-12-04,23551,EUR,OUTFLOW,Airbus SE,2010,Equipment rental,BA005
CJ-004105,2025-12-04,33407,EUR,OUTFLOW,Bosch Group,6300,Material procurement,BA004
CJ-004106,2025-12-04,20778,GBP,INFLOW,Westminster Holdings,1220,Service fee payment,BA007
CJ-004107,2025-12-04,41610,GBP,INFLOW,Manchester United Industries,4040,Service fee payment,BA007
CJ-004108,2025-12-04,28386,GBP,INFLOW,Cardiff Construction Ltd,4040,Product sales revenue,BA007
CJ-004109,2025-12-04,20317,GBP,OUTFLOW,Rolls-Royce Holdings,6200,Utilities payment,BA007
CJ-004110,2025-12-04,22391,GBP,OUTFLOW,BAE Systems,6200,Vendor payment,BA006
CJ-004111,2025-12-04,17938,GBP,OUTFLOW,Royal Mail,2020,Utilities payment,BA006
CJ-004112,2025-12-05,107262,USD,INFLOW,Southern Manufacturing,4010,Consulting services payment,BA001
CJ-004113,2025-12-05,98411,USD,INFLOW,Western Digital Corp,4000,Product sales revenue,BA001
CJ-004114,2025-12-05,52256,USD,OUTFLOW,Accenture PLC,6300,Utilities payment,BA002
CJ-004115,2025-12-05,51648,USD,OUTFLOW,Office Depot,2000,Utilities payment,BA003
CJ-004116,2025-12-05,93102,USD,OUTFLOW,AT&T Services,6400,Utilities payment,BA002
CJ-004117,2025-12-05,80706,USD,OUTFLOW,Waste Management Inc,6200,Service provider payment,BA001
CJ-004118,2025-12-05,43546,EUR,INFLOW,Vienna Tech GmbH,4020,Consulting revenue,BA004
CJ-004119,2025-12-05,60771,EUR,INFLOW,Siemens Digital Industries,4020,Product sales revenue,BA004
CJ-004120,2025-12-05,25456,EUR,INFLOW,Frankfurt Solutions,4020,Service fee payment,BA005
CJ-004121,2025-12-05,36724,EUR,OUTFLOW,Siemens AG,6300,Service provider payment,BA005
CJ-004122,2025-12-05,15725,GBP,INFLOW,Bristol Aerospace,1220,Customer payment received,BA007
CJ-004123,2025-12-05,13940,GBP,OUTFLOW,BP Energy,2020,Service provider payment,BA006
CJ-004124,2025-12-08,88794,USD,INFLOW,Central Systems Inc,4010,License renewal payment,BA002
CJ-004125,2025-12-08,75246,USD,INFLOW,Sunrise Technologies,4000,Consulting services payment,BA002
CJ-004126,2025-12-08,83986,USD,INFLOW,Midwest Manufacturing,1200,Customer payment received,BA002
CJ-004127,2025-12-08,113604,USD,OUTFLOW,Staples Inc,2000,Material procurement,BA002
CJ-004128,2025-12-08,112457,USD,OUTFLOW,Adobe Systems,6200,Utilities payment,BA002
CJ-004129,2025-12-08,99480,USD,OUTFLOW,Salesforce Inc,6400,Utilities payment,BA002
CJ-004130,2025-12-08,117948,USD,OUTFLOW,Staples Inc,6000,Service provider payment,BA003
CJ-004131,2025-12-08,140356,USD,OUTFLOW,Caterpillar Inc,5000,Service provider payment,BA001
CJ-004132,2025-12-08,137088,USD,OUTFLOW,Microsoft Corp,6400,Material procurement,BA003
CJ-004133,2025-12-08,117691,USD,OUTFLOW,Amazon Web Services,5000,Professional services,BA003
CJ-004134,2025-12-08,112611,USD,OUTFLOW,Honeywell International,6100,Maintenance services,BA001
CJ-004135,2025-12-08,35944,EUR,INFLOW,Rhine Logistics AG,1210,Consulting revenue,BA005
CJ-004136,2025-12-08,54119,EUR,INFLOW,AutoMotive Industries GmbH,4030,Consulting revenue,BA005
CJ-004137,2025-12-08,29962,EUR,INFLOW,Siemens Digital Industries,4030,Product sales revenue,BA004
CJ-004138,2025-12-08,51252,EUR,INFLOW,Stuttgart Engineering,4030,Product sales revenue,BA004
CJ-004139,2025-12-08,83809,EUR,OUTFLOW,Allianz SE,5010,Vendor payment,BA005
CJ-004140,2025-12-08,67115,EUR,OUTFLOW,Lufthansa AG,2010,Equipment rental,BA004
CJ-004141,2025-12-08,70665,EUR,OUTFLOW,Airbus SE,5010,Vendor payment,BA005
CJ-004142,2025-12-08,28444,EUR,OUTFLOW,Deutsche Telekom,5010,Material procurement,BA005
CJ-004143,2025-12-08,64572,EUR,OUTFLOW,Lufthansa AG,5010,Vendor payment,BA005
CJ-004144,2025-12-08,23257,GBP,INFLOW,Cardiff Construction Ltd,4040,Service fee payment,BA007
CJ-004145,2025-12-08,41215,GBP,OUTFLOW,AstraZeneca PLC,6200,Service provider payment,BA006
CJ-004146,2025-12-08,38607,GBP,OUTFLOW,Rolls-Royce Holdings,6200,Vendor payment,BA006
CJ-004147,2025-12-08,22629,GBP,OUTFLOW,Rolls-Royce Holdings,2020,Utilities payment,BA006
CJ-004148,2025-12-08,27523,GBP,OUTFLOW,BT Group,6200,Service provider payment,BA007
CJ-004149,2025-12-08,16780,GBP,OUTFLOW,BT Group,2020,Vendor payment,BA006
CJ-004150,2025-12-09,112447,USD,INFLOW,Atlantic Corp,1200,License renewal payment,BA001
CJ-004151,2025-12-09,153195,USD,INFLOW,Pacific Trading Corp,4000,License renewal payment,BA003
CJ-004152,2025-12-09,105709,USD,INFLOW,Global Pharma Corp,4010,License renewal payment,BA001
CJ-004153,2025-12-09,183000,USD,INFLOW,Southern Manufacturing,1200,License renewal payment,BA003
CJ-004154,2025-12-09,193477,USD,INFLOW,Global Pharma Corp,4010,Product sales revenue,BA003
CJ-004155,2025-12-09,64336,USD,OUTFLOW,Microsoft Corp,2000,Service provider payment,BA001
CJ-004156,2025-12-09,91159,USD,OUTFLOW,Caterpillar Inc,6300,Professional services,BA001
CJ-004157,2025-12-09,110828,USD,OUTFLOW,Deloitte Consulting,5000,Utilities payment,BA003
CJ-004158,2025-12-09,94423,USD,OUTFLOW,Verizon Business,6200,Service provider payment,BA003
CJ-004159,2025-12-09,78623,EUR,INFLOW,Stuttgart Engineering,4020,Consulting revenue,BA005
CJ-004160,2025-12-09,62470,EUR,INFLOW,Milan Industries,4030,Consulting revenue,BA005
CJ-004161,2025-12-09,77335,EUR,INFLOW,AutoMotive Industries GmbH,4020,Consulting revenue,BA005
CJ-004162,2025-12-09,98190,EUR,INFLOW,Deutsche Industrial AG,4020,Consulting revenue,BA004
CJ-004163,2025-12-09,28646,EUR,OUTFLOW,BASF SE,5010,Vendor payment,BA005
CJ-004164,2025-12-09,31991,EUR,OUTFLOW,L'Oreal SA,6300,Vendor payment,BA004
CJ-004165,2025-12-09,33059,GBP,INFLOW,London Financial Services,4040,Service fee payment,BA007
CJ-004166,2025-12-09,16761,GBP,INFLOW,Oxford Research Labs,1220,Customer payment received,BA007
CJ-004167,2025-12-09,45640,GBP,INFLOW,Metropolitan Transit,1220,Product sales revenue,BA007
CJ-004168,2025-12-09,25349,GBP,OUTFLOW,BP Energy,2020,Vendor payment,BA007
CJ-004169,2025-12-10,116374,USD,INFLOW,Continental Systems,4010,Service fee payment,BA002
CJ-004170,2025-12-10,157481,USD,INFLOW,TechGlobal Solutions,1200,Service fee payment,BA003
CJ-004171,2025-12-10,118010,USD,INFLOW,Atlantic Corp,4010,License renewal payment,BA002
CJ-004172,2025-12-10,168843,USD,INFLOW,TransAtlantic Shipping,4010,License renewal payment,BA001
CJ-004173,2025-12-10,126053,USD,INFLOW,Coastal Shipping USA,4010,Product sales revenue,BA002
CJ-004174,2025-12-10,152793,USD,INFLOW,Sunbelt Energy Corp,4000,Service fee payment,BA003
CJ-004175,2025-12-10,185089,USD,INFLOW,MegaCorp USA,1200,Customer payment received,BA001
CJ-004176,2025-12-10,93599,USD,OUTFLOW,Waste Management Inc,5000,Professional services,BA001
CJ-004177,2025-12-10,100740,USD,OUTFLOW,Honeywell International,6400,Professional services,BA001
CJ-004178,2025-12-10,69150,USD,OUTFLOW,Deloitte Consulting,5000,Vendor payment,BA001
CJ-004179,2025-12-10,93006,USD,OUTFLOW,KPMG LLP,6100,Service provider payment,BA003
CJ-004180,2025-12-10,103490,USD,OUTFLOW,Oracle Corp,6200,Professional services,BA003
CJ-004181,2025-12-10,104311,USD,OUTFLOW,IBM Corp,2000,Professional services,BA001
CJ-004182,2025-12-10,58189,EUR,INFLOW,Vienna Tech GmbH,4030,Consulting revenue,BA004
CJ-004183,2025-12-10,90313,EUR,INFLOW,Deutsche Industrial AG,4030,Service fee payment,BA005
CJ-004184,2025-12-10,56470,EUR,INFLOW,Siemens Digital Industries,1210,Service fee payment,BA004
CJ-004185,2025-12-10,76426,EUR,INFLOW,Berlin Analytics GmbH,4020,Consulting revenue,BA005
CJ-004186,2025-12-10,26850,EUR,OUTFLOW,RWE Energy,2010,Vendor payment,BA004
CJ-004187,2025-12-10,47193,EUR,OUTFLOW,Bosch Group,6300,Service provider payment,BA005
CJ-004188,2025-12-10,19744,EUR,OUTFLOW,Bayer AG,6300,Material procurement,BA004
CJ-004189,2025-12-10,50994,EUR,OUTFLOW,Deutsche Telekom,5010,Vendor payment,BA005
CJ-004190,2025-12-10,27629,GBP,INFLOW,Cambridge Biotech,1220,Service fee payment,BA007
CJ-004191,2025-12-10,23990,GBP,INFLOW,Highland Manufacturing,4040,Service fee payment,BA006
CJ-004192,2025-12-10,36413,GBP,INFLOW,London Financial Services,4040,Service fee payment,BA006
CJ-004193,2025-12-10,20050,GBP,INFLOW,British Retail Group,1220,Product sales revenue,BA006
CJ-004194,2025-12-10,15002,GBP,OUTFLOW,BT Group,6200,Utilities payment,BA007
CJ-004195,2025-12-11,130831,USD,INFLOW,National Services LLC,4000,License renewal payment,BA002
CJ-004196,2025-12-11,125830,USD,INFLOW,Continental Systems,1200,Service fee payment,BA001
CJ-004197,2025-12-11,90426,USD,INFLOW,Northeast Industries,1200,Product sales revenue,BA002
CJ-004198,2025-12-11,88088,USD,INFLOW,TransAtlantic Shipping,4010,Consulting services payment,BA001
CJ-004199,2025-12-11,114137,USD,OUTFLOW,Staples Inc,6200,Service provider payment,BA001
CJ-004200,2025-12-11,100521,USD,OUTFLOW,Salesforce Inc,2000,Service provider payment,BA002
CJ-004201,2025-12-11,128596,USD,OUTFLOW,3M Company,6300,Maintenance services,BA002
CJ-004202,2025-12-11,93264,USD,OUTFLOW,Honeywell International,6100,Vendor payment,BA002
CJ-004203,2025-12-11,75140,USD,OUTFLOW,Amazon Web Services,5000,Service provider payment,BA001
CJ-004204,2025-12-11,130123,USD,OUTFLOW,Workday Inc,6200,Maintenance services,BA002
CJ-004205,2025-12-11,40505,EUR,INFLOW,Stuttgart Engineering,1210,Customer payment received,BA005
CJ-004206,2025-12-11,60020,EUR,INFLOW,Frankfurt Solutions,1210,Consulting revenue,BA005
CJ-004207,2025-12-11,42197,EUR,INFLOW,Milan Industries,4020,Service fee payment,BA005
CJ-004208,2025-12-11,27436,EUR,OUTFLOW,Deutsche Post,2010,Service provider payment,BA005
CJ-004209,2025-12-11,48889,EUR,OUTFLOW,Schneider Electric,6300,Equipment rental,BA004
CJ-004210,2025-12-11,15979,GBP,INFLOW,Cardiff Construction Ltd,1220,Customer payment received,BA007
CJ-004211,2025-12-11,32217,GBP,INFLOW,Highland Manufacturing,1220,Service fee payment,BA007
CJ-004212,2025-12-11,25279,GBP,OUTFLOW,Tesco PLC,6200,Vendor payment,BA006
CJ-004213,2025-12-11,19464,GBP,OUTFLOW,BAE Systems,2020,Service provider payment,BA006
CJ-004214,2025-12-12,91003,USD,INFLOW,Southern Manufacturing,1200,Product sales revenue,BA003
CJ-004215,2025-12-12,107940,USD,INFLOW,Coastal Shipping USA,4000,License renewal payment,BA002
CJ-004216,2025-12-12,84399,USD,INFLOW,Midwest Agribusiness,4010,License renewal payment,BA002
CJ-004217,2025-12-12,77691,USD,INFLOW,Midwest Manufacturing,4010,Consulting services payment,BA003
CJ-004218,2025-12-12,62154,USD,OUTFLOW,EY Global,6400,Utilities payment,BA003
CJ-004219,2025-12-12,70734,USD,OUTFLOW,Waste Management Inc,5000,Maintenance services,BA003
CJ-004220,2025-12-12,76957,USD,OUTFLOW,VMware Inc,2000,Professional services,BA002
CJ-004221,2025-12-12,82878,USD,OUTFLOW,KPMG LLP,6000,Material procurement,BA001
CJ-004222,2025-12-12,24155,EUR,INFLOW,Siemens Digital Industries,1210,Product sales revenue,BA004
CJ-004223,2025-12-12,35705,EUR,INFLOW,EuroTech Solutions,4030,Product sales revenue,BA004
CJ-004224,2025-12-12,32435,EUR,OUTFLOW,ThyssenKrupp AG,5010,Vendor payment,BA005
CJ-004225,2025-12-12,27787,GBP,INFLOW,Edinburgh Systems,1220,Product sales revenue,BA006
CJ-004226,2025-12-12,23553,GBP,OUTFLOW,Sainsbury's,2020,Service provider payment,BA007
CJ-004227,2025-12-12,16466,GBP,OUTFLOW,BT Group,6200,Service provider payment,BA007
CJ-004228,2025-12-15,2174133,USD,OUTFLOW,ADP Payroll Services,6000,Monthly payroll processing,BA001
CJ-004229,2025-12-15,101459,USD,INFLOW,Midwest Manufacturing,1200,Customer payment received,BA001
CJ-004230,2025-12-15,85248,USD,INFLOW,MegaCorp USA,4000,Consulting services payment,BA003
CJ-004231,2025-12-15,102571,USD,INFLOW,Sunbelt Energy Corp,4010,License renewal payment,BA001
CJ-004232,2025-12-15,83703,USD,INFLOW,National Services LLC,4010,Customer payment received,BA003
CJ-004233,2025-12-15,122653,USD,INFLOW,Western Digital Corp,4010,Product sales revenue,BA003
CJ-004234,2025-12-15,120656,USD,INFLOW,Central Systems Inc,4000,Service fee payment,BA002
CJ-004235,2025-12-15,136495,USD,OUTFLOW,Workday Inc,5000,Professional services,BA002
CJ-004236,2025-12-15,138187,USD,OUTFLOW,Staples Inc,6200,Vendor payment,BA001
CJ-004237,2025-12-15,107359,USD,OUTFLOW,General Electric,2000,Vendor payment,BA001
CJ-004238,2025-12-15,166402,USD,OUTFLOW,KPMG LLP,6000,Material procurement,BA001
CJ-004239,2025-12-15,130113,USD,OUTFLOW,Waste Management Inc,5000,Vendor payment,BA002
CJ-004240,2025-12-15,98849,USD,OUTFLOW,IBM Corp,6100,Service provider payment,BA002
CJ-004241,2025-12-15,67441,EUR,INFLOW,ACME Corp,4020,Consulting revenue,BA005
CJ-004242,2025-12-15,37684,EUR,INFLOW,Munich Automotive,1210,Product sales revenue,BA005
CJ-004243,2025-12-15,28829,EUR,INFLOW,AutoMotive Industries GmbH,4020,Service fee payment,BA004
CJ-004244,2025-12-15,37273,EUR,INFLOW,ACME Corp,4020,Customer payment - received late,BA004
CJ-004245,2025-12-15,53491,EUR,OUTFLOW,RWE Energy,6300,Equipment rental,BA005
CJ-004246,2025-12-15,28370,EUR,OUTFLOW,Schneider Electric,6300,Vendor payment,BA005
CJ-004247,2025-12-15,63688,EUR,OUTFLOW,Bayer AG,5010,Material procurement,BA005
CJ-004248,2025-12-15,82967,EUR,OUTFLOW,RWE Energy,6300,Material procurement,BA004
CJ-004249,2025-12-15,29876,EUR,OUTFLOW,Deutsche Telekom,2010,Service provider payment,BA004
CJ-004250,2025-12-15,34403,GBP,INFLOW,Metropolitan Transit,4040,Customer payment received,BA007
CJ-004251,2025-12-15,23986,GBP,INFLOW,Scottish Energy Solutions,1220,Product sales revenue,BA006
CJ-004252,2025-12-15,24623,GBP,OUTFLOW,Unilever PLC,6200,Utilities payment,BA006
CJ-004253,2025-12-15,31052,GBP,OUTFLOW,Vodafone Group,2020,Service provider payment,BA006
CJ-004254,2025-12-15,36659,GBP,OUTFLOW,Unilever PLC,2020,Utilities payment,BA006
CJ-004255,2025-12-16,170182,USD,INFLOW,American Logistics Inc,1200,Service fee payment,BA003
CJ-004256,2025-12-16,105121,USD,INFLOW,Sunbelt Energy Corp,1200,Product sales revenue,BA001
CJ-004257,2025-12-16,132654,USD,INFLOW,Western Digital Corp,4000,Consulting services payment,BA002
CJ-004258,2025-12-16,108072,USD,INFLOW,Coastal Shipping USA,1200,Customer payment received,BA001
CJ-004259,2025-12-16,160107,USD,INFLOW,Atlantic Corp,4010,License renewal payment,BA003
CJ-004260,2025-12-16,172948,USD,INFLOW,TransAtlantic Shipping,4000,Service fee payment,BA003
CJ-004261,2025-12-16,147866,USD,INFLOW,Sunrise Technologies,4010,Customer payment received,BA002
CJ-004262,2025-12-16,74442,USD,OUTFLOW,Honeywell International,5000,Service provider payment,BA001
CJ-004263,2025-12-16,106735,USD,OUTFLOW,Office Depot,6000,Material procurement,BA002
CJ-004264,2025-12-16,62179,USD,OUTFLOW,Honeywell International,6200,Vendor payment,BA002
CJ-004265,2025-12-16,90576,USD,OUTFLOW,Honeywell International,6300,Utilities payment,BA002
CJ-004266,2025-12-16,107545,USD,OUTFLOW,Amazon Web Services,6300,Material procurement,BA001
CJ-004267,2025-12-16,74519,USD,OUTFLOW,Cisco Systems,6400,Maintenance services,BA001
CJ-004268,2025-12-16,58570,EUR,INFLOW,Nordic Energy AS,1210,Customer payment received,BA004
CJ-004269,2025-12-16,76979,EUR,INFLOW,Nordic Energy AS,4020,Product sales revenue,BA005
CJ-004270,2025-12-16,50638,EUR,INFLOW,Hamburg Port Services,4030,Consulting revenue,BA005
CJ-004271,2025-12-16,80351,EUR,INFLOW,Nordic Energy AS,4030,Service fee payment,BA004
CJ-004272,2025-12-16,32419,EUR,OUTFLOW,BASF SE,6300,Vendor payment,BA005
CJ-004273,2025-12-16,31894,EUR,OUTFLOW,L'Oreal SA,2010,Equipment rental,BA004
CJ-004274,2025-12-16,34461,GBP,INFLOW,Oxford Research Labs,1220,Customer payment received,BA006
CJ-004275,2025-12-16,42155,GBP,INFLOW,British Retail Group,4040,Customer payment received,BA007
CJ-004276,2025-12-16,35477,GBP,INFLOW,British Retail Group,1220,Service fee payment,BA007
CJ-004277,2025-12-16,14495,GBP,INFLOW,British Retail Group,1220,Customer payment received,BA006
CJ-004278,2025-12-16,18001,GBP,INFLOW,British Retail Group,4040,Product sales revenue,BA007
CJ-004279,2025-12-16,15932,GBP,OUTFLOW,Shell Energy,6200,Utilities payment,BA007
CJ-004280,2025-12-16,13023,GBP,OUTFLOW,AstraZeneca PLC,6200,Utilities payment,BA007
CJ-004281,2025-12-17,148422,USD,INFLOW,Midwest Agribusiness,1200,Product sales revenue,BA003
CJ-004282,2025-12-17,112133,USD,INFLOW,Midwest Agribusiness,4010,Service fee payment,BA002
CJ-004283,2025-12-17,172294,USD,INFLOW,American Logistics Inc,1200,Product sales revenue,BA002
CJ-004284,2025-12-17,124495,USD,INFLOW,TechGlobal Solutions,4010,License renewal payment,BA002
CJ-004285,2025-12-17,163688,USD,INFLOW,Western Digital Corp,4010,Product sales revenue,BA002
CJ-004286,2025-12-17,95597,USD,OUTFLOW,Oracle Corp,6100,Material procurement,BA003
CJ-004287,2025-12-17,94520,USD,OUTFLOW,Deloitte Consulting,6000,Utilities payment,BA002
CJ-004288,2025-12-17,90849,USD,OUTFLOW,IBM Corp,6400,Professional services,BA002
CJ-004289,2025-12-17,88517,EUR,INFLOW,Rhine Logistics AG,1210,Customer payment received,BA004
CJ-004290,2025-12-17,41338,EUR,INFLOW,Frankfurt Solutions,1210,Customer payment received,BA005
CJ-004291,2025-12-17,53964,EUR,INFLOW,FranceTech SA,4020,Customer payment received,BA005
CJ-004292,2025-12-17,20244,EUR,OUTFLOW,Lufthansa AG,6300,Material procurement,BA005
CJ-004293,2025-12-17,43507,EUR,OUTFLOW,L'Oreal SA,6300,Material procurement,BA004
CJ-004294,2025-12-17,40110,GBP,INFLOW,London Financial Services,1220,Product sales revenue,BA006
CJ-004295,2025-12-17,45730,GBP,INFLOW,Metropolitan Transit,4040,Customer payment received,BA007
CJ-004296,2025-12-17,20359,GBP,OUTFLOW,British Gas,6200,Utilities payment,BA006
CJ-004297,2025-12-18,116351,USD,INFLOW,Central Systems Inc,4000,Product sales revenue,BA001
CJ-004298,2025-12-18,130518,USD,INFLOW,Continental Systems,4000,Consulting services payment,BA003
CJ-004299,2025-12-18,136753,USD,INFLOW,Midwest Agribusiness,4010,Service fee payment,BA002
CJ-004300,2025-12-18,121237,USD,OUTFLOW,Workday Inc,6400,Material procurement,BA001
CJ-004301,2025-12-18,126307,USD,OUTFLOW,Office Depot,6200,Professional services,BA003
CJ-004302,2025-12-18,112044,USD,OUTFLOW,Accenture PLC,6200,Utilities payment,BA002
CJ-004303,2025-12-18,43337,EUR,INFLOW,Frankfurt Solutions,4030,Customer payment received,BA004
CJ-004304,2025-12-18,72870,EUR,INFLOW,Nordic Energy AS,4030,Consulting revenue,BA004
CJ-004305,2025-12-18,51092,EUR,INFLOW,Milan Industries,1210,Consulting revenue,BA004
CJ-004306,2025-12-18,60997,EUR,OUTFLOW,Schneider Electric,2010,Service provider payment,BA005
CJ-004307,2025-12-18,57974,EUR,OUTFLOW,Bosch Group,6300,Service provider payment,BA005
CJ-004308,2025-12-18,64535,EUR,OUTFLOW,Lufthansa AG,5010,Service provider payment,BA004
CJ-004309,2025-12-18,57370,EUR,OUTFLOW,Capgemini SE,6300,Material procurement,BA004
CJ-004310,2025-12-18,32151,GBP,INFLOW,Westminster Holdings,4040,Product sales revenue,BA006
CJ-004311,2025-12-18,25392,GBP,INFLOW,Bristol Aerospace,1220,Customer payment received,BA006
CJ-004312,2025-12-18,24349,GBP,OUTFLOW,Tesco PLC,2020,Service provider payment,BA007
CJ-004313,2025-12-19,100925,USD,INFLOW,TechGlobal Solutions,4000,Service fee payment,BA003
CJ-004314,2025-12-19,79952,USD,INFLOW,Midwest Manufacturing,1200,License renewal payment,BA003
CJ-004315,2025-12-19,69255,USD,INFLOW,Midwest Agribusiness,4000,Product sales revenue,BA003
CJ-004316,2025-12-19,83431,USD,INFLOW,Western Digital Corp,1200,Consulting services payment,BA002
CJ-004317,2025-12-19,82947,USD,OUTFLOW,Waste Management Inc,6100,Professional services,BA002
CJ-004318,2025-12-19,90447,USD,OUTFLOW,Workday Inc,6400,Material procurement,BA003
CJ-004319,2025-12-19,39522,EUR,INFLOW,ACME Corp,1210,Customer payment - received late,BA004
CJ-004320,2025-12-19,25398,EUR,INFLOW,Milan Industries,4020,Service fee payment,BA005
CJ-004321,2025-12-19,61739,EUR,INFLOW,Deutsche Industrial AG,4020,Customer payment received,BA004
CJ-004322,2025-12-19,22492,EUR,OUTFLOW,Deutsche Post,2010,Equipment rental,BA005
CJ-004323,2025-12-19,46122,EUR,OUTFLOW,SAP SE,6300,Material procurement,BA005
CJ-004324,2025-12-19,19514,EUR,OUTFLOW,Deutsche Telekom,6300,Service provider payment,BA005
CJ-004325,2025-12-19,23854,GBP,INFLOW,Oxford Research Labs,4040,Service fee payment,BA007
CJ-004326,2025-12-19,15051,GBP,OUTFLOW,AstraZeneca PLC,2020,Utilities payment,BA007
CJ-004327,2025-12-19,9271,GBP,OUTFLOW,Royal Mail,6200,Vendor payment,BA006
CJ-004328,2025-12-22,82426,USD,INFLOW,Continental Systems,1200,Product sales revenue,BA002
CJ-004329,2025-12-22,93052,USD,INFLOW,Midwest Manufacturing,1200,Consulting services payment,BA001
CJ-004330,2025-12-22,111115,USD,INFLOW,Pacific Trading Corp,1200,Product sales revenue,BA002
CJ-004331,2025-12-22,88475,USD,INFLOW,Pacific Trading Corp,4000,Consulting services payment,BA003
CJ-004332,2025-12-22,141675,USD,OUTFLOW,KPMG LLP,6300,Service provider payment,BA001
CJ-004333,2025-12-22,131728,USD,OUTFLOW,Oracle Corp,6100,Material procurement,BA001
CJ-004334,2025-12-22,132840,USD,OUTFLOW,General Electric,6400,Material procurement,BA003
CJ-004335,2025-12-22,133155,USD,OUTFLOW,Adobe Systems,6400,Maintenance services,BA001
CJ-004336,2025-12-22,141328,USD,OUTFLOW,3M Company,6100,Maintenance services,BA001
CJ-004337,2025-12-22,160252,USD,OUTFLOW,3M Company,5000,Vendor payment,BA002
CJ-004338,2025-12-22,96149,USD,OUTFLOW,EY Global,5000,Vendor payment,BA001
CJ-004339,2025-12-22,143030,USD,OUTFLOW,3M Company,6200,Professional services,BA002
CJ-004340,2025-12-22,44482,EUR,INFLOW,Vienna Tech GmbH,4030,Customer payment received,BA004
CJ-004341,2025-12-22,40734,EUR,INFLOW,Nordic Energy AS,4020,Product sales revenue,BA004
CJ-004342,2025-12-22,28496,EUR,INFLOW,Hamburg Port Services,4030,Customer payment received,BA004
CJ-004343,2025-12-22,70894,EUR,OUTFLOW,ThyssenKrupp AG,2010,Service provider payment,BA004
CJ-004344,2025-12-22,67995,EUR,OUTFLOW,ThyssenKrupp AG,6300,Vendor payment,BA004
CJ-004345,2025-12-22,69562,EUR,OUTFLOW,Siemens AG,5010,Equipment rental,BA004
CJ-004346,2025-12-22,43651,EUR,OUTFLOW,Lufthansa AG,6300,Equipment rental,BA004
CJ-004347,2025-12-22,39853,EUR,OUTFLOW,Siemens AG,5010,Material procurement,BA005
CJ-004348,2025-12-22,43545,EUR,OUTFLOW,Bosch Group,2010,Service provider payment,BA005
CJ-004349,2025-12-22,30950,GBP,INFLOW,Cardiff Construction Ltd,4040,Customer payment received,BA006
CJ-004350,2025-12-22,37822,GBP,OUTFLOW,Royal Mail,2020,Service provider payment,BA007
CJ-004351,2025-12-22,29051,GBP,OUTFLOW,AstraZeneca PLC,2020,Utilities payment,BA007
CJ-004352,2025-12-22,40729,GBP,OUTFLOW,Shell Energy,2020,Vendor payment,BA006
CJ-004353,2025-12-22,19348,GBP,OUTFLOW,British Gas,6200,Vendor payment,BA006
CJ-004354,2025-12-23,158636,USD,INFLOW,Global Pharma Corp,1200,Service fee payment,BA001
CJ-004355,2025-12-23,184226,USD,INFLOW,Global Pharma Corp,1200,Product sales revenue,BA002
CJ-004356,2025-12-23,151412,USD,INFLOW,Central Systems Inc,4000,Customer payment received,BA002
CJ-004357,2025-12-23,128844,USD,INFLOW,Sunbelt Energy Corp,4010,License renewal payment,BA001
CJ-004358,2025-12-23,122199,USD,INFLOW,Central Systems Inc,1200,Service fee payment,BA001
CJ-004359,2025-12-23,192394,USD,INFLOW,Western Digital Corp,4010,Consulting services payment,BA001
CJ-004360,2025-12-23,73304,USD,OUTFLOW,Accenture PLC,6400,Maintenance services,BA001
CJ-004361,2025-12-23,85509,USD,OUTFLOW,Oracle Corp,6000,Maintenance services,BA002
CJ-004362,2025-12-23,104928,USD,OUTFLOW,VMware Inc,2000,Professional services,BA003
CJ-004363,2025-12-23,75692,USD,OUTFLOW,Verizon Business,5000,Professional services,BA001
CJ-004364,2025-12-23,100060,USD,OUTFLOW,Verizon Business,6200,Service provider payment,BA001
CJ-004365,2025-12-23,96992,USD,OUTFLOW,General Electric,6100,Material procurement,BA001
CJ-004366,2025-12-23,69003,EUR,INFLOW,ACME Corp,4030,Project milestone payment - delayed,BA005
CJ-004367,2025-12-23,46030,EUR,INFLOW,Deutsche Industrial AG,1210,Product sales revenue,BA005
CJ-004368,2025-12-23,39929,EUR,INFLOW,Munich Automotive,1210,Product sales revenue,BA005
CJ-004369,2025-12-23,100377,EUR,INFLOW,Munich Automotive,4030,Service fee payment,BA004
CJ-004370,2025-12-23,43285,EUR,INFLOW,ACME Corp,1210,Service fee payment,BA005
CJ-004371,2025-12-23,67102,EUR,INFLOW,Siemens Digital Industries,1210,Customer payment received,BA004
CJ-004372,2025-12-23,40449,EUR,OUTFLOW,Bosch Group,6300,Service provider payment,BA004
CJ-004373,2025-12-23,42361,EUR,OUTFLOW,Airbus SE,6300,Equipment rental,BA004
CJ-004374,2025-12-23,29506,EUR,OUTFLOW,Deutsche Post,2010,Material procurement,BA005
CJ-004375,2025-12-23,49465,EUR,OUTFLOW,Bosch Group,6300,Service provider payment,BA005
CJ-004376,2025-12-23,30243,GBP,INFLOW,British Retail Group,4040,Product sales revenue,BA006
CJ-004377,2025-12-23,25607,GBP,INFLOW,Oxford Research Labs,4040,Customer payment received,BA006
CJ-004378,2025-12-23,26081,GBP,INFLOW,London Financial Services,1220,Service fee payment,BA007
CJ-004379,2025-12-23,14833,GBP,INFLOW,Metropolitan Transit,4040,Service fee payment,BA007
CJ-004380,2025-12-23,20291,GBP,INFLOW,Metropolitan Transit,4040,Service fee payment,BA007
CJ-004381,2025-12-23,26321,GBP,OUTFLOW,Unilever PLC,2020,Service provider payment,BA007
CJ-004382,2025-12-23,21786,GBP,OUTFLOW,BT Group,6200,Utilities payment,BA006
CJ-004383,2025-12-24,185303,USD,INFLOW,Global Pharma Corp,4010,Consulting services payment,BA003
CJ-004384,2025-12-24,106006,USD,INFLOW,Western Digital Corp,4010,Consulting services payment,BA003
CJ-004385,2025-12-24,109097,USD,INFLOW,Pacific Trading Corp,4000,License renewal payment,BA001
CJ-004386,2025-12-24,101418,USD,INFLOW,Global Pharma Corp,4000,License renewal payment,BA002
CJ-004387,2025-12-24,181556,USD,INFLOW,Southern Manufacturing,4010,License renewal payment,BA002
CJ-004388,2025-12-24,73307,USD,OUTFLOW,Caterpillar Inc,6300,Maintenance services,BA001
CJ-004389,2025-12-24,75105,USD,OUTFLOW,Accenture PLC,5000,Maintenance services,BA003
CJ-004390,2025-12-24,69327,USD,OUTFLOW,3M Company,6200,Vendor payment,BA003
CJ-004391,2025-12-24,89465,USD,OUTFLOW,Staples Inc,6400,Material procurement,BA003
CJ-004392,2025-12-24,72057,USD,OUTFLOW,3M Company,6400,Material procurement,BA002
CJ-004393,2025-12-24,57230,EUR,INFLOW,EuroTech Solutions,1210,Product sales revenue,BA005
CJ-004394,2025-12-24,69747,EUR,INFLOW,FranceTech SA,1210,Customer payment received,BA005
CJ-004395,2025-12-24,92171,EUR,INFLOW,Frankfurt Solutions,4020,Consulting revenue,BA005
CJ-004396,2025-12-24,35824,EUR,OUTFLOW,Allianz SE,5010,Equipment rental,BA005
CJ-004397,2025-12-24,23530,EUR,OUTFLOW,Volkswagen AG,5010,Equipment rental,BA004
CJ-004398,2025-12-24,16590,GBP,INFLOW,London Financial Services,4040,Customer payment received,BA007
CJ-004399,2025-12-24,23765,GBP,INFLOW,Metropolitan Transit,4040,Product sales revenue,BA007
CJ-004400,2025-12-24,34353,GBP,INFLOW,London Financial Services,4040,Service fee payment,BA007
CJ-004401,2025-12-24,25567,GBP,INFLOW,Scottish Energy Solutions,1220,Product sales revenue,BA007
CJ-004402,2025-12-24,22768,GBP,OUTFLOW,Vodafone Group,2020,Service provider payment,BA007
CJ-004403,2025-12-24,8465,GBP,OUTFLOW,Shell Energy,2020,Vendor payment,BA006
CJ-004404,2025-12-25,139680,USD,INFLOW,Western Digital Corp,4010,Product sales revenue,BA001
CJ-004405,2025-12-25,146623,USD,INFLOW,Midwest Agribusiness,4010,Service fee payment,BA001
CJ-004406,2025-12-25,133161,USD,INFLOW,Central Systems Inc,4010,Service fee payment,BA001
CJ-004407,2025-12-25,153602,USD,INFLOW,Midwest Manufacturing,1200,Customer payment received,BA001
CJ-004408,2025-12-25,126035,USD,INFLOW,Continental Systems,4010,License renewal payment,BA003
CJ-004409,2025-12-25,86289,USD,OUTFLOW,Workday Inc,6000,Professional services,BA003
CJ-004410,2025-12-25,163092,USD,OUTFLOW,Waste Management Inc,5000,Vendor payment,BA003
CJ-004411,2025-12-25,145773,USD,OUTFLOW,Verizon Business,6400,Professional services,BA001
CJ-004412,2025-12-25,117658,USD,OUTFLOW,Workday Inc,6300,Vendor payment,BA003
CJ-004413,2025-12-25,69165,EUR,INFLOW,Stuttgart Engineering,1210,Customer payment received,BA005
CJ-004414,2025-12-25,43198,EUR,INFLOW,Stuttgart Engineering,4020,Product sales revenue,BA004
CJ-004415,2025-12-25,81095,EUR,INFLOW,Vienna Tech GmbH,4030,Service fee payment,BA005
CJ-004416,2025-12-25,89893,EUR,INFLOW,FranceTech SA,4020,Customer payment received,BA004
CJ-004417,2025-12-25,53715,EUR,OUTFLOW,RWE Energy,6300,Service provider payment,BA004
CJ-004418,2025-12-25,34914,EUR,OUTFLOW,Lufthansa AG,6300,Vendor payment,BA004
CJ-004419,2025-12-25,48649,EUR,OUTFLOW,Deutsche Post,5010,Vendor payment,BA004
CJ-004420,2025-12-25,40815,GBP,INFLOW,Scottish Energy Solutions,1220,Customer payment received,BA006
CJ-004421,2025-12-25,37599,GBP,INFLOW,Manchester United Industries,1220,Service fee payment,BA007
CJ-004422,2025-12-25,34537,GBP,INFLOW,Edinburgh Systems,4040,Customer payment received,BA007
CJ-004423,2025-12-25,16575,GBP,OUTFLOW,BAE Systems,2020,Utilities payment,BA006
CJ-004424,2025-12-26,91170,USD,INFLOW,American Logistics Inc,4010,Consulting services payment,BA003
CJ-004425,2025-12-26,115220,USD,INFLOW,Northeast Industries,4000,Service fee payment,BA003
CJ-004426,2025-12-26,95277,USD,OUTFLOW,KPMG LLP,6400,Service provider payment,BA002
CJ-004427,2025-12-26,96381,USD,OUTFLOW,Verizon Business,6300,Maintenance services,BA001
CJ-004428,2025-12-26,74015,USD,OUTFLOW,3M Company,6200,Service provider payment,BA003
CJ-004429,2025-12-26,59394,EUR,INFLOW,Stuttgart Engineering,1210,Customer payment received,BA005
CJ-004430,2025-12-26,62561,EUR,INFLOW,Berlin Analytics GmbH,1210,Service fee payment,BA004
CJ-004431,2025-12-26,41457,EUR,OUTFLOW,L'Oreal SA,5010,Material procurement,BA004
CJ-004432,2025-12-26,46079,EUR,OUTFLOW,Capgemini SE,5010,Vendor payment,BA004
CJ-004433,2025-12-26,25415,GBP,INFLOW,Metropolitan Transit,4040,Product sales revenue,BA007
CJ-004434,2025-12-26,13210,GBP,OUTFLOW,BP Energy,6200,Service provider payment,BA006
CJ-004435,2025-12-29,101769,USD,INFLOW,Continental Systems,4010,Product sales revenue,BA001
CJ-004436,2025-12-29,102024,USD,INFLOW,TransAtlantic Shipping,1200,Customer payment received,BA001
CJ-004437,2025-12-29,92538,USD,INFLOW,National Services LLC,4010,Customer payment received,BA001
CJ-004438,2025-12-29,101277,USD,INFLOW,Coastal Shipping USA,4010,Customer payment received,BA003
CJ-004439,2025-12-29,119788,USD,INFLOW,National Services LLC,4010,Service fee payment,BA002
CJ-004440,2025-12-29,100870,USD,INFLOW,Pacific Trading Corp,4010,Consulting services payment,BA002
CJ-004441,2025-12-29,164129,USD,OUTFLOW,Cisco Systems,6400,Maintenance services,BA002
CJ-004442,2025-12-29,197964,USD,OUTFLOW,VMware Inc,6000,Service provider payment,BA003
CJ-004443,2025-12-29,172967,USD,OUTFLOW,Staples Inc,6400,Service provider payment,BA002
CJ-004444,2025-12-29,231456,USD,OUTFLOW,Staples Inc,6100,Professional services,BA003
CJ-004445,2025-12-29,283952,USD,OUTFLOW,Deloitte Consulting,6300,Utilities payment,BA003
CJ-004446,2025-12-29,169360,USD,OUTFLOW,KPMG LLP,2000,Material procurement,BA003
CJ-004447,2025-12-29,177626,USD,OUTFLOW,Adobe Systems,6400,Utilities payment,BA003
CJ-004448,2025-12-29,63269,EUR,INFLOW,Stuttgart Engineering,1210,Consulting revenue,BA004
CJ-004449,2025-12-29,75691,EUR,INFLOW,AutoMotive Industries GmbH,4030,Consulting revenue,BA004
CJ-004450,2025-12-29,42482,EUR,INFLOW,Milan Industries,1210,Customer payment received,BA005
CJ-004451,2025-12-29,57079,EUR,INFLOW,Rhine Logistics AG,4020,Consulting revenue,BA004
CJ-004452,2025-12-29,137441,EUR,OUTFLOW,ThyssenKrupp AG,2010,Equipment rental,BA004
CJ-004453,2025-12-29,64238,EUR,OUTFLOW,Deutsche Telekom,6300,Service provider payment,BA005
CJ-004454,2025-12-29,104527,EUR,OUTFLOW,Bayer AG,2010,Service provider payment,BA004
CJ-004455,2025-12-29,109437,EUR,OUTFLOW,Lufthansa AG,5010,Material procurement,BA005
CJ-004456,2025-12-29,132197,EUR,OUTFLOW,Siemens AG,5010,Material procurement,BA005
CJ-004457,2025-12-29,90721,EUR,OUTFLOW,ThyssenKrupp AG,2010,Material procurement,BA005
CJ-004458,2025-12-29,110575,EUR,OUTFLOW,SAP SE,2010,Material procurement,BA004
CJ-004459,2025-12-29,63394,EUR,OUTFLOW,Allianz SE,5010,Service provider payment,BA004
CJ-004460,2025-12-29,21416,GBP,INFLOW,Metropolitan Transit,4040,Customer payment received,BA006
CJ-004461,2025-12-29,29113,GBP,INFLOW,Westminster Holdings,4040,Customer payment received,BA007
CJ-004462,2025-12-29,23583,GBP,INFLOW,British Retail Group,1220,Service fee payment,BA007
CJ-004463,2025-12-29,36321,GBP,OUTFLOW,Rolls-Royce Holdings,6200,Service provider payment,BA006
CJ-004464,2025-12-29,33785,GBP,OUTFLOW,British Gas,6200,Service provider payment,BA006
CJ-004465,2025-12-29,66087,GBP,OUTFLOW,Sainsbury's,2020,Utilities payment,BA007
CJ-004466,2025-12-29,48480,GBP,OUTFLOW,BP Energy,6200,Service provider payment,BA006
CJ-004467,2025-12-29,49840,GBP,OUTFLOW,BAE Systems,2020,Vendor payment,BA007
CJ-004468,2025-12-30,131770,USD,INFLOW,MegaCorp USA,4010,Product sales revenue,BA002
CJ-004469,2025-12-30,223020,USD,INFLOW,Southern Manufacturing,4010,Consulting services payment,BA001
CJ-004470,2025-12-30,212735,USD,INFLOW,Sunrise Technologies,4000,Product sales revenue,BA003
CJ-004471,2025-12-30,209167,USD,INFLOW,Southern Manufacturing,4010,Product sales revenue,BA002
CJ-004472,2025-12-30,123048,USD,INFLOW,Northeast Industries,4000,Consulting services payment,BA001
CJ-004473,2025-12-30,195583,USD,INFLOW,TransAtlantic Shipping,4000,Consulting services payment,BA003
CJ-004474,2025-12-30,134436,USD,INFLOW,Coastal Shipping USA,4010,Product sales revenue,BA003
CJ-004475,2025-12-30,152294,USD,INFLOW,Sunbelt Energy Corp,1200,Product sales revenue,BA003
CJ-004476,2025-12-30,194349,USD,OUTFLOW,VMware Inc,5000,Vendor payment,BA002
CJ-004477,2025-12-30,186652,USD,OUTFLOW,AT&T Services,6300,Material procurement,BA003
CJ-004478,2025-12-30,175988,USD,OUTFLOW,General Electric,6300,Utilities payment,BA003
CJ-004479,2025-12-30,142682,USD,OUTFLOW,Deloitte Consulting,6400,Vendor payment,BA001
CJ-004480,2025-12-30,138597,USD,OUTFLOW,KPMG LLP,6000,Professional services,BA003
CJ-004481,2025-12-30,167092,USD,OUTFLOW,Verizon Business,6400,Maintenance services,BA001
CJ-004482,2025-12-30,125614,USD,OUTFLOW,Verizon Business,2000,Material procurement,BA001
CJ-004483,2025-12-30,83873,EUR,INFLOW,Milan Industries,1210,Customer payment received,BA005
CJ-004484,2025-12-30,91846,EUR,INFLOW,Frankfurt Solutions,4030,Consulting revenue,BA005
CJ-004485,2025-12-30,45397,EUR,INFLOW,Milan Industries,1210,Product sales revenue,BA005
CJ-004486,2025-12-30,95083,EUR,INFLOW,Munich Automotive,4020,Consulting revenue,BA004
CJ-004487,2025-12-30,47234,EUR,OUTFLOW,Siemens AG,6300,Service provider payment,BA004
CJ-004488,2025-12-30,49860,EUR,OUTFLOW,Volkswagen AG,6300,Material procurement,BA005
CJ-004489,2025-12-30,46769,EUR,OUTFLOW,Allianz SE,5010,Equipment rental,BA005
CJ-004490,2025-12-30,42272,EUR,OUTFLOW,Allianz SE,6300,Equipment rental,BA004
CJ-004491,2025-12-30,29525,GBP,INFLOW,London Financial Services,1220,Customer payment received,BA007
CJ-004492,2025-12-30,28299,GBP,INFLOW,Cardiff Construction Ltd,4040,Service fee payment,BA007
CJ-004493,2025-12-30,22385,GBP,INFLOW,Westminster Holdings,4040,Service fee payment,BA007
CJ-004494,2025-12-30,18657,GBP,INFLOW,Cambridge Biotech,1220,Customer payment received,BA006
CJ-004495,2025-12-30,44823,GBP,OUTFLOW,Unilever PLC,2020,Vendor payment,BA007
CJ-004496,2025-12-30,19088,GBP,OUTFLOW,Tesco PLC,6200,Vendor payment,BA007
CJ-004497,2025-12-30,15543,GBP,OUTFLOW,Vodafone Group,6200,Service provider payment,BA007
CJ-004498,2025-12-30,25904,GBP,OUTFLOW,Unilever PLC,6200,Service provider payment,BA006
CJ-004499,2025-12-30,16009,GBP,OUTFLOW,Sainsbury's,6200,Vendor payment,BA007
CJ-004500,2025-12-31,2300152,USD,OUTFLOW,ADP Payroll Services,6000,Monthly payroll processing,BA001
CJ-004501,2025-12-31,167260,USD,INFLOW,TransAtlantic Shipping,4010,License renewal payment,BA002
CJ-004502,2025-12-31,187028,USD,INFLOW,TechGlobal Solutions,4000,License renewal payment,BA003
CJ-004503,2025-12-31,140865,USD,INFLOW,Central Systems Inc,4000,License renewal payment,BA003
CJ-004504,2025-12-31,189669,USD,INFLOW,Global Pharma Corp,1200,License renewal payment,BA003
CJ-004505,2025-12-31,184584,USD,INFLOW,Pacific Trading Corp,4000,Customer payment received,BA001
CJ-004506,2025-12-31,183089,USD,INFLOW,MegaCorp USA,4010,Service fee payment,BA001
CJ-004507,2025-12-31,204332,USD,INFLOW,Pacific Trading Corp,1200,License renewal payment,BA003
CJ-004508,2025-12-31,107064,USD,OUTFLOW,Accenture PLC,6000,Service provider payment,BA003
CJ-004509,2025-12-31,177019,USD,OUTFLOW,Caterpillar Inc,5000,Vendor payment,BA001
CJ-004510,2025-12-31,167997,USD,OUTFLOW,Waste Management Inc,5000,Material procurement,BA001
CJ-004511,2025-12-31,122651,USD,OUTFLOW,EY Global,6100,Vendor payment,BA001
CJ-004512,2025-12-31,133045,USD,OUTFLOW,Deloitte Consulting,6300,Utilities payment,BA001
CJ-004513,2025-12-31,130002,USD,OUTFLOW,IBM Corp,6100,Material procurement,BA003
CJ-004514,2025-12-31,117593,USD,OUTFLOW,Accenture PLC,6100,Maintenance services,BA002
CJ-004515,2025-12-31,172245,USD,OUTFLOW,Deloitte Consulting,6200,Professional services,BA002
CJ-004516,2025-12-31,102746,EUR,INFLOW,ACME Corp,4030,Consulting revenue,BA005
CJ-004517,2025-12-31,59962,EUR,INFLOW,Deutsche Industrial AG,1210,Product sales revenue,BA005
CJ-004518,2025-12-31,81014,EUR,INFLOW,Milan Industries,4030,Service fee payment,BA004
CJ-004519,2025-12-31,44503,EUR,INFLOW,Munich Automotive,4030,Product sales revenue,BA005
CJ-004520,2025-12-31,59828,EUR,INFLOW,Rhine Logistics AG,1210,Service fee payment,BA004
CJ-004521,2025-12-31,37945,EUR,OUTFLOW,Volkswagen AG,5010,Equipment rental,BA004
CJ-004522,2025-12-31,40936,EUR,OUTFLOW,Volkswagen AG,5010,Equipment rental,BA005
CJ-004523,2025-12-31,36967,EUR,OUTFLOW,Airbus SE,5010,Vendor payment,BA004
CJ-004524,2025-12-31,35748,EUR,OUTFLOW,ThyssenKrupp AG,5010,Service provider payment,BA004
CJ-004525,2025-12-31,38508,EUR,OUTFLOW,Capgemini SE,5010,Service provider payment,BA005
CJ-004526,2025-12-31,38825,GBP,INFLOW,Oxford Research Labs,4040,Service fee payment,BA006
CJ-004527,2025-12-31,17714,GBP,INFLOW,Highland Manufacturing,1220,Product sales revenue,BA006
CJ-004528,2025-12-31,16617,GBP,INFLOW,Cardiff Construction Ltd,1220,Product sales revenue,BA007
CJ-004529,2025-12-31,30325,GBP,OUTFLOW,BP Energy,6200,Vendor payment,BA007
CJ-004530,2025-12-31,45049,GBP,OUTFLOW,BAE Systems,6200,Utilities payment,BA006
CJ-004531,2025-12-31,38444,GBP,OUTFLOW,Rolls-Royce Holdings,2020,Utilities payment,BA006
CJ-004532,2025-12-31,29966,GBP,OUTFLOW,Royal Mail,2020,Service provider payment,BA006
CJ-004533,2025-12-31,13989,GBP,OUTFLOW,British Gas,6200,Service provider payment,BA007
CJ-004534,2026-01-01,166532,USD,INFLOW,Global Pharma Corp,4010,Customer payment received,BA001
CJ-004535,2026-01-01,172837,USD,INFLOW,National Services LLC,1200,Customer payment received,BA001
CJ-004536,2026-01-01,112583,USD,INFLOW,Continental Systems,1200,Customer payment received,BA003
CJ-004537,2026-01-01,124326,USD,INFLOW,TransAtlantic Shipping,4000,Service fee payment,BA001
CJ-004538,2026-01-01,140489,USD,INFLOW,Midwest Agribusiness,1200,Consulting services payment,BA002
CJ-004539,2026-01-01,129175,USD,INFLOW,Southern Manufacturing,4000,Customer payment received,BA002
CJ-004540,2026-01-01,188068,USD,INFLOW,Western Digital Corp,1200,Service fee payment,BA002
CJ-004541,2026-01-01,110380,USD,OUTFLOW,EY Global,6300,Vendor payment,BA002
CJ-004542,2026-01-01,77815,USD,OUTFLOW,General Electric,2000,Maintenance services,BA003
CJ-004543,2026-01-01,86523,USD,OUTFLOW,Oracle Corp,5000,Utilities payment,BA003
CJ-004544,2026-01-01,106628,USD,OUTFLOW,3M Company,6000,Utilities payment,BA001
CJ-004545,2026-01-01,86822,USD,OUTFLOW,Microsoft Corp,5000,Maintenance services,BA002
CJ-004546,2026-01-01,82892,USD,OUTFLOW,3M Company,6000,Service provider payment,BA002
CJ-004547,2026-01-01,105335,EUR,INFLOW,ACME Corp,4020,Consulting revenue,BA004
CJ-004548,2026-01-01,96505,EUR,INFLOW,Munich Automotive,1210,Service fee payment,BA005
CJ-004549,2026-01-01,60637,EUR,INFLOW,FranceTech SA,4020,Product sales revenue,BA004
CJ-004550,2026-01-01,48219,EUR,INFLOW,Vienna Tech GmbH,4030,Consulting revenue,BA005
CJ-004551,2026-01-01,81667,EUR,INFLOW,Nordic Energy AS,4030,Customer payment received,BA004
CJ-004552,2026-01-01,60828,EUR,OUTFLOW,BASF SE,2010,Service provider payment,BA004
CJ-004553,2026-01-01,55394,EUR,OUTFLOW,Deutsche Post,5010,Vendor payment,BA005
CJ-004554,2026-01-01,34156,GBP,INFLOW,Bristol Aerospace,4040,Service fee payment,BA006
CJ-004555,2026-01-01,14583,GBP,INFLOW,Bristol Aerospace,4040,Product sales revenue,BA007
CJ-004556,2026-01-01,22874,GBP,INFLOW,Oxford Research Labs,1220,Service fee payment,BA006
CJ-004557,2026-01-01,32799,GBP,OUTFLOW,Vodafone Group,2020,Utilities payment,BA007
CJ-004558,2026-01-01,11870,GBP,OUTFLOW,British Gas,2020,Service provider payment,BA006
CJ-004559,2026-01-02,146865,USD,INFLOW,Pacific Trading Corp,1200,Product sales revenue,BA002
CJ-004560,2026-01-02,102094,USD,INFLOW,Sunrise Technologies,4000,Consulting services payment,BA003
CJ-004561,2026-01-02,114371,USD,INFLOW,Sunbelt Energy Corp,1200,License renewal payment,BA001
CJ-004562,2026-01-02,99568,USD,INFLOW,Global Pharma Corp,4010,Customer payment received,BA001
CJ-004563,2026-01-02,100388,USD,INFLOW,Pacific Trading Corp,1200,Service fee payment,BA001
CJ-004564,2026-01-02,126769,USD,INFLOW,Midwest Agribusiness,4000,Consulting services payment,BA003
CJ-004565,2026-01-02,50514,USD,OUTFLOW,Staples Inc,6200,Vendor payment,BA003
CJ-004566,2026-01-02,65342,USD,OUTFLOW,Oracle Corp,6400,Material procurement,BA002
CJ-004567,2026-01-02,70403,EUR,INFLOW,Nordic Energy AS,4030,Consulting revenue,BA005
CJ-004568,2026-01-02,66134,EUR,INFLOW,Milan Industries,1210,Product sales revenue,BA005
CJ-004569,2026-01-02,69834,EUR,INFLOW,Deutsche Industrial AG,4020,Product sales revenue,BA004
CJ-004570,2026-01-02,40339,EUR,INFLOW,Siemens Digital Industries,1210,Service fee payment,BA004
CJ-004571,2026-01-02,72644,EUR,INFLOW,Frankfurt Solutions,4020,Customer payment received,BA005
CJ-004572,2026-01-02,20793,EUR,OUTFLOW,Capgemini SE,5010,Equipment rental,BA004
CJ-004573,2026-01-02,28159,GBP,INFLOW,Highland Manufacturing,4040,Customer payment received,BA006
CJ-004574,2026-01-02,32187,GBP,INFLOW,Edinburgh Systems,4040,Product sales revenue,BA007
CJ-004575,2026-01-02,40139,GBP,INFLOW,Westminster Holdings,4040,Service fee payment,BA007
CJ-004576,2026-01-02,10179,GBP,OUTFLOW,Sainsbury's,2020,Vendor payment,BA006
CJ-004577,2026-01-05,108916,USD,INFLOW,Atlantic Corp,4000,Consulting services payment,BA002
CJ-004578,2026-01-05,96489,USD,INFLOW,Pacific Trading Corp,4000,Product sales revenue,BA001
CJ-004579,2026-01-05,93307,USD,INFLOW,TechGlobal Solutions,4010,License renewal payment,BA003
CJ-004580,2026-01-05,108685,USD,INFLOW,Midwest Agribusiness,4010,Customer payment received,BA002
CJ-004581,2026-01-05,119050,USD,INFLOW,Southern Manufacturing,4010,Service fee payment,BA001
CJ-004582,2026-01-05,95026,USD,OUTFLOW,Deloitte Consulting,2000,Utilities payment,BA003
CJ-004583,2026-01-05,103108,USD,OUTFLOW,Salesforce Inc,6300,Material procurement,BA001
CJ-004584,2026-01-05,140417,USD,OUTFLOW,Microsoft Corp,5000,Material procurement,BA002
CJ-004585,2026-01-05,138186,USD,OUTFLOW,KPMG LLP,6300,Professional services,BA002
CJ-004586,2026-01-05,93226,USD,OUTFLOW,Honeywell International,6400,Vendor payment,BA002
CJ-004587,2026-01-05,42478,EUR,INFLOW,EuroTech Solutions,4020,Customer payment received,BA005
CJ-004588,2026-01-05,51752,EUR,INFLOW,ACME Corp,1210,Customer payment received,BA005
CJ-004589,2026-01-05,64090,EUR,INFLOW,Munich Automotive,4020,Consulting revenue,BA004
CJ-004590,2026-01-05,60120,EUR,INFLOW,Berlin Analytics GmbH,4030,Consulting revenue,BA005
CJ-004591,2026-01-05,37895,EUR,OUTFLOW,Bosch Group,6300,Equipment rental,BA004
CJ-004592,2026-01-05,69940,EUR,OUTFLOW,Bosch Group,5010,Equipment rental,BA004
CJ-004593,2026-01-05,38385,EUR,OUTFLOW,BASF SE,6300,Equipment rental,BA004
CJ-004594,2026-01-05,58080,EUR,OUTFLOW,L'Oreal SA,6300,Equipment rental,BA005
CJ-004595,2026-01-05,29853,GBP,INFLOW,Bristol Aerospace,4040,Product sales revenue,BA006
CJ-004596,2026-01-05,23412,GBP,INFLOW,Edinburgh Systems,4040,Customer payment received,BA007
CJ-004597,2026-01-05,36214,GBP,OUTFLOW,Shell Energy,2020,Vendor payment,BA006
CJ-004598,2026-01-05,32564,GBP,OUTFLOW,BT Group,6200,Vendor payment,BA007
CJ-004599,2026-01-05,41678,GBP,OUTFLOW,Vodafone Group,6200,Service provider payment,BA006
CJ-004600,2026-01-05,37264,GBP,OUTFLOW,BAE Systems,2020,Service provider payment,BA006
CJ-004601,2026-01-05,19689,GBP,OUTFLOW,Unilever PLC,2020,Service provider payment,BA007
CJ-004602,2026-01-06,187355,USD,INFLOW,American Logistics Inc,4000,Service fee payment,BA003
CJ-004603,2026-01-06,160283,USD,INFLOW,TechGlobal Solutions,4010,Customer payment received,BA002
CJ-004604,2026-01-06,120009,USD,INFLOW,TechGlobal Solutions,4010,Consulting services payment,BA003
CJ-004605,2026-01-06,142905,USD,INFLOW,Pacific Trading Corp,4010,Product sales revenue,BA002
CJ-004606,2026-01-06,161625,USD,INFLOW,TechGlobal Solutions,4010,License renewal payment,BA001
CJ-004607,2026-01-06,77419,USD,OUTFLOW,Honeywell International,6000,Utilities payment,BA001
CJ-004608,2026-01-06,93640,USD,OUTFLOW,Adobe Systems,2000,Professional services,BA003
CJ-004609,2026-01-06,64741,USD,OUTFLOW,Workday Inc,5000,Maintenance services,BA001
CJ-004610,2026-01-06,75153,USD,OUTFLOW,Microsoft Corp,6400,Vendor payment,BA001
CJ-004611,2026-01-06,88097,USD,OUTFLOW,Verizon Business,5000,Maintenance services,BA001
CJ-004612,2026-01-06,71166,USD,OUTFLOW,IBM Corp,6300,Service provider payment,BA003
CJ-004613,2026-01-06,39852,EUR,INFLOW,Berlin Analytics GmbH,4020,Consulting revenue,BA004
CJ-004614,2026-01-06,56451,EUR,INFLOW,Stuttgart Engineering,4030,Customer payment received,BA005
CJ-004615,2026-01-06,91560,EUR,INFLOW,Berlin Analytics GmbH,4030,Consulting revenue,BA005
CJ-004616,2026-01-06,60657,EUR,INFLOW,AutoMotive Industries GmbH,4030,Customer payment received,BA004
CJ-004617,2026-01-06,80641,EUR,INFLOW,Stuttgart Engineering,4020,Customer payment received,BA005
CJ-004618,2026-01-06,41452,EUR,OUTFLOW,Bayer AG,5010,Material procurement,BA005
CJ-004619,2026-01-06,42386,EUR,OUTFLOW,Siemens AG,5010,Service provider payment,BA004
CJ-004620,2026-01-06,25480,EUR,OUTFLOW,Allianz SE,5010,Vendor payment,BA004
CJ-004621,2026-01-06,16717,GBP,INFLOW,London Financial Services,1220,Product sales revenue,BA007
CJ-004622,2026-01-06,29214,GBP,INFLOW,Manchester United Industries,1220,Service fee payment,BA007
CJ-004623,2026-01-06,17307,GBP,INFLOW,Westminster Holdings,1220,Service fee payment,BA006
CJ-004624,2026-01-06,39186,GBP,INFLOW,Bristol Aerospace,4040,Service fee payment,BA006
CJ-004625,2026-01-06,44103,GBP,INFLOW,Westminster Holdings,1220,Product sales revenue,BA007
CJ-004626,2026-01-06,26604,GBP,OUTFLOW,Royal Mail,6200,Utilities payment,BA007
CJ-004627,2026-01-06,26711,GBP,OUTFLOW,BAE Systems,6200,Service provider payment,BA007
CJ-004628,2026-01-06,14149,GBP,OUTFLOW,Royal Mail,2020,Service provider payment,BA007
CJ-004629,2026-01-07,182507,USD,INFLOW,Sunbelt Energy Corp,4000,Product sales revenue,BA003
CJ-004630,2026-01-07,131079,USD,INFLOW,Central Systems Inc,1200,Service fee payment,BA003
CJ-004631,2026-01-07,174118,USD,INFLOW,Pacific Trading Corp,1200,Product sales revenue,BA002
CJ-004632,2026-01-07,139686,USD,INFLOW,Global Pharma Corp,1200,License renewal payment,BA001
CJ-004633,2026-01-07,152951,USD,INFLOW,Pacific Trading Corp,1200,Service fee payment,BA001
CJ-004634,2026-01-07,156746,USD,INFLOW,TechGlobal Solutions,4010,Service fee payment,BA002
CJ-004635,2026-01-07,112723,USD,INFLOW,National Services LLC,1200,Consulting services payment,BA003
CJ-004636,2026-01-07,89958,USD,OUTFLOW,Microsoft Corp,6100,Professional services,BA003
CJ-004637,2026-01-07,66890,USD,OUTFLOW,AT&T Services,6100,Service provider payment,BA002
CJ-004638,2026-01-07,80406,USD,OUTFLOW,Accenture PLC,6100,Service provider payment,BA002
CJ-004639,2026-01-07,57345,EUR,INFLOW,ACME Corp,1210,Service fee payment,BA004
CJ-004640,2026-01-07,70583,EUR,INFLOW,Siemens Digital Industries,1210,Consulting revenue,BA005
CJ-004641,2026-01-07,55374,EUR,INFLOW,Siemens Digital Industries,4030,Customer payment received,BA005
CJ-004642,2026-01-07,41771,EUR,OUTFLOW,Deutsche Telekom,5010,Material procurement,BA005
CJ-004643,2026-01-07,47125,EUR,OUTFLOW,Bosch Group,6300,Material procurement,BA005
CJ-004644,2026-01-07,33248,EUR,OUTFLOW,Bosch Group,2010,Equipment rental,BA005
CJ-004645,2026-01-07,31055,GBP,INFLOW,Bristol Aerospace,1220,Customer payment received,BA007
CJ-004646,2026-01-07,13591,GBP,INFLOW,Cambridge Biotech,1220,Product sales revenue,BA007
CJ-004647,2026-01-07,27000,GBP,INFLOW,Cardiff Construction Ltd,1220,Customer payment received,BA006
CJ-004648,2026-01-07,34038,GBP,INFLOW,London Financial Services,1220,Service fee payment,BA006
CJ-004649,2026-01-07,18408,GBP,OUTFLOW,AstraZeneca PLC,6200,Utilities payment,BA007
CJ-004650,2026-01-07,22633,GBP,OUTFLOW,Rolls-Royce Holdings,6200,Service provider payment,BA006
CJ-004651,2026-01-08,99063,USD,INFLOW,Atlantic Corp,4000,Customer payment received,BA002
CJ-004652,2026-01-08,86399,USD,INFLOW,MegaCorp USA,4010,License renewal payment,BA001
CJ-004653,2026-01-08,105112,USD,INFLOW,Western Digital Corp,1200,License renewal payment,BA002
CJ-004654,2026-01-08,137490,USD,INFLOW,Northeast Industries,1200,Consulting services payment,BA003
CJ-004655,2026-01-08,150161,USD,INFLOW,Pacific Trading Corp,4010,Customer payment received,BA001
CJ-004656,2026-01-08,95538,USD,OUTFLOW,Verizon Business,6000,Utilities payment,BA002
CJ-004657,2026-01-08,116654,USD,OUTFLOW,Waste Management Inc,6000,Vendor payment,BA003
CJ-004658,2026-01-08,87610,USD,OUTFLOW,Office Depot,6300,Utilities payment,BA001
CJ-004659,2026-01-08,111703,USD,OUTFLOW,Adobe Systems,6400,Maintenance services,BA002
CJ-004660,2026-01-08,110263,USD,OUTFLOW,AT&T Services,6400,Utilities payment,BA002
CJ-004661,2026-01-08,44798,EUR,INFLOW,Frankfurt Solutions,1210,Service fee payment,BA004
CJ-004662,2026-01-08,62627,EUR,INFLOW,Deutsche Industrial AG,4020,Product sales revenue,BA005
CJ-004663,2026-01-08,66203,EUR,INFLOW,Stuttgart Engineering,4020,Product sales revenue,BA004
CJ-004664,2026-01-08,58845,EUR,INFLOW,Deutsche Industrial AG,4030,Service fee payment,BA004
CJ-004665,2026-01-08,53649,EUR,OUTFLOW,Schneider Electric,2010,Vendor payment,BA004
CJ-004666,2026-01-08,45330,EUR,OUTFLOW,Schneider Electric,6300,Vendor payment,BA004
CJ-004667,2026-01-08,34160,GBP,INFLOW,Highland Manufacturing,1220,Service fee payment,BA006
CJ-004668,2026-01-08,13688,GBP,OUTFLOW,BP Energy,2020,Service provider payment,BA007
CJ-004669,2026-01-08,21810,GBP,OUTFLOW,British Gas,2020,Vendor payment,BA007
CJ-004670,2026-01-08,19547,GBP,OUTFLOW,BAE Systems,6200,Utilities payment,BA007
CJ-004671,2026-01-09,99574,USD,INFLOW,Atlantic Corp,4010,Consulting services payment,BA002
CJ-004672,2026-01-09,73104,USD,INFLOW,Midwest Manufacturing,1200,Product sales revenue,BA002
CJ-004673,2026-01-09,115556,USD,INFLOW,American Logistics Inc,4000,License renewal payment,BA002
CJ-004674,2026-01-09,57864,USD,OUTFLOW,IBM Corp,2000,Professional services,BA002
CJ-004675,2026-01-09,79111,USD,OUTFLOW,EY Global,6100,Maintenance services,BA001
CJ-004676,2026-01-09,78026,USD,OUTFLOW,EY Global,6400,Utilities payment,BA002
CJ-004677,2026-01-09,58300,USD,OUTFLOW,Adobe Systems,6400,Service provider payment,BA001
CJ-004678,2026-01-09,61828,EUR,INFLOW,Rhine Logistics AG,1210,Customer payment received,BA005
CJ-004679,2026-01-09,33954,EUR,INFLOW,Stuttgart Engineering,4030,Consulting revenue,BA005
CJ-004680,2026-01-09,42893,EUR,OUTFLOW,SAP SE,6300,Material procurement,BA004
CJ-004681,2026-01-09,24501,EUR,OUTFLOW,L'Oreal SA,5010,Material procurement,BA004
CJ-004682,2026-01-09,28086,EUR,OUTFLOW,Schneider Electric,5010,Vendor payment,BA005
CJ-004683,2026-01-09,19978,GBP,INFLOW,Cardiff Construction Ltd,4040,Service fee payment,BA006
CJ-004684,2026-01-09,27286,GBP,INFLOW,Highland Manufacturing,1220,Customer payment received,BA007
CJ-004685,2026-01-09,20900,GBP,OUTFLOW,British Gas,2020,Vendor payment,BA006
CJ-004686,2026-01-12,82636,USD,INFLOW,Pacific Trading Corp,4010,Product sales revenue,BA001
CJ-004687,2026-01-12,89866,USD,INFLOW,Central Systems Inc,1200,Consulting services payment,BA002
CJ-004688,2026-01-12,131811,USD,INFLOW,Western Digital Corp,4010,Product sales revenue,BA002
CJ-004689,2026-01-12,72979,USD,INFLOW,Atlantic Corp,4010,License renewal payment,BA001
CJ-004690,2026-01-12,169486,USD,OUTFLOW,Salesforce Inc,6200,Material procurement,BA003
CJ-004691,2026-01-12,140899,USD,OUTFLOW,IBM Corp,6000,Utilities payment,BA002
CJ-004692,2026-01-12,116816,USD,OUTFLOW,Office Depot,6200,Material procurement,BA001
CJ-004693,2026-01-12,127842,USD,OUTFLOW,Honeywell International,6400,Vendor payment,BA001
CJ-004694,2026-01-12,142156,USD,OUTFLOW,AT&T Services,6200,Professional services,BA003
CJ-004695,2026-01-12,121773,USD,OUTFLOW,Verizon Business,6400,Service provider payment,BA001
CJ-004696,2026-01-12,106065,USD,OUTFLOW,Adobe Systems,6100,Material procurement,BA003
CJ-004697,2026-01-12,40042,EUR,INFLOW,Frankfurt Solutions,4020,Product sales revenue,BA004
CJ-004698,2026-01-12,44532,EUR,INFLOW,ACME Corp,4020,Product sales revenue,BA004
CJ-004699,2026-01-12,64168,EUR,INFLOW,Stuttgart Engineering,4020,Service fee payment,BA004
CJ-004700,2026-01-12,62276,EUR,OUTFLOW,Volkswagen AG,6300,Equipment rental,BA004
CJ-004701,2026-01-12,68986,EUR,OUTFLOW,L'Oreal SA,2010,Service provider payment,BA005
CJ-004702,2026-01-12,74828,EUR,OUTFLOW,L'Oreal SA,2010,Equipment rental,BA004
CJ-004703,2026-01-12,76349,EUR,OUTFLOW,Siemens AG,6300,Service provider payment,BA005
CJ-004704,2026-01-12,69363,EUR,OUTFLOW,Deutsche Telekom,2010,Vendor payment,BA004
CJ-004705,2026-01-12,74791,EUR,OUTFLOW,Volkswagen AG,6300,Vendor payment,BA005
CJ-004706,2026-01-12,19981,GBP,INFLOW,Manchester United Industries,4040,Service fee payment,BA006
CJ-004707,2026-01-12,27510,GBP,INFLOW,Oxford Research Labs,1220,Product sales revenue,BA007
CJ-004708,2026-01-12,22260,GBP,INFLOW,Cardiff Construction Ltd,4040,Product sales revenue,BA006
CJ-004709,2026-01-12,19329,GBP,OUTFLOW,Tesco PLC,2020,Service provider payment,BA007
CJ-004710,2026-01-12,37135,GBP,OUTFLOW,Shell Energy,2020,Utilities payment,BA006
CJ-004711,2026-01-12,35428,GBP,OUTFLOW,Unilever PLC,6200,Utilities payment,BA006
CJ-004712,2026-01-13,110004,USD,INFLOW,Midwest Agribusiness,4010,Product sales revenue,BA001
CJ-004713,2026-01-13,172781,USD,INFLOW,Coastal Shipping USA,1200,Consulting services payment,BA003
CJ-004714,2026-01-13,117993,USD,INFLOW,TechGlobal Solutions,1200,Consulting services payment,BA003
CJ-004715,2026-01-13,109564,USD,INFLOW,Southern Manufacturing,4010,Customer payment received,BA001
CJ-004716,2026-01-13,183668,USD,INFLOW,Global Pharma Corp,1200,License renewal payment,BA003
CJ-004717,2026-01-13,195605,USD,INFLOW,Continental Systems,4000,Consulting services payment,BA003
CJ-004718,2026-01-13,167711,USD,INFLOW,Central Systems Inc,4000,Customer payment received,BA003
CJ-004719,2026-01-13,157434,USD,INFLOW,TransAtlantic Shipping,4000,Customer payment received,BA001
CJ-004720,2026-01-13,67520,USD,OUTFLOW,Oracle Corp,6400,Material procurement,BA001
CJ-004721,2026-01-13,106071,USD,OUTFLOW,Waste Management Inc,2000,Professional services,BA001
CJ-004722,2026-01-13,65569,USD,OUTFLOW,KPMG LLP,2000,Service provider payment,BA001
CJ-004723,2026-01-13,96180,EUR,INFLOW,Stuttgart Engineering,4020,Service fee payment,BA005
CJ-004724,2026-01-13,66155,EUR,INFLOW,Stuttgart Engineering,4030,Consulting revenue,BA004
CJ-004725,2026-01-13,66260,EUR,INFLOW,Deutsche Industrial AG,1210,Customer payment received,BA005
CJ-004726,2026-01-13,80069,EUR,INFLOW,Hamburg Port Services,1210,Service fee payment,BA004
CJ-004727,2026-01-13,87479,EUR,INFLOW,Deutsche Industrial AG,4030,Product sales revenue,BA005
CJ-004728,2026-01-13,34955,EUR,OUTFLOW,Capgemini SE,6300,Service provider payment,BA005
CJ-004729,2026-01-13,47161,EUR,OUTFLOW,Bayer AG,2010,Equipment rental,BA004
CJ-004730,2026-01-13,35444,EUR,OUTFLOW,RWE Energy,2010,Material procurement,BA005
CJ-004731,2026-01-13,24668,GBP,INFLOW,Cardiff Construction Ltd,1220,Product sales revenue,BA007
CJ-004732,2026-01-13,39808,GBP,INFLOW,Edinburgh Systems,1220,Service fee payment,BA006
CJ-004733,2026-01-13,42129,GBP,INFLOW,Manchester United Industries,4040,Customer payment received,BA006
CJ-004734,2026-01-13,21186,GBP,INFLOW,Scottish Energy Solutions,1220,Customer payment received,BA007
CJ-004735,2026-01-13,30183,GBP,INFLOW,Oxford Research Labs,4040,Product sales revenue,BA007
CJ-004736,2026-01-13,24724,GBP,OUTFLOW,BT Group,2020,Utilities payment,BA006
CJ-004737,2026-01-13,17384,GBP,OUTFLOW,Royal Mail,2020,Vendor payment,BA007
CJ-004738,2026-01-14,139071,USD,INFLOW,TechGlobal Solutions,4000,Product sales revenue,BA001
CJ-004739,2026-01-14,137471,USD,INFLOW,MegaCorp USA,1200,Service fee payment,BA002
CJ-004740,2026-01-14,162125,USD,INFLOW,TechGlobal Solutions,4010,Product sales revenue,BA001
CJ-004741,2026-01-14,180579,USD,INFLOW,Global Pharma Corp,4000,Product sales revenue,BA001
CJ-004742,2026-01-14,151990,USD,INFLOW,Atlantic Corp,1200,License renewal payment,BA002
CJ-004743,2026-01-14,184346,USD,INFLOW,Sunbelt Energy Corp,4000,License renewal payment,BA003
CJ-004744,2026-01-14,74961,USD,OUTFLOW,EY Global,6400,Maintenance services,BA002
CJ-004745,2026-01-14,55750,USD,OUTFLOW,IBM Corp,5000,Maintenance services,BA003
CJ-004746,2026-01-14,91538,USD,OUTFLOW,Oracle Corp,5000,Material procurement,BA002
CJ-004747,2026-01-14,65203,USD,OUTFLOW,Caterpillar Inc,6200,Material procurement,BA002
CJ-004748,2026-01-14,64484,EUR,INFLOW,Berlin Analytics GmbH,4030,Customer payment received,BA005
CJ-004749,2026-01-14,97351,EUR,INFLOW,Vienna Tech GmbH,4020,Product sales revenue,BA004
CJ-004750,2026-01-14,85153,EUR,INFLOW,Rhine Logistics AG,4030,Product sales revenue,BA005
CJ-004751,2026-01-14,44431,EUR,INFLOW,ACME Corp,1210,Product sales revenue,BA005
CJ-004752,2026-01-14,78409,EUR,INFLOW,Munich Automotive,4030,Consulting revenue,BA005
CJ-004753,2026-01-14,21294,EUR,OUTFLOW,L'Oreal SA,6300,Service provider payment,BA004
CJ-004754,2026-01-14,28622,EUR,OUTFLOW,Capgemini SE,2010,Service provider payment,BA004
CJ-004755,2026-01-14,22134,EUR,OUTFLOW,Schneider Electric,6300,Vendor payment,BA004
CJ-004756,2026-01-14,13088,GBP,INFLOW,Bristol Aerospace,4040,Service fee payment,BA007
CJ-004757,2026-01-14,29258,GBP,INFLOW,Edinburgh Systems,1220,Customer payment received,BA007
CJ-004758,2026-01-14,10151,GBP,OUTFLOW,Rolls-Royce Holdings,2020,Service provider payment,BA007
CJ-004759,2026-01-14,9121,GBP,OUTFLOW,British Gas,6200,Utilities payment,BA007
CJ-004760,2026-01-15,1691688,USD,OUTFLOW,ADP Payroll Services,6000,Monthly payroll processing,BA003
CJ-004761,2026-01-15,133751,USD,INFLOW,Pacific Trading Corp,4010,Customer payment received,BA001
CJ-004762,2026-01-15,84131,USD,INFLOW,Central Systems Inc,4000,Consulting services payment,BA003
CJ-004763,2026-01-15,94881,USD,INFLOW,MegaCorp USA,4010,Customer payment received,BA003
CJ-004764,2026-01-15,141325,USD,INFLOW,Sunbelt Energy Corp,4000,Service fee payment,BA002
CJ-004765,2026-01-15,135781,USD,INFLOW,National Services LLC,4010,Product sales revenue,BA001
CJ-004766,2026-01-15,144153,USD,INFLOW,American Logistics Inc,4000,Product sales revenue,BA003
CJ-004767,2026-01-15,115327,USD,OUTFLOW,Caterpillar Inc,6300,Vendor payment,BA003
CJ-004768,2026-01-15,128716,USD,OUTFLOW,Honeywell International,6300,Professional services,BA002
CJ-004769,2026-01-15,67834,USD,OUTFLOW,Office Depot,2000,Material procurement,BA002
CJ-004770,2026-01-15,119767,USD,OUTFLOW,Workday Inc,6000,Service provider payment,BA001
CJ-004771,2026-01-15,93284,USD,OUTFLOW,Microsoft Corp,6000,Utilities payment,BA002
CJ-004772,2026-01-15,68970,USD,OUTFLOW,Deloitte Consulting,6400,Maintenance services,BA001
CJ-004773,2026-01-15,39688,EUR,INFLOW,Deutsche Industrial AG,4020,Product sales revenue,BA005
CJ-004774,2026-01-15,64326,EUR,INFLOW,Munich Automotive,4030,Customer payment received,BA005
CJ-004775,2026-01-15,38951,EUR,OUTFLOW,L'Oreal SA,5010,Equipment rental,BA004
CJ-004776,2026-01-15,37118,EUR,OUTFLOW,Capgemini SE,5010,Equipment rental,BA004
CJ-004777,2026-01-15,31946,GBP,INFLOW,Manchester United Industries,1220,Customer payment received,BA007
CJ-004778,2026-01-15,32014,GBP,OUTFLOW,Sainsbury's,6200,Vendor payment,BA006
CJ-004779,2026-01-16,75640,USD,INFLOW,Atlantic Corp,4000,Customer payment received,BA002
CJ-004780,2026-01-16,99990,USD,INFLOW,Western Digital Corp,1200,License renewal payment,BA003
CJ-004781,2026-01-16,87440,USD,INFLOW,Southern Manufacturing,4000,Consulting services payment,BA003
CJ-004782,2026-01-16,75714,USD,INFLOW,Pacific Trading Corp,1200,License renewal payment,BA003
CJ-004783,2026-01-16,87157,USD,INFLOW,TransAtlantic Shipping,1200,Consulting services payment,BA003
CJ-004784,2026-01-16,74224,USD,OUTFLOW,Deloitte Consulting,2000,Maintenance services,BA001
CJ-004785,2026-01-16,77648,USD,OUTFLOW,Staples Inc,2000,Professional services,BA003
CJ-004786,2026-01-16,92106,USD,OUTFLOW,General Electric,5000,Professional services,BA003
CJ-004787,2026-01-16,84823,USD,OUTFLOW,AT&T Services,2000,Service provider payment,BA002
CJ-004788,2026-01-16,54227,USD,OUTFLOW,Workday Inc,2000,Maintenance services,BA002
CJ-004789,2026-01-16,33107,EUR,INFLOW,AutoMotive Industries GmbH,4030,Customer payment received,BA004
CJ-004790,2026-01-16,26588,EUR,INFLOW,ACME Corp,4030,Customer payment - received late,BA005
CJ-004791,2026-01-16,51619,EUR,INFLOW,ACME Corp,1210,Consulting revenue,BA005
CJ-004792,2026-01-16,35010,EUR,OUTFLOW,Lufthansa AG,2010,Material procurement,BA004
CJ-004793,2026-01-16,18851,GBP,INFLOW,Manchester United Industries,1220,Service fee payment,BA006
CJ-004794,2026-01-16,17895,GBP,INFLOW,Scottish Energy Solutions,1220,Product sales revenue,BA006
CJ-004795,2026-01-16,9821,GBP,OUTFLOW,Rolls-Royce Holdings,6200,Utilities payment,BA007
CJ-004796,2026-01-16,16484,GBP,OUTFLOW,Unilever PLC,2020,Utilities payment,BA006
CJ-004797,2026-01-19,103106,USD,INFLOW,Western Digital Corp,1200,Product sales revenue,BA002
CJ-004798,2026-01-19,126345,USD,INFLOW,Central Systems Inc,4010,License renewal payment,BA001
CJ-004799,2026-01-19,93717,USD,INFLOW,TechGlobal Solutions,4010,Consulting services payment,BA002
CJ-004800,2026-01-19,114246,USD,OUTFLOW,Amazon Web Services,6400,Vendor payment,BA001
CJ-004801,2026-01-19,99783,USD,OUTFLOW,Waste Management Inc,6400,Utilities payment,BA003
CJ-004802,2026-01-19,93511,USD,OUTFLOW,Staples Inc,6200,Material procurement,BA003
CJ-004803,2026-01-19,112599,USD,OUTFLOW,3M Company,6300,Utilities payment,BA001
CJ-004804,2026-01-19,138540,USD,OUTFLOW,Microsoft Corp,6300,Service provider payment,BA003
CJ-004805,2026-01-19,166577,USD,OUTFLOW,Workday Inc,6100,Utilities payment,BA003
CJ-004806,2026-01-19,166719,USD,OUTFLOW,Salesforce Inc,6000,Material procurement,BA002
CJ-004807,2026-01-19,151445,USD,OUTFLOW,Microsoft Corp,2000,Material procurement,BA002
CJ-004808,2026-01-19,60316,EUR,INFLOW,Rhine Logistics AG,1210,Consulting revenue,BA005
CJ-004809,2026-01-19,35557,EUR,INFLOW,ACME Corp,1210,Customer payment - received late,BA005
CJ-004810,2026-01-19,55845,EUR,INFLOW,Siemens Digital Industries,4020,Product sales revenue,BA005
CJ-004811,2026-01-19,37463,EUR,INFLOW,Siemens Digital Industries,4030,Consulting revenue,BA005
CJ-004812,2026-01-19,79786,EUR,OUTFLOW,Volkswagen AG,5010,Vendor payment,BA005
CJ-004813,2026-01-19,56311,EUR,OUTFLOW,Capgemini SE,2010,Vendor payment,BA004
CJ-004814,2026-01-19,28629,EUR,OUTFLOW,Siemens AG,2010,Service provider payment,BA005
CJ-004815,2026-01-19,49514,EUR,OUTFLOW,Deutsche Post,2010,Vendor payment,BA005
CJ-004816,2026-01-19,28474,EUR,OUTFLOW,Bosch Group,2010,Vendor payment,BA005
CJ-004817,2026-01-19,26927,GBP,INFLOW,Manchester United Industries,1220,Service fee payment,BA006
CJ-004818,2026-01-19,9622,GBP,INFLOW,Highland Manufacturing,1220,Service fee payment,BA007
CJ-004819,2026-01-19,32315,GBP,INFLOW,Highland Manufacturing,4040,Product sales revenue,BA006
CJ-004820,2026-01-19,42289,GBP,OUTFLOW,Shell Energy,6200,Vendor payment,BA006
CJ-004821,2026-01-19,22346,GBP,OUTFLOW,Shell Energy,2020,Utilities payment,BA007
CJ-004822,2026-01-19,27286,GBP,OUTFLOW,Rolls-Royce Holdings,6200,Utilities payment,BA007
CJ-004823,2026-01-20,138582,USD,INFLOW,MegaCorp USA,1200,Product sales revenue,BA002
CJ-004824,2026-01-20,111197,USD,INFLOW,Pacific Trading Corp,4000,Service fee payment,BA001
CJ-004825,2026-01-20,194859,USD,INFLOW,Western Digital Corp,1200,Consulting services payment,BA003
CJ-004826,2026-01-20,145200,USD,INFLOW,Pacific Trading Corp,1200,Customer payment received,BA001
CJ-004827,2026-01-20,139898,USD,INFLOW,Northeast Industries,4000,Product sales revenue,BA002
CJ-004828,2026-01-20,150415,USD,INFLOW,American Logistics Inc,1200,License renewal payment,BA001
CJ-004829,2026-01-20,99340,USD,OUTFLOW,Accenture PLC,6400,Vendor payment,BA001
CJ-004830,2026-01-20,113246,USD,OUTFLOW,Workday Inc,6000,Vendor payment,BA002
CJ-004831,2026-01-20,110238,USD,OUTFLOW,3M Company,2000,Utilities payment,BA003
CJ-004832,2026-01-20,51154,EUR,INFLOW,Nordic Energy AS,4020,Product sales revenue,BA005
CJ-004833,2026-01-20,50171,EUR,INFLOW,AutoMotive Industries GmbH,1210,Consulting revenue,BA005
CJ-004834,2026-01-20,66016,EUR,INFLOW,ACME Corp,4030,Service fee payment,BA004
CJ-004835,2026-01-20,95018,EUR,INFLOW,Berlin Analytics GmbH,4030,Product sales revenue,BA004
CJ-004836,2026-01-20,35042,EUR,OUTFLOW,L'Oreal SA,6300,Equipment rental,BA005
CJ-004837,2026-01-20,21699,EUR,OUTFLOW,Bosch Group,2010,Service provider payment,BA004
CJ-004838,2026-01-20,48792,EUR,OUTFLOW,Allianz SE,5010,Service provider payment,BA004
CJ-004839,2026-01-20,23950,GBP,INFLOW,London Financial Services,1220,Product sales revenue,BA006
CJ-004840,2026-01-20,48324,GBP,INFLOW,Cambridge Biotech,1220,Service fee payment,BA006
CJ-004841,2026-01-20,50423,GBP,INFLOW,Scottish Energy Solutions,4040,Service fee payment,BA006
CJ-004842,2026-01-20,37164,GBP,INFLOW,Westminster Holdings,4040,Product sales revenue,BA007
CJ-004843,2026-01-20,8075,GBP,OUTFLOW,Vodafone Group,2020,Vendor payment,BA006
CJ-004844,2026-01-20,25240,GBP,OUTFLOW,BAE Systems,6200,Utilities payment,BA007
CJ-004845,2026-01-21,139602,USD,INFLOW,Sunrise Technologies,4010,Product sales revenue,BA002
CJ-004846,2026-01-21,137289,USD,INFLOW,MegaCorp USA,1200,Customer payment received,BA003
CJ-004847,2026-01-21,146758,USD,INFLOW,MegaCorp USA,4000,Consulting services payment,BA002
CJ-004848,2026-01-21,152724,USD,INFLOW,Coastal Shipping USA,4000,Customer payment received,BA002
CJ-004849,2026-01-21,68676,USD,OUTFLOW,Honeywell International,2000,Material procurement,BA002
CJ-004850,2026-01-21,87497,USD,OUTFLOW,Amazon Web Services,6400,Service provider payment,BA003
CJ-004851,2026-01-21,63730,USD,OUTFLOW,Amazon Web Services,6200,Maintenance services,BA003
CJ-004852,2026-01-21,65225,USD,OUTFLOW,General Electric,2000,Utilities payment,BA003
CJ-004853,2026-01-21,66736,USD,OUTFLOW,Microsoft Corp,6300,Maintenance services,BA001
CJ-004854,2026-01-21,62754,EUR,INFLOW,Deutsche Industrial AG,4020,Service fee payment,BA005
CJ-004855,2026-01-21,94013,EUR,INFLOW,AutoMotive Industries GmbH,1210,Customer payment received,BA005
CJ-004856,2026-01-21,67643,EUR,INFLOW,Frankfurt Solutions,4030,Customer payment received,BA004
CJ-004857,2026-01-21,38652,EUR,OUTFLOW,ThyssenKrupp AG,2010,Service provider payment,BA004
CJ-004858,2026-01-21,24188,EUR,OUTFLOW,Siemens AG,2010,Service provider payment,BA005
CJ-004859,2026-01-21,47388,EUR,OUTFLOW,Bayer AG,6300,Service provider payment,BA005
CJ-004860,2026-01-21,51192,EUR,OUTFLOW,Bayer AG,2010,Vendor payment,BA005
CJ-004861,2026-01-21,14222,GBP,INFLOW,Manchester United Industries,4040,Customer payment received,BA007
CJ-004862,2026-01-21,37960,GBP,INFLOW,Manchester United Industries,4040,Customer payment received,BA007
CJ-004863,2026-01-21,15511,GBP,INFLOW,London Financial Services,1220,Service fee payment,BA006
CJ-004864,2026-01-21,42096,GBP,INFLOW,Cardiff Construction Ltd,4040,Product sales revenue,BA007
CJ-004865,2026-01-21,15796,GBP,OUTFLOW,AstraZeneca PLC,2020,Utilities payment,BA006
CJ-004866,2026-01-22,147142,USD,INFLOW,Western Digital Corp,4000,Product sales revenue,BA002
CJ-004867,2026-01-22,132517,USD,INFLOW,Midwest Manufacturing,4010,Service fee payment,BA003
CJ-004868,2026-01-22,100817,USD,INFLOW,Midwest Agribusiness,4010,License renewal payment,BA002
CJ-004869,2026-01-22,96024,USD,INFLOW,Midwest Agribusiness,4010,Consulting services payment,BA001
CJ-004870,2026-01-22,108086,USD,OUTFLOW,Office Depot,6400,Maintenance services,BA003
CJ-004871,2026-01-22,95281,USD,OUTFLOW,KPMG LLP,2000,Maintenance services,BA003
CJ-004872,2026-01-22,118912,USD,OUTFLOW,EY Global,6100,Maintenance services,BA003
CJ-004873,2026-01-22,89922,USD,OUTFLOW,Salesforce Inc,6000,Vendor payment,BA002
CJ-004874,2026-01-22,102676,USD,OUTFLOW,Microsoft Corp,6400,Service provider payment,BA002
CJ-004875,2026-01-22,81471,USD,OUTFLOW,Adobe Systems,6200,Material procurement,BA001
CJ-004876,2026-01-22,55413,EUR,INFLOW,Hamburg Port Services,1210,Product sales revenue,BA004
CJ-004877,2026-01-22,32875,EUR,INFLOW,Milan Industries,1210,Service fee payment,BA004
CJ-004878,2026-01-22,80462,EUR,INFLOW,Frankfurt Solutions,4030,Product sales revenue,BA005
CJ-004879,2026-01-22,34986,EUR,OUTFLOW,Airbus SE,2010,Service provider payment,BA005
CJ-004880,2026-01-22,54196,EUR,OUTFLOW,Deutsche Telekom,5010,Vendor payment,BA004
CJ-004881,2026-01-22,48171,EUR,OUTFLOW,L'Oreal SA,2010,Material procurement,BA005
CJ-004882,2026-01-22,10574,GBP,INFLOW,Cambridge Biotech,4040,Product sales revenue,BA007
CJ-004883,2026-01-22,24142,GBP,OUTFLOW,British Gas,6200,Utilities payment,BA006
CJ-004884,2026-01-22,14409,GBP,OUTFLOW,British Gas,6200,Service provider payment,BA007
CJ-004885,2026-01-22,17000,GBP,OUTFLOW,Rolls-Royce Holdings,2020,Vendor payment,BA007
CJ-004886,2026-01-23,110275,USD,INFLOW,Northeast Industries,1200,Product sales revenue,BA001
CJ-004887,2026-01-23,101743,USD,INFLOW,Coastal Shipping USA,1200,Service fee payment,BA001
CJ-004888,2026-01-23,78749,USD,OUTFLOW,Microsoft Corp,6200,Vendor payment,BA001
CJ-004889,2026-01-23,55289,USD,OUTFLOW,Waste Management Inc,6400,Vendor payment,BA002
CJ-004890,2026-01-23,76776,USD,OUTFLOW,Honeywell International,6400,Vendor payment,BA002
CJ-004891,2026-01-23,54269,USD,OUTFLOW,EY Global,2000,Professional services,BA003
CJ-004892,2026-01-23,60261,USD,OUTFLOW,Workday Inc,5000,Maintenance services,BA002
CJ-004893,2026-01-23,42954,EUR,INFLOW,FranceTech SA,1210,Customer payment received,BA004
CJ-004894,2026-01-23,41592,EUR,INFLOW,Frankfurt Solutions,4020,Product sales revenue,BA005
CJ-004895,2026-01-23,36684,EUR,OUTFLOW,BASF SE,5010,Service provider payment,BA004
CJ-004896,2026-01-23,12048,GBP,INFLOW,Scottish Energy Solutions,4040,Product sales revenue,BA006
CJ-004897,2026-01-23,13890,GBP,OUTFLOW,BP Energy,6200,Service provider payment,BA007
CJ-004898,2026-01-26,94418,USD,INFLOW,American Logistics Inc,4000,Consulting services payment,BA001
CJ-004899,2026-01-26,77384,USD,INFLOW,Sunrise Technologies,1200,Product sales revenue,BA003
CJ-004900,2026-01-26,80605,USD,INFLOW,Continental Systems,1200,Consulting services payment,BA003
CJ-004901,2026-01-26,125651,USD,OUTFLOW,Microsoft Corp,6300,Professional services,BA003
CJ-004902,2026-01-26,129869,USD,OUTFLOW,Salesforce Inc,6200,Utilities payment,BA001
CJ-004903,2026-01-26,152212,USD,OUTFLOW,AT&T Services,6200,Vendor payment,BA003
CJ-004904,2026-01-26,103872,USD,OUTFLOW,Oracle Corp,6200,Professional services,BA003
CJ-004905,2026-01-26,119723,USD,OUTFLOW,Amazon Web Services,6100,Material procurement,BA001
CJ-004906,2026-01-26,53428,EUR,INFLOW,Stuttgart Engineering,4020,Service fee payment,BA004
CJ-004907,2026-01-26,70630,EUR,INFLOW,AutoMotive Industries GmbH,1210,Consulting revenue,BA005
CJ-004908,2026-01-26,38044,EUR,INFLOW,Frankfurt Solutions,4020,Customer payment received,BA005
CJ-004909,2026-01-26,61724,EUR,INFLOW,Milan Industries,4020,Consulting revenue,BA005
CJ-004910,2026-01-26,36405,EUR,OUTFLOW,Schneider Electric,5010,Material procurement,BA005
CJ-004911,2026-01-26,56011,EUR,OUTFLOW,RWE Energy,2010,Equipment rental,BA005
CJ-004912,2026-01-26,73909,EUR,OUTFLOW,L'Oreal SA,2010,Vendor payment,BA004
CJ-004913,2026-01-26,74089,EUR,OUTFLOW,Bosch Group,2010,Material procurement,BA004
CJ-004914,2026-01-26,82601,EUR,OUTFLOW,ThyssenKrupp AG,2010,Equipment rental,BA005
CJ-004915,2026-01-26,48336,EUR,OUTFLOW,SAP SE,5010,Material procurement,BA005
CJ-004916,2026-01-26,17414,GBP,INFLOW,London Financial Services,1220,Service fee payment,BA007
CJ-004917,2026-01-26,28751,GBP,INFLOW,Manchester United Industries,4040,Customer payment received,BA007
CJ-004918,2026-01-26,8944,GBP,INFLOW,Bristol Aerospace,1220,Product sales revenue,BA007
CJ-004919,2026-01-26,11714,GBP,OUTFLOW,Vodafone Group,2020,Utilities payment,BA007
CJ-004920,2026-01-26,34226,GBP,OUTFLOW,Royal Mail,2020,Service provider payment,BA007
CJ-004921,2026-01-26,21842,GBP,OUTFLOW,British Gas,2020,Utilities payment,BA007
CJ-004922,2026-01-26,42145,GBP,OUTFLOW,British Gas,2020,Vendor payment,BA007
CJ-004923,2026-01-27,161974,USD,INFLOW,Western Digital Corp,4010,Product sales revenue,BA003
CJ-004924,2026-01-27,115640,USD,INFLOW,Continental Systems,4010,Consulting services payment,BA003
CJ-004925,2026-01-27,195403,USD,INFLOW,Southern Manufacturing,4010,License renewal payment,BA002
CJ-004926,2026-01-27,178647,USD,INFLOW,Southern Manufacturing,1200,Customer payment received,BA001
CJ-004927,2026-01-27,151591,USD,INFLOW,TechGlobal Solutions,1200,Customer payment received,BA001
CJ-004928,2026-01-27,111055,USD,INFLOW,Southern Manufacturing,1200,Customer payment received,BA002
CJ-004929,2026-01-27,186963,USD,INFLOW,Western Digital Corp,1200,Consulting services payment,BA003
CJ-004930,2026-01-27,159790,USD,INFLOW,Sunbelt Energy Corp,1200,Product sales revenue,BA002
CJ-004931,2026-01-27,79761,USD,OUTFLOW,Deloitte Consulting,6100,Vendor payment,BA002
CJ-004932,2026-01-27,70729,USD,OUTFLOW,Oracle Corp,2000,Maintenance services,BA002
CJ-004933,2026-01-27,99693,USD,OUTFLOW,Deloitte Consulting,6200,Maintenance services,BA002
CJ-004934,2026-01-27,112942,USD,OUTFLOW,Amazon Web Services,6000,Material procurement,BA002
CJ-004935,2026-01-27,85544,EUR,INFLOW,Munich Automotive,1210,Product sales revenue,BA005
CJ-004936,2026-01-27,60178,EUR,INFLOW,Vienna Tech GmbH,4030,Customer payment received,BA005
CJ-004937,2026-01-27,49499,EUR,INFLOW,EuroTech Solutions,4020,Service fee payment,BA004
CJ-004938,2026-01-27,40023,EUR,INFLOW,Vienna Tech GmbH,4020,Customer payment received,BA004
CJ-004939,2026-01-27,48282,EUR,INFLOW,Frankfurt Solutions,4030,Service fee payment,BA005
CJ-004940,2026-01-27,31807,EUR,OUTFLOW,ThyssenKrupp AG,5010,Material procurement,BA004
CJ-004941,2026-01-27,21557,EUR,OUTFLOW,Siemens AG,6300,Service provider payment,BA005
CJ-004942,2026-01-27,22728,EUR,OUTFLOW,SAP SE,2010,Equipment rental,BA005
CJ-004943,2026-01-27,47651,GBP,INFLOW,Highland Manufacturing,1220,Product sales revenue,BA006
CJ-004944,2026-01-27,27445,GBP,INFLOW,Cambridge Biotech,4040,Service fee payment,BA007
CJ-004945,2026-01-27,36016,GBP,INFLOW,Cardiff Construction Ltd,4040,Service fee payment,BA006
CJ-004946,2026-01-27,37974,GBP,INFLOW,Metropolitan Transit,4040,Product sales revenue,BA007
CJ-004947,2026-01-27,24236,GBP,INFLOW,British Retail Group,1220,Service fee payment,BA006
CJ-004948,2026-01-27,28083,GBP,OUTFLOW,Vodafone Group,6200,Service provider payment,BA007
CJ-004949,2026-01-28,103909,USD,INFLOW,Global Pharma Corp,4000,Service fee payment,BA003
CJ-004950,2026-01-28,140534,USD,INFLOW,Atlantic Corp,4010,Product sales revenue,BA002
CJ-004951,2026-01-28,113008,USD,INFLOW,Global Pharma Corp,4010,Consulting services payment,BA003
CJ-004952,2026-01-28,164922,USD,INFLOW,MegaCorp USA,4000,Consulting services payment,BA001
CJ-004953,2026-01-28,170504,USD,INFLOW,Southern Manufacturing,4010,Customer payment received,BA002
CJ-004954,2026-01-28,104218,USD,INFLOW,National Services LLC,4000,Service fee payment,BA002
CJ-004955,2026-01-28,71321,USD,OUTFLOW,Salesforce Inc,5000,Utilities payment,BA002
CJ-004956,2026-01-28,96948,USD,OUTFLOW,IBM Corp,6000,Service provider payment,BA002
CJ-004957,2026-01-28,84464,USD,OUTFLOW,Accenture PLC,2000,Professional services,BA002
CJ-004958,2026-01-28,99802,USD,OUTFLOW,3M Company,6300,Vendor payment,BA003
CJ-004959,2026-01-28,71469,USD,OUTFLOW,Waste Management Inc,2000,Maintenance services,BA002
CJ-004960,2026-01-28,71057,EUR,INFLOW,Munich Automotive,4020,Consulting revenue,BA004
CJ-004961,2026-01-28,89209,EUR,INFLOW,Nordic Energy AS,1210,Product sales revenue,BA005
CJ-004962,2026-01-28,41384,EUR,INFLOW,Milan Industries,4020,Service fee payment,BA004
CJ-004963,2026-01-28,47115,EUR,OUTFLOW,Volkswagen AG,5010,Vendor payment,BA004
CJ-004964,2026-01-28,51413,EUR,OUTFLOW,Bosch Group,2010,Service provider payment,BA004
CJ-004965,2026-01-28,15184,GBP,INFLOW,British Retail Group,4040,Customer payment received,BA006
CJ-004966,2026-01-28,47311,GBP,INFLOW,Manchester United Industries,1220,Customer payment received,BA007
CJ-004967,2026-01-28,21674,GBP,INFLOW,Scottish Energy Solutions,4040,Customer payment received,BA006
CJ-004968,2026-01-28,22574,GBP,OUTFLOW,BAE Systems,2020,Utilities payment,BA006
CJ-004969,2026-01-28,13974,GBP,OUTFLOW,BAE Systems,2020,Service provider payment,BA007
CJ-004970,2026-01-29,85586,USD,INFLOW,TransAtlantic Shipping,1200,Service fee payment,BA003
CJ-004971,2026-01-29,126339,USD,INFLOW,Southern Manufacturing,4010,License renewal payment,BA002
CJ-004972,2026-01-29,132185,USD,INFLOW,Pacific Trading Corp,1200,Product sales revenue,BA002
CJ-004973,2026-01-29,95011,USD,INFLOW,Sunrise Technologies,1200,Consulting services payment,BA002
CJ-004974,2026-01-29,105905,USD,INFLOW,Western Digital Corp,4010,Service fee payment,BA003
CJ-004975,2026-01-29,157395,USD,OUTFLOW,Microsoft Corp,2000,Utilities payment,BA002
CJ-004976,2026-01-29,161627,USD,OUTFLOW,VMware Inc,6200,Material procurement,BA002
CJ-004977,2026-01-29,94031,USD,OUTFLOW,VMware Inc,5000,Maintenance services,BA001
CJ-004978,2026-01-29,167199,USD,OUTFLOW,Accenture PLC,5000,Maintenance services,BA003
CJ-004979,2026-01-29,124233,USD,OUTFLOW,Workday Inc,6400,Material procurement,BA001
CJ-004980,2026-01-29,51001,EUR,INFLOW,Milan Industries,4030,Consulting revenue,BA005
CJ-004981,2026-01-29,83119,EUR,INFLOW,FranceTech SA,4020,Customer payment received,BA004
CJ-004982,2026-01-29,35789,EUR,OUTFLOW,Lufthansa AG,5010,Vendor payment,BA005
CJ-004983,2026-01-29,33558,EUR,OUTFLOW,Schneider Electric,5010,Vendor payment,BA005
CJ-004984,2026-01-29,48844,EUR,OUTFLOW,Deutsche Post,2010,Equipment rental,BA005
CJ-004985,2026-01-29,69738,EUR,OUTFLOW,Siemens AG,5010,Service provider payment,BA004
CJ-004986,2026-01-29,51193,EUR,OUTFLOW,Lufthansa AG,5010,Service provider payment,BA005
CJ-004987,2026-01-29,50316,EUR,OUTFLOW,Deutsche Telekom,6300,Service provider payment,BA004
CJ-004988,2026-01-29,27844,GBP,INFLOW,Cambridge Biotech,4040,Service fee payment,BA007
CJ-004989,2026-01-29,25348,GBP,INFLOW,Metropolitan Transit,4040,Product sales revenue,BA006
CJ-004990,2026-01-29,20770,GBP,INFLOW,Scottish Energy Solutions,4040,Product sales revenue,BA006
CJ-004991,2026-01-29,19452,GBP,OUTFLOW,BAE Systems,6200,Utilities payment,BA007
CJ-004992,2026-01-29,31484,GBP,OUTFLOW,Tesco PLC,6200,Utilities payment,BA006
CJ-004993,2026-01-29,16702,GBP,OUTFLOW,Royal Mail,6200,Utilities payment,BA007
CJ-004994,2026-01-29,18809,GBP,OUTFLOW,Sainsbury's,2020,Utilities payment,BA006
CJ-004995,2026-01-30,86129,USD,INFLOW,Atlantic Corp,1200,Customer payment received,BA001
CJ-004996,2026-01-30,102752,USD,INFLOW,Sunrise Technologies,4000,Service fee payment,BA003
CJ-004997,2026-01-30,115830,USD,INFLOW,Sunrise Technologies,4000,Product sales revenue,BA001
CJ-004998,2026-01-30,87019,USD,INFLOW,Midwest Manufacturing,4010,Product sales revenue,BA002
CJ-004999,2026-01-30,77621,USD,OUTFLOW,Amazon Web Services,5000,Material procurement,BA002
CJ-005000,2026-01-30,93975,USD,OUTFLOW,KPMG LLP,6200,Service provider payment,BA001
CJ-005001,2026-01-30,80460,USD,OUTFLOW,KPMG LLP,5000,Utilities payment,BA002
CJ-005002,2026-01-30,96199,USD,OUTFLOW,Caterpillar Inc,6400,Service provider payment,BA001
CJ-005003,2026-01-30,94787,USD,OUTFLOW,Accenture PLC,2000,Service provider payment,BA001
CJ-005004,2026-01-30,89031,USD,OUTFLOW,EY Global,6400,Utilities payment,BA001
CJ-005005,2026-01-30,121703,USD,OUTFLOW,EY Global,6300,Material procurement,BA002
CJ-005006,2026-01-30,35176,EUR,INFLOW,AutoMotive Industries GmbH,1210,Product sales revenue,BA005
CJ-005007,2026-01-30,57354,EUR,INFLOW,Rhine Logistics AG,4020,Consulting revenue,BA004
CJ-005008,2026-01-30,24348,EUR,INFLOW,ACME Corp,4020,Consulting revenue,BA004
CJ-005009,2026-01-30,61035,EUR,OUTFLOW,SAP SE,6300,Service provider payment,BA004
CJ-005010,2026-01-30,25008,EUR,OUTFLOW,Schneider Electric,6300,Material procurement,BA005
CJ-005011,2026-01-30,63184,EUR,OUTFLOW,Lufthansa AG,6300,Vendor payment,BA005
CJ-005012,2026-01-30,60990,EUR,OUTFLOW,Capgemini SE,5010,Material procurement,BA005
CJ-005013,2026-01-30,25866,GBP,INFLOW,Highland Manufacturing,4040,Customer payment received,BA006
CJ-005014,2026-01-30,27793,GBP,INFLOW,Westminster Holdings,1220,Product sales revenue,BA007
CJ-005015,2026-01-30,26062,GBP,OUTFLOW,AstraZeneca PLC,6200,Service provider payment,BA006
CJ-005016,2026-01-30,12199,GBP,OUTFLOW,Tesco PLC,6200,Utilities payment,BA007
CJ-005017,2026-02-02,150529,USD,INFLOW,TechGlobal Solutions,1200,Consulting services payment,BA001
CJ-005018,2026-02-02,153763,USD,INFLOW,Sunbelt Energy Corp,1200,Service fee payment,BA002
CJ-005019,2026-02-02,157523,USD,INFLOW,Central Systems Inc,1200,Customer payment received,BA003
CJ-005020,2026-02-02,108593,USD,INFLOW,Sunbelt Energy Corp,1200,Service fee payment,BA002
CJ-005021,2026-02-02,129342,USD,INFLOW,American Logistics Inc,4010,Product sales revenue,BA001
CJ-005022,2026-02-02,117850,USD,OUTFLOW,Deloitte Consulting,2000,Service provider payment,BA002
CJ-005023,2026-02-02,115275,USD,OUTFLOW,Salesforce Inc,6200,Professional services,BA002
CJ-005024,2026-02-02,155875,USD,OUTFLOW,General Electric,6200,Vendor payment,BA001
CJ-005025,2026-02-02,112159,USD,OUTFLOW,Salesforce Inc,6000,Maintenance services,BA002
CJ-005026,2026-02-02,118533,USD,OUTFLOW,Salesforce Inc,6200,Material procurement,BA002
CJ-005027,2026-02-02,139811,USD,OUTFLOW,Amazon Web Services,6000,Professional services,BA003
CJ-005028,2026-02-02,90669,USD,OUTFLOW,Adobe Systems,2000,Service provider payment,BA003
CJ-005029,2026-02-02,71768,EUR,INFLOW,Nordic Energy AS,1210,Product sales revenue,BA005
CJ-005030,2026-02-02,55543,EUR,INFLOW,Vienna Tech GmbH,1210,Service fee payment,BA004
CJ-005031,2026-02-02,86829,EUR,INFLOW,ACME Corp,1210,Customer payment received,BA004
CJ-005032,2026-02-02,52312,EUR,INFLOW,Siemens Digital Industries,4030,Product sales revenue,BA005
CJ-005033,2026-02-02,36779,EUR,OUTFLOW,BASF SE,6300,Vendor payment,BA005
CJ-005034,2026-02-02,43741,EUR,OUTFLOW,Bosch Group,6300,Equipment rental,BA004
CJ-005035,2026-02-02,63538,EUR,OUTFLOW,Siemens AG,2010,Vendor payment,BA005
CJ-005036,2026-02-02,31953,EUR,OUTFLOW,Lufthansa AG,5010,Vendor payment,BA004
CJ-005037,2026-02-02,84618,EUR,OUTFLOW,RWE Energy,6300,Vendor payment,BA005
CJ-005038,2026-02-02,46974,EUR,OUTFLOW,L'Oreal SA,6300,Material procurement,BA004
CJ-005039,2026-02-02,44089,GBP,INFLOW,Edinburgh Systems,4040,Service fee payment,BA007
CJ-005040,2026-02-02,12226,GBP,INFLOW,Manchester United Industries,1220,Customer payment received,BA007
CJ-005041,2026-02-02,13019,GBP,INFLOW,Cambridge Biotech,1220,Service fee payment,BA006
CJ-005042,2026-02-02,22611,GBP,OUTFLOW,Unilever PLC,6200,Vendor payment,BA007
CJ-005043,2026-02-02,23474,GBP,OUTFLOW,Rolls-Royce Holdings,6200,Vendor payment,BA006
CJ-005044,2026-02-02,13217,GBP,OUTFLOW,Royal Mail,2020,Service provider payment,BA006
CJ-005045,2026-02-02,33768,GBP,OUTFLOW,BP Energy,6200,Vendor payment,BA006
CJ-005046,2026-02-03,192872,USD,INFLOW,Coastal Shipping USA,1200,Service fee payment,BA003
CJ-005047,2026-02-03,232354,USD,INFLOW,Sunbelt Energy Corp,4010,Product sales revenue,BA002
CJ-005048,2026-02-03,247950,USD,INFLOW,MegaCorp USA,1200,Consulting services payment,BA003
CJ-005049,2026-02-03,179193,USD,INFLOW,Global Pharma Corp,1200,Product sales revenue,BA003
CJ-005050,2026-02-03,203487,USD,INFLOW,Midwest Manufacturing,4010,Consulting services payment,BA002
CJ-005051,2026-02-03,139226,USD,INFLOW,Western Digital Corp,4000,Customer payment received,BA001
CJ-005052,2026-02-03,241877,USD,INFLOW,Coastal Shipping USA,4000,Customer payment received,BA002
CJ-005053,2026-02-03,222716,USD,INFLOW,Continental Systems,4000,Product sales revenue,BA003
CJ-005054,2026-02-03,76603,USD,OUTFLOW,Caterpillar Inc,6200,Material procurement,BA003
CJ-005055,2026-02-03,85460,USD,OUTFLOW,AT&T Services,6300,Professional services,BA003
CJ-005056,2026-02-03,101203,USD,OUTFLOW,Microsoft Corp,6200,Maintenance services,BA003
CJ-005057,2026-02-03,57417,EUR,INFLOW,EuroTech Solutions,1210,Product sales revenue,BA004
CJ-005058,2026-02-03,62293,EUR,INFLOW,Berlin Analytics GmbH,4020,Service fee payment,BA004
CJ-005059,2026-02-03,108939,EUR,INFLOW,Frankfurt Solutions,4020,Service fee payment,BA005
CJ-005060,2026-02-03,89080,EUR,INFLOW,ACME Corp,4030,Product sales revenue,BA005
CJ-005061,2026-02-03,130410,EUR,INFLOW,ACME Corp,4020,Customer payment - received late,BA004
CJ-005062,2026-02-03,134712,EUR,INFLOW,Berlin Analytics GmbH,4030,Service fee payment,BA005
CJ-005063,2026-02-03,41064,EUR,OUTFLOW,Deutsche Telekom,2010,Material procurement,BA005
CJ-005064,2026-02-03,42501,EUR,OUTFLOW,Siemens AG,6300,Service provider payment,BA004
CJ-005065,2026-02-03,24632,GBP,INFLOW,British Retail Group,4040,Service fee payment,BA007
CJ-005066,2026-02-03,53971,GBP,INFLOW,British Retail Group,4040,Product sales revenue,BA007
CJ-005067,2026-02-03,23879,GBP,INFLOW,Scottish Energy Solutions,4040,Customer payment received,BA007
CJ-005068,2026-02-03,60332,GBP,INFLOW,Cambridge Biotech,1220,Service fee payment,BA006
CJ-005069,2026-02-03,64283,GBP,INFLOW,British Retail Group,4040,Product sales revenue,BA006
CJ-005070,2026-02-03,46447,GBP,INFLOW,London Financial Services,4040,Customer payment received,BA007
CJ-005071,2026-02-03,52444,GBP,INFLOW,Edinburgh Systems,1220,Product sales revenue,BA007
CJ-005072,2026-02-03,26935,GBP,OUTFLOW,Shell Energy,2020,Service provider payment,BA007
CJ-005073,2026-02-03,25420,GBP,OUTFLOW,BP Energy,2020,Utilities payment,BA007
CJ-005074,2026-02-04,142064,USD,INFLOW,Midwest Agribusiness,4010,Product sales revenue,BA001
CJ-005075,2026-02-04,128905,USD,INFLOW,American Logistics Inc,4000,Customer payment received,BA001
CJ-005076,2026-02-04,168731,USD,INFLOW,American Logistics Inc,1200,Consulting services payment,BA003
CJ-005077,2026-02-04,110261,USD,INFLOW,Southern Manufacturing,4010,Product sales revenue,BA002
CJ-005078,2026-02-04,147963,USD,INFLOW,American Logistics Inc,4010,Customer payment received,BA003
CJ-005079,2026-02-04,91798,USD,OUTFLOW,Staples Inc,6300,Maintenance services,BA001
CJ-005080,2026-02-04,72102,USD,OUTFLOW,VMware Inc,6200,Vendor payment,BA003
CJ-005081,2026-02-04,96335,USD,OUTFLOW,Oracle Corp,6200,Utilities payment,BA002
CJ-005082,2026-02-04,106283,USD,OUTFLOW,General Electric,6200,Material procurement,BA002
CJ-005083,2026-02-04,73863,USD,OUTFLOW,Cisco Systems,6400,Service provider payment,BA003
CJ-005084,2026-02-04,103712,USD,OUTFLOW,Adobe Systems,6300,Maintenance services,BA002
CJ-005085,2026-02-04,63205,EUR,INFLOW,FranceTech SA,4020,Service fee payment,BA004
CJ-005086,2026-02-04,71875,EUR,INFLOW,ACME Corp,4020,Service fee payment,BA004
CJ-005087,2026-02-04,69567,EUR,INFLOW,Nordic Energy AS,1210,Consulting revenue,BA005
CJ-005088,2026-02-04,87614,EUR,INFLOW,Vienna Tech GmbH,4020,Service fee payment,BA005
CJ-005089,2026-02-04,51535,EUR,INFLOW,Hamburg Port Services,4020,Service fee payment,BA005
CJ-005090,2026-02-04,50739,EUR,OUTFLOW,BASF SE,6300,Vendor payment,BA005
CJ-005091,2026-02-04,49594,EUR,OUTFLOW,BASF SE,5010,Material procurement,BA005
CJ-005092,2026-02-04,39125,GBP,INFLOW,Manchester United Industries,4040,Service fee payment,BA006
CJ-005093,2026-02-04,31266,GBP,INFLOW,London Financial Services,1220,Customer payment received,BA006
CJ-005094,2026-02-04,21339,GBP,INFLOW,Metropolitan Transit,4040,Customer payment received,BA006
CJ-005095,2026-02-04,44299,GBP,INFLOW,Manchester United Industries,4040,Service fee payment,BA007
CJ-005096,2026-02-04,26111,GBP,OUTFLOW,Rolls-Royce Holdings,2020,Vendor payment,BA006
CJ-005097,2026-02-05,141325,USD,INFLOW,Western Digital Corp,4000,License renewal payment,BA002
CJ-005098,2026-02-05,89841,USD,INFLOW,Global Pharma Corp,4010,Consulting services payment,BA001
CJ-005099,2026-02-05,107056,USD,INFLOW,American Logistics Inc,1200,Service fee payment,BA001
CJ-005100,2026-02-05,88188,USD,INFLOW,Sunrise Technologies,1200,Consulting services payment,BA002
CJ-005101,2026-02-05,154450,USD,INFLOW,Sunrise Technologies,4010,Customer payment received,BA001
CJ-005102,2026-02-05,147586,USD,INFLOW,MegaCorp USA,1200,Customer payment received,BA001
CJ-005103,2026-02-05,126750,USD,OUTFLOW,General Electric,6000,Professional services,BA003
CJ-005104,2026-02-05,85007,USD,OUTFLOW,Deloitte Consulting,2000,Professional services,BA002
CJ-005105,2026-02-05,74013,USD,OUTFLOW,Adobe Systems,2000,Professional services,BA001
CJ-005106,2026-02-05,80298,USD,OUTFLOW,3M Company,6000,Vendor payment,BA001
CJ-005107,2026-02-05,76973,USD,OUTFLOW,Oracle Corp,6000,Material procurement,BA002
CJ-005108,2026-02-05,93588,USD,OUTFLOW,IBM Corp,6300,Service provider payment,BA002
CJ-005109,2026-02-05,47030,EUR,INFLOW,EuroTech Solutions,4020,Consulting revenue,BA004
CJ-005110,2026-02-05,57302,EUR,INFLOW,Milan Industries,4030,Customer payment received,BA005
CJ-005111,2026-02-05,51817,EUR,OUTFLOW,Schneider Electric,5010,Equipment rental,BA004
CJ-005112,2026-02-05,61862,EUR,OUTFLOW,Schneider Electric,5010,Service provider payment,BA005
CJ-005113,2026-02-05,28759,EUR,OUTFLOW,Allianz SE,2010,Vendor payment,BA005
CJ-005114,2026-02-05,22821,EUR,OUTFLOW,SAP SE,6300,Material procurement,BA005
CJ-005115,2026-02-05,31978,GBP,INFLOW,Cambridge Biotech,1220,Service fee payment,BA007
CJ-005116,2026-02-05,13975,GBP,OUTFLOW,Royal Mail,6200,Utilities payment,BA006
CJ-005117,2026-02-06,83079,USD,INFLOW,National Services LLC,4010,Product sales revenue,BA001
CJ-005118,2026-02-06,94319,USD,INFLOW,Sunbelt Energy Corp,1200,License renewal payment,BA001
CJ-005119,2026-02-06,73688,USD,OUTFLOW,KPMG LLP,6300,Vendor payment,BA001
CJ-005120,2026-02-06,62439,USD,OUTFLOW,Workday Inc,6200,Vendor payment,BA002
CJ-005121,2026-02-06,95413,USD,OUTFLOW,Waste Management Inc,6000,Material procurement,BA001
CJ-005122,2026-02-06,100098,USD,OUTFLOW,Workday Inc,5000,Professional services,BA001
CJ-005123,2026-02-06,26195,EUR,INFLOW,Nordic Energy AS,4020,Consulting revenue,BA004
CJ-005124,2026-02-06,60752,EUR,INFLOW,Vienna Tech GmbH,1210,Product sales revenue,BA004
CJ-005125,2026-02-06,23808,EUR,INFLOW,Munich Automotive,1210,Product sales revenue,BA004
CJ-005126,2026-02-06,24756,EUR,OUTFLOW,Allianz SE,6300,Material procurement,BA005
CJ-005127,2026-02-06,27098,EUR,OUTFLOW,Deutsche Post,5010,Service provider payment,BA004
CJ-005128,2026-02-06,32337,EUR,OUTFLOW,BASF SE,5010,Material procurement,BA005
CJ-005129,2026-02-06,15276,GBP,INFLOW,Metropolitan Transit,4040,Service fee payment,BA007
CJ-005130,2026-02-06,10007,GBP,OUTFLOW,Shell Energy,6200,Utilities payment,BA006
CJ-005131,2026-02-09,96283,USD,INFLOW,Global Pharma Corp,1200,Consulting services payment,BA001
CJ-005132,2026-02-09,127332,USD,INFLOW,Coastal Shipping USA,4000,License renewal payment,BA003
CJ-005133,2026-02-09,116294,USD,INFLOW,Atlantic Corp,4010,Product sales revenue,BA001
CJ-005134,2026-02-09,93279,USD,INFLOW,Atlantic Corp,4010,Product sales revenue,BA001
CJ-005135,2026-02-09,87043,USD,OUTFLOW,Microsoft Corp,6000,Maintenance services,BA001
CJ-005136,2026-02-09,98291,USD,OUTFLOW,AT&T Services,6400,Utilities payment,BA003
CJ-005137,2026-02-09,147038,USD,OUTFLOW,AT&T Services,6100,Service provider payment,BA003
CJ-005138,2026-02-09,163323,USD,OUTFLOW,Cisco Systems,5000,Vendor payment,BA003
CJ-005139,2026-02-09,162088,USD,OUTFLOW,Verizon Business,6200,Service provider payment,BA002
CJ-005140,2026-02-09,87558,USD,OUTFLOW,Amazon Web Services,6400,Maintenance services,BA001
CJ-005141,2026-02-09,100809,USD,OUTFLOW,3M Company,2000,Vendor payment,BA003
CJ-005142,2026-02-09,31883,EUR,INFLOW,Deutsche Industrial AG,1210,Customer payment received,BA005
CJ-005143,2026-02-09,66291,EUR,INFLOW,FranceTech SA,4030,Consulting revenue,BA005
CJ-005144,2026-02-09,66482,EUR,OUTFLOW,Airbus SE,5010,Service provider payment,BA004
CJ-005145,2026-02-09,61964,EUR,OUTFLOW,Schneider Electric,5010,Equipment rental,BA004
CJ-005146,2026-02-09,38275,EUR,OUTFLOW,Airbus SE,5010,Equipment rental,BA004
CJ-005147,2026-02-09,67267,EUR,OUTFLOW,Capgemini SE,5010,Material procurement,BA004
CJ-005148,2026-02-09,70836,EUR,OUTFLOW,BASF SE,6300,Material procurement,BA004
CJ-005149,2026-02-09,23067,GBP,INFLOW,London Financial Services,4040,Service fee payment,BA007
CJ-005150,2026-02-09,33915,GBP,INFLOW,Highland Manufacturing,4040,Service fee payment,BA007
CJ-005151,2026-02-09,29399,GBP,OUTFLOW,British Gas,2020,Utilities payment,BA006
CJ-005152,2026-02-09,19799,GBP,OUTFLOW,BT Group,2020,Service provider payment,BA007
CJ-005153,2026-02-09,29171,GBP,OUTFLOW,BAE Systems,6200,Vendor payment,BA007
CJ-005154,2026-02-10,153625,USD,INFLOW,Atlantic Corp,1200,Service fee payment,BA001
CJ-005155,2026-02-10,114418,USD,INFLOW,MegaCorp USA,4010,Customer payment received,BA003
CJ-005156,2026-02-10,153299,USD,INFLOW,Continental Systems,1200,License renewal payment,BA003
CJ-005157,2026-02-10,171748,USD,INFLOW,TransAtlantic Shipping,4010,Consulting services payment,BA003
CJ-005158,2026-02-10,186124,USD,INFLOW,Global Pharma Corp,1200,License renewal payment,BA003
CJ-005159,2026-02-10,192350,USD,INFLOW,Central Systems Inc,1200,Customer payment received,BA001
CJ-005160,2026-02-10,179409,USD,INFLOW,Midwest Agribusiness,1200,Customer payment received,BA002
CJ-005161,2026-02-10,107629,USD,INFLOW,MegaCorp USA,1200,Service fee payment,BA002
CJ-005162,2026-02-10,82201,USD,OUTFLOW,Waste Management Inc,6300,Service provider payment,BA002
CJ-005163,2026-02-10,79122,USD,OUTFLOW,Cisco Systems,6000,Vendor payment,BA002
CJ-005164,2026-02-10,80521,USD,OUTFLOW,Salesforce Inc,2000,Utilities payment,BA003
CJ-005165,2026-02-10,52892,EUR,INFLOW,EuroTech Solutions,4020,Consulting revenue,BA005
CJ-005166,2026-02-10,42185,EUR,INFLOW,Nordic Energy AS,4030,Consulting revenue,BA004
CJ-005167,2026-02-10,78415,EUR,INFLOW,Deutsche Industrial AG,4020,Consulting revenue,BA005
CJ-005168,2026-02-10,54805,EUR,INFLOW,Frankfurt Solutions,1210,Service fee payment,BA004
CJ-005169,2026-02-10,86376,EUR,INFLOW,Deutsche Industrial AG,4030,Consulting revenue,BA005
CJ-005170,2026-02-10,39333,EUR,OUTFLOW,Bayer AG,2010,Material procurement,BA004
CJ-005171,2026-02-10,19161,EUR,OUTFLOW,Airbus SE,6300,Service provider payment,BA005
CJ-005172,2026-02-10,34318,EUR,OUTFLOW,SAP SE,2010,Material procurement,BA004
CJ-005173,2026-02-10,41973,EUR,OUTFLOW,Allianz SE,6300,Vendor payment,BA005
CJ-005174,2026-02-10,32095,GBP,INFLOW,Cardiff Construction Ltd,1220,Service fee payment,BA006
CJ-005175,2026-02-10,26589,GBP,INFLOW,Bristol Aerospace,1220,Product sales revenue,BA006
CJ-005176,2026-02-10,27398,GBP,INFLOW,Manchester United Industries,4040,Customer payment received,BA006
CJ-005177,2026-02-10,40293,GBP,INFLOW,Westminster Holdings,1220,Product sales revenue,BA007
CJ-005178,2026-02-10,19079,GBP,OUTFLOW,BAE Systems,6200,Utilities payment,BA006
CJ-005179,2026-02-11,101933,USD,INFLOW,Central Systems Inc,4010,Product sales revenue,BA002
CJ-005180,2026-02-11,152555,USD,INFLOW,TransAtlantic Shipping,1200,Customer payment received,BA001
CJ-005181,2026-02-11,189891,USD,INFLOW,American Logistics Inc,1200,Customer payment received,BA002
CJ-005182,2026-02-11,180296,USD,INFLOW,Continental Systems,4010,Product sales revenue,BA002
CJ-005183,2026-02-11,125093,USD,INFLOW,Atlantic Corp,4000,Service fee payment,BA003
CJ-005184,2026-02-11,164868,USD,INFLOW,Southern Manufacturing,4000,Product sales revenue,BA001
CJ-005185,2026-02-11,105723,USD,INFLOW,American Logistics Inc,4010,Consulting services payment,BA003
CJ-005186,2026-02-11,79820,USD,OUTFLOW,Amazon Web Services,6300,Service provider payment,BA002
CJ-005187,2026-02-11,99828,USD,OUTFLOW,Verizon Business,6200,Material procurement,BA002
CJ-005188,2026-02-11,73042,USD,OUTFLOW,Salesforce Inc,6000,Service provider payment,BA002
CJ-005189,2026-02-11,74492,USD,OUTFLOW,Cisco Systems,5000,Maintenance services,BA001
CJ-005190,2026-02-11,87336,USD,OUTFLOW,3M Company,6100,Service provider payment,BA002
CJ-005191,2026-02-11,55136,EUR,INFLOW,FranceTech SA,4020,Customer payment received,BA005
CJ-005192,2026-02-11,78118,EUR,INFLOW,Stuttgart Engineering,1210,Consulting revenue,BA005
CJ-005193,2026-02-11,96794,EUR,INFLOW,Milan Industries,1210,Customer payment received,BA004
CJ-005194,2026-02-11,79893,EUR,INFLOW,Rhine Logistics AG,4020,Product sales revenue,BA005
CJ-005195,2026-02-11,67719,EUR,INFLOW,Siemens Digital Industries,4020,Consulting revenue,BA004
CJ-005196,2026-02-11,39309,EUR,OUTFLOW,Volkswagen AG,5010,Material procurement,BA004
CJ-005197,2026-02-11,34857,EUR,OUTFLOW,ThyssenKrupp AG,5010,Vendor payment,BA005
CJ-005198,2026-02-11,23783,GBP,INFLOW,London Financial Services,4040,Product sales revenue,BA006
CJ-005199,2026-02-11,48724,GBP,INFLOW,Scottish Energy Solutions,1220,Product sales revenue,BA006
CJ-005200,2026-02-11,31190,GBP,INFLOW,Cambridge Biotech,4040,Customer payment received,BA006
CJ-005201,2026-02-11,48875,GBP,INFLOW,Highland Manufacturing,1220,Product sales revenue,BA007
CJ-005202,2026-02-11,10064,GBP,OUTFLOW,Shell Energy,6200,Utilities payment,BA006
CJ-005203,2026-02-12,151557,USD,INFLOW,Sunbelt Energy Corp,4000,Consulting services payment,BA001
CJ-005204,2026-02-12,152598,USD,INFLOW,National Services LLC,4000,Consulting services payment,BA001
CJ-005205,2026-02-12,88277,USD,INFLOW,Pacific Trading Corp,4010,Service fee payment,BA003
CJ-005206,2026-02-12,115339,USD,INFLOW,MegaCorp USA,4000,Consulting services payment,BA001
CJ-005207,2026-02-12,94768,USD,INFLOW,Sunrise Technologies,1200,License renewal payment,BA001
CJ-005208,2026-02-12,123290,USD,INFLOW,Continental Systems,1200,License renewal payment,BA002
CJ-005209,2026-02-12,98892,USD,OUTFLOW,Workday Inc,6300,Professional services,BA001
CJ-005210,2026-02-12,101556,USD,OUTFLOW,Adobe Systems,2000,Service provider payment,BA001
CJ-005211,2026-02-12,88622,USD,OUTFLOW,IBM Corp,6400,Utilities payment,BA003
CJ-005212,2026-02-12,78292,USD,OUTFLOW,Amazon Web Services,6300,Material procurement,BA002
CJ-005213,2026-02-12,67633,EUR,INFLOW,Frankfurt Solutions,1210,Customer payment received,BA004
CJ-005214,2026-02-12,82336,EUR,INFLOW,Nordic Energy AS,1210,Service fee payment,BA004
CJ-005215,2026-02-12,41896,EUR,OUTFLOW,RWE Energy,5010,Service provider payment,BA005
CJ-005216,2026-02-12,57161,EUR,OUTFLOW,Siemens AG,6300,Material procurement,BA004
CJ-005217,2026-02-12,27021,EUR,OUTFLOW,Bosch Group,6300,Material procurement,BA004
CJ-005218,2026-02-12,52947,EUR,OUTFLOW,BASF SE,2010,Material procurement,BA005
CJ-005219,2026-02-12,27706,GBP,INFLOW,Metropolitan Transit,1220,Service fee payment,BA006
CJ-005220,2026-02-12,26356,GBP,OUTFLOW,Royal Mail,6200,Utilities payment,BA007
CJ-005221,2026-02-12,31114,GBP,OUTFLOW,AstraZeneca PLC,2020,Service provider payment,BA006
CJ-005222,2026-02-13,95283,USD,INFLOW,Sunrise Technologies,4010,Product sales revenue,BA001
CJ-005223,2026-02-13,72131,USD,INFLOW,Northeast Industries,4000,License renewal payment,BA001
CJ-005224,2026-02-13,96798,USD,INFLOW,Southern Manufacturing,4000,Customer payment received,BA003
CJ-005225,2026-02-13,101894,USD,INFLOW,Sunbelt Energy Corp,4010,Consulting services payment,BA002
CJ-005226,2026-02-13,71575,USD,INFLOW,Southern Manufacturing,1200,Service fee payment,BA002
CJ-005227,2026-02-13,60754,USD,OUTFLOW,General Electric,6000,Utilities payment,BA002
CJ-005228,2026-02-13,88892,USD,OUTFLOW,Office Depot,6100,Professional services,BA002
CJ-005229,2026-02-13,95945,USD,OUTFLOW,AT&T Services,6200,Professional services,BA002
CJ-005230,2026-02-13,60979,USD,OUTFLOW,Accenture PLC,6100,Utilities payment,BA002
CJ-005231,2026-02-13,51725,EUR,INFLOW,Deutsche Industrial AG,4020,Service fee payment,BA005
CJ-005232,2026-02-13,43226,EUR,INFLOW,Siemens Digital Industries,1210,Consulting revenue,BA004
CJ-005233,2026-02-13,45031,EUR,OUTFLOW,Capgemini SE,5010,Vendor payment,BA004
CJ-005234,2026-02-13,41172,EUR,OUTFLOW,RWE Energy,6300,Material procurement,BA005
CJ-005235,2026-02-13,22531,EUR,OUTFLOW,L'Oreal SA,6300,Material procurement,BA004
CJ-005236,2026-02-13,29642,GBP,INFLOW,Metropolitan Transit,1220,Product sales revenue,BA007
CJ-005237,2026-02-13,10381,GBP,OUTFLOW,Rolls-Royce Holdings,6200,Vendor payment,BA006
CJ-005238,2026-02-16,75438,USD,INFLOW,Pacific Trading Corp,1200,License renewal payment,BA003
CJ-005239,2026-02-16,120860,USD,INFLOW,National Services LLC,4010,Consulting services payment,BA003
CJ-005240,2026-02-16,98361,USD,INFLOW,Midwest Agribusiness,4010,Product sales revenue,BA003
CJ-005241,2026-02-16,136661,USD,OUTFLOW,KPMG LLP,6100,Professional services,BA003
CJ-005242,2026-02-16,141524,USD,OUTFLOW,IBM Corp,6000,Material procurement,BA003
CJ-005243,2026-02-16,94397,USD,OUTFLOW,Workday Inc,6400,Material procurement,BA003
CJ-005244,2026-02-16,136126,USD,OUTFLOW,Office Depot,2000,Material procurement,BA001
CJ-005245,2026-02-16,127641,USD,OUTFLOW,Amazon Web Services,2000,Maintenance services,BA001
CJ-005246,2026-02-16,94598,USD,OUTFLOW,VMware Inc,6100,Professional services,BA001
CJ-005247,2026-02-16,148355,USD,OUTFLOW,Oracle Corp,5000,Service provider payment,BA002
CJ-005248,2026-02-16,150759,USD,OUTFLOW,3M Company,6100,Maintenance services,BA001
CJ-005249,2026-02-16,62283,EUR,INFLOW,EuroTech Solutions,4030,Consulting revenue,BA004
CJ-005250,2026-02-16,69563,EUR,INFLOW,Nordic Energy AS,1210,Service fee payment,BA005
CJ-005251,2026-02-16,50831,EUR,INFLOW,Stuttgart Engineering,4020,Customer payment received,BA004
CJ-005252,2026-02-16,35660,EUR,OUTFLOW,Bayer AG,2010,Material procurement,BA005
CJ-005253,2026-02-16,59543,EUR,OUTFLOW,Lufthansa AG,5010,Service provider payment,BA005
CJ-005254,2026-02-16,36493,EUR,OUTFLOW,RWE Energy,6300,Material procurement,BA005
CJ-005255,2026-02-16,80562,EUR,OUTFLOW,Bayer AG,2010,Material procurement,BA004
CJ-005256,2026-02-16,38194,EUR,OUTFLOW,Bosch Group,2010,Service provider payment,BA004
CJ-005257,2026-02-16,10309,GBP,INFLOW,Metropolitan Transit,4040,Customer payment received,BA006
CJ-005258,2026-02-16,26144,GBP,OUTFLOW,Tesco PLC,6200,Vendor payment,BA006
CJ-005259,2026-02-16,11630,GBP,OUTFLOW,Sainsbury's,2020,Utilities payment,BA007
CJ-005260,2026-02-16,15700,GBP,OUTFLOW,BT Group,2020,Utilities payment,BA006
CJ-005261,2026-02-16,25358,GBP,OUTFLOW,Tesco PLC,6200,Service provider payment,BA006
CJ-005262,2026-02-16,41122,GBP,OUTFLOW,Sainsbury's,6200,Utilities payment,BA007
CJ-005263,2026-02-17,126218,USD,INFLOW,MegaCorp USA,1200,Service fee payment,BA003
CJ-005264,2026-02-17,133690,USD,INFLOW,Continental Systems,4010,License renewal payment,BA003
CJ-005265,2026-02-17,109512,USD,INFLOW,TechGlobal Solutions,4010,Product sales revenue,BA002
CJ-005266,2026-02-17,137415,USD,INFLOW,Pacific Trading Corp,4000,Customer payment received,BA002
CJ-005267,2026-02-17,107286,USD,INFLOW,Atlantic Corp,4000,Consulting services payment,BA002
CJ-005268,2026-02-17,190221,USD,INFLOW,MegaCorp USA,4000,Consulting services payment,BA003
CJ-005269,2026-02-17,197501,USD,INFLOW,Western Digital Corp,4000,Customer payment received,BA003
CJ-005270,2026-02-17,67432,USD,OUTFLOW,Adobe Systems,6300,Professional services,BA001
CJ-005271,2026-02-17,63563,USD,OUTFLOW,General Electric,6400,Service provider payment,BA001
CJ-005272,2026-02-17,111456,USD,OUTFLOW,Salesforce Inc,6000,Maintenance services,BA002
CJ-005273,2026-02-17,93279,EUR,INFLOW,Frankfurt Solutions,4020,Service fee payment,BA004
CJ-005274,2026-02-17,101715,EUR,INFLOW,ACME Corp,4030,Project milestone payment - delayed,BA004
CJ-005275,2026-02-17,67100,EUR,INFLOW,FranceTech SA,4030,Service fee payment,BA004
CJ-005276,2026-02-17,60878,EUR,INFLOW,Stuttgart Engineering,1210,Product sales revenue,BA004
CJ-005277,2026-02-17,63377,EUR,INFLOW,EuroTech Solutions,1210,Service fee payment,BA004
CJ-005278,2026-02-17,88042,EUR,INFLOW,Siemens Digital Industries,1210,Consulting revenue,BA005
CJ-005279,2026-02-17,22987,EUR,OUTFLOW,Bosch Group,6300,Vendor payment,BA004
CJ-005280,2026-02-17,27578,EUR,OUTFLOW,Bayer AG,6300,Vendor payment,BA005
CJ-005281,2026-02-17,20167,EUR,OUTFLOW,Capgemini SE,2010,Equipment rental,BA004
CJ-005282,2026-02-17,16638,GBP,INFLOW,Highland Manufacturing,4040,Service fee payment,BA006
CJ-005283,2026-02-17,40806,GBP,INFLOW,London Financial Services,1220,Service fee payment,BA006
CJ-005284,2026-02-17,28043,GBP,INFLOW,Highland Manufacturing,4040,Product sales revenue,BA006
CJ-005285,2026-02-17,36120,GBP,INFLOW,Bristol Aerospace,4040,Customer payment received,BA007
CJ-005286,2026-02-17,13503,GBP,OUTFLOW,Royal Mail,2020,Utilities payment,BA007
CJ-005287,2026-02-18,152655,USD,INFLOW,MegaCorp USA,1200,Service fee payment,BA001
CJ-005288,2026-02-18,152431,USD,INFLOW,Continental Systems,1200,Customer payment received,BA001
CJ-005289,2026-02-18,106980,USD,INFLOW,Sunbelt Energy Corp,1200,Consulting services payment,BA003
CJ-005290,2026-02-18,159440,USD,INFLOW,Midwest Agribusiness,1200,Customer payment received,BA001
CJ-005291,2026-02-18,79102,USD,OUTFLOW,AT&T Services,6300,Vendor payment,BA003
CJ-005292,2026-02-18,57804,USD,OUTFLOW,Cisco Systems,2000,Maintenance services,BA003
CJ-005293,2026-02-18,92692,USD,OUTFLOW,Cisco Systems,6000,Maintenance services,BA001
CJ-005294,2026-02-18,105626,USD,OUTFLOW,Workday Inc,5000,Professional services,BA002
CJ-005295,2026-02-18,50581,EUR,INFLOW,FranceTech SA,4030,Consulting revenue,BA004
CJ-005296,2026-02-18,41593,EUR,INFLOW,Stuttgart Engineering,4020,Customer payment received,BA005
CJ-005297,2026-02-18,85711,EUR,INFLOW,Munich Automotive,1210,Customer payment received,BA005
CJ-005298,2026-02-18,53983,EUR,INFLOW,Vienna Tech GmbH,4030,Customer payment received,BA005
CJ-005299,2026-02-18,80944,EUR,INFLOW,AutoMotive Industries GmbH,1210,Consulting revenue,BA004
CJ-005300,2026-02-18,41395,EUR,OUTFLOW,Capgemini SE,6300,Vendor payment,BA005
CJ-005301,2026-02-18,39703,EUR,OUTFLOW,SAP SE,2010,Service provider payment,BA005
CJ-005302,2026-02-18,27920,GBP,INFLOW,Edinburgh Systems,1220,Customer payment received,BA006
CJ-005303,2026-02-18,24881,GBP,INFLOW,Bristol Aerospace,4040,Service fee payment,BA007
CJ-005304,2026-02-18,48289,GBP,INFLOW,Scottish Energy Solutions,1220,Customer payment received,BA006
CJ-005305,2026-02-18,26898,GBP,OUTFLOW,Unilever PLC,2020,Vendor payment,BA007
CJ-005306,2026-02-18,8963,GBP,OUTFLOW,Sainsbury's,2020,Service provider payment,BA007
CJ-005307,2026-02-19,103834,USD,INFLOW,Central Systems Inc,1200,Customer payment received,BA001
CJ-005308,2026-02-19,108978,USD,INFLOW,Southern Manufacturing,4010,License renewal payment,BA002
CJ-005309,2026-02-19,106690,USD,INFLOW,TechGlobal Solutions,1200,Customer payment received,BA001
CJ-005310,2026-02-19,123441,USD,OUTFLOW,Adobe Systems,6000,Professional services,BA002
CJ-005311,2026-02-19,118560,USD,OUTFLOW,Waste Management Inc,5000,Vendor payment,BA001
CJ-005312,2026-02-19,77925,USD,OUTFLOW,IBM Corp,2000,Material procurement,BA002
CJ-005313,2026-02-19,47599,EUR,INFLOW,Munich Automotive,4030,Service fee payment,BA005
CJ-005314,2026-02-19,56905,EUR,INFLOW,ACME Corp,1210,Customer payment - received late,BA005
CJ-005315,2026-02-19,78954,EUR,INFLOW,Berlin Analytics GmbH,4030,Customer payment received,BA004
CJ-005316,2026-02-19,60712,EUR,INFLOW,Munich Automotive,4030,Product sales revenue,BA004
CJ-005317,2026-02-19,53269,EUR,OUTFLOW,RWE Energy,5010,Material procurement,BA004
CJ-005318,2026-02-19,35241,EUR,OUTFLOW,SAP SE,5010,Equipment rental,BA004
CJ-005319,2026-02-19,52876,EUR,OUTFLOW,ThyssenKrupp AG,6300,Equipment rental,BA005
CJ-005320,2026-02-19,34407,EUR,OUTFLOW,RWE Energy,6300,Vendor payment,BA004
CJ-005321,2026-02-19,18641,GBP,INFLOW,London Financial Services,4040,Service fee payment,BA006
CJ-005322,2026-02-19,17943,GBP,OUTFLOW,BP Energy,6200,Vendor payment,BA007
CJ-005323,2026-02-19,29801,GBP,OUTFLOW,Tesco PLC,2020,Vendor payment,BA006
CJ-005324,2026-02-19,18645,GBP,OUTFLOW,Vodafone Group,2020,Service provider payment,BA007
CJ-005325,2026-02-20,99203,USD,INFLOW,Western Digital Corp,4000,Customer payment received,BA001
CJ-005326,2026-02-20,109255,USD,INFLOW,Continental Systems,1200,Service fee payment,BA002
CJ-005327,2026-02-20,99066,USD,INFLOW,Southern Manufacturing,1200,Product sales revenue,BA001
CJ-005328,2026-02-20,108491,USD,INFLOW,Sunrise Technologies,4000,Consulting services payment,BA003
CJ-005329,2026-02-20,95477,USD,INFLOW,TechGlobal Solutions,4010,Consulting services payment,BA003
CJ-005330,2026-02-20,63371,USD,OUTFLOW,Staples Inc,6200,Maintenance services,BA001
CJ-005331,2026-02-20,75326,USD,OUTFLOW,Caterpillar Inc,5000,Vendor payment,BA001
CJ-005332,2026-02-20,86093,USD,OUTFLOW,Office Depot,2000,Utilities payment,BA003
CJ-005333,2026-02-20,64183,USD,OUTFLOW,General Electric,6200,Service provider payment,BA001
CJ-005334,2026-02-20,32506,EUR,INFLOW,Rhine Logistics AG,4030,Consulting revenue,BA004
CJ-005335,2026-02-20,43260,EUR,OUTFLOW,Volkswagen AG,6300,Service provider payment,BA004
CJ-005336,2026-02-20,34852,EUR,OUTFLOW,Deutsche Telekom,5010,Material procurement,BA005
CJ-005337,2026-02-20,34094,EUR,OUTFLOW,Schneider Electric,2010,Vendor payment,BA005
CJ-005338,2026-02-20,27994,GBP,INFLOW,Cardiff Construction Ltd,1220,Product sales revenue,BA006
CJ-005339,2026-02-20,16415,GBP,OUTFLOW,BT Group,6200,Utilities payment,BA006
CJ-005340,2026-02-23,115384,USD,INFLOW,MegaCorp USA,4000,Product sales revenue,BA003
CJ-005341,2026-02-23,108474,USD,INFLOW,Southern Manufacturing,4010,Consulting services payment,BA001
CJ-005342,2026-02-23,127325,USD,INFLOW,Southern Manufacturing,4010,License renewal payment,BA002
CJ-005343,2026-02-23,105460,USD,OUTFLOW,EY Global,5000,Professional services,BA003
CJ-005344,2026-02-23,119971,USD,OUTFLOW,Accenture PLC,6400,Maintenance services,BA003
CJ-005345,2026-02-23,119753,USD,OUTFLOW,AT&T Services,6400,Service provider payment,BA003
CJ-005346,2026-02-23,101282,USD,OUTFLOW,VMware Inc,6100,Material procurement,BA002
CJ-005347,2026-02-23,118789,USD,OUTFLOW,VMware Inc,6400,Service provider payment,BA003
CJ-005348,2026-02-23,134818,USD,OUTFLOW,Cisco Systems,6300,Service provider payment,BA002
CJ-005349,2026-02-23,126826,USD,OUTFLOW,EY Global,5000,Material procurement,BA001
CJ-005350,2026-02-23,44804,EUR,INFLOW,Rhine Logistics AG,4020,Consulting revenue,BA004
CJ-005351,2026-02-23,27721,EUR,INFLOW,ACME Corp,4020,Product sales revenue,BA005
CJ-005352,2026-02-23,34619,EUR,INFLOW,Frankfurt Solutions,4030,Product sales revenue,BA005
CJ-005353,2026-02-23,57729,EUR,OUTFLOW,Bayer AG,5010,Vendor payment,BA005
CJ-005354,2026-02-23,76660,EUR,OUTFLOW,Bosch Group,6300,Service provider payment,BA005
CJ-005355,2026-02-23,82293,EUR,OUTFLOW,RWE Energy,2010,Equipment rental,BA004
CJ-005356,2026-02-23,40123,EUR,OUTFLOW,Deutsche Telekom,5010,Material procurement,BA005
CJ-005357,2026-02-23,13540,GBP,INFLOW,Oxford Research Labs,1220,Customer payment received,BA007
CJ-005358,2026-02-23,30639,GBP,OUTFLOW,Shell Energy,2020,Utilities payment,BA007
CJ-005359,2026-02-23,23287,GBP,OUTFLOW,Unilever PLC,6200,Vendor payment,BA006
CJ-005360,2026-02-23,37057,GBP,OUTFLOW,Shell Energy,2020,Utilities payment,BA007
CJ-005361,2026-02-23,26825,GBP,OUTFLOW,Royal Mail,6200,Service provider payment,BA007
CJ-005362,2026-02-24,176483,USD,INFLOW,Continental Systems,4000,Service fee payment,BA003
CJ-005363,2026-02-24,136487,USD,INFLOW,Global Pharma Corp,1200,Customer payment received,BA003
CJ-005364,2026-02-24,197250,USD,INFLOW,Central Systems Inc,1200,Customer payment received,BA002
CJ-005365,2026-02-24,184147,USD,INFLOW,Northeast Industries,4000,Service fee payment,BA003
CJ-005366,2026-02-24,122336,USD,INFLOW,Sunbelt Energy Corp,4000,Service fee payment,BA001
CJ-005367,2026-02-24,56979,USD,OUTFLOW,3M Company,6400,Utilities payment,BA002
CJ-005368,2026-02-24,98080,USD,OUTFLOW,Salesforce Inc,6000,Vendor payment,BA002
CJ-005369,2026-02-24,78279,USD,OUTFLOW,Waste Management Inc,2000,Vendor payment,BA001
CJ-005370,2026-02-24,66736,USD,OUTFLOW,IBM Corp,6200,Maintenance services,BA001
CJ-005371,2026-02-24,72222,EUR,INFLOW,Milan Industries,4030,Consulting revenue,BA005
CJ-005372,2026-02-24,83499,EUR,INFLOW,Deutsche Industrial AG,4030,Consulting revenue,BA005
CJ-005373,2026-02-24,87789,EUR,INFLOW,EuroTech Solutions,1210,Service fee payment,BA005
CJ-005374,2026-02-24,42153,EUR,INFLOW,Berlin Analytics GmbH,4030,Customer payment received,BA004
CJ-005375,2026-02-24,39368,EUR,OUTFLOW,Bosch Group,6300,Vendor payment,BA005
CJ-005376,2026-02-24,38059,EUR,OUTFLOW,Schneider Electric,5010,Material procurement,BA004
CJ-005377,2026-02-24,42174,GBP,INFLOW,London Financial Services,1220,Service fee payment,BA007
CJ-005378,2026-02-24,40573,GBP,INFLOW,Scottish Energy Solutions,1220,Product sales revenue,BA006
CJ-005379,2026-02-24,25537,GBP,INFLOW,Oxford Research Labs,1220,Service fee payment,BA006
CJ-005380,2026-02-24,16627,GBP,OUTFLOW,Unilever PLC,2020,Vendor payment,BA006
CJ-005381,2026-02-25,161632,USD,INFLOW,Sunrise Technologies,4010,Consulting services payment,BA001
CJ-005382,2026-02-25,143659,USD,INFLOW,Midwest Manufacturing,4010,Product sales revenue,BA003
CJ-005383,2026-02-25,101305,USD,INFLOW,Sunbelt Energy Corp,4000,Product sales revenue,BA002
CJ-005384,2026-02-25,137115,USD,INFLOW,Central Systems Inc,1200,Product sales revenue,BA002
CJ-005385,2026-02-25,106655,USD,OUTFLOW,Honeywell International,6000,Maintenance services,BA001
CJ-005386,2026-02-25,97010,USD,OUTFLOW,IBM Corp,5000,Utilities payment,BA001
CJ-005387,2026-02-25,104260,USD,OUTFLOW,Amazon Web Services,5000,Service provider payment,BA003
CJ-005388,2026-02-25,107223,USD,OUTFLOW,Amazon Web Services,6400,Service provider payment,BA001
CJ-005389,2026-02-25,55057,EUR,INFLOW,Nordic Energy AS,1210,Service fee payment,BA005
CJ-005390,2026-02-25,68267,EUR,INFLOW,AutoMotive Industries GmbH,4030,Customer payment received,BA005
CJ-005391,2026-02-25,67144,EUR,INFLOW,Frankfurt Solutions,4020,Product sales revenue,BA005
CJ-005392,2026-02-25,88694,EUR,INFLOW,Milan Industries,4020,Customer payment received,BA004
CJ-005393,2026-02-25,57515,EUR,INFLOW,Nordic Energy AS,4030,Consulting revenue,BA004
CJ-005394,2026-02-25,27247,EUR,OUTFLOW,Capgemini SE,6300,Equipment rental,BA005
CJ-005395,2026-02-25,45669,EUR,OUTFLOW,Bayer AG,6300,Vendor payment,BA005
CJ-005396,2026-02-25,52559,EUR,OUTFLOW,BASF SE,2010,Equipment rental,BA005
CJ-005397,2026-02-25,14142,GBP,INFLOW,Highland Manufacturing,4040,Customer payment received,BA007
CJ-005398,2026-02-25,49166,GBP,INFLOW,Highland Manufacturing,1220,Product sales revenue,BA007
CJ-005399,2026-02-25,36707,GBP,INFLOW,Scottish Energy Solutions,1220,Service fee payment,BA007
CJ-005400,2026-02-25,21115,GBP,INFLOW,Scottish Energy Solutions,1220,Product sales revenue,BA006
CJ-005401,2026-02-25,12565,GBP,OUTFLOW,AstraZeneca PLC,6200,Vendor payment,BA006
CJ-005402,2026-02-25,15436,GBP,OUTFLOW,Vodafone Group,6200,Utilities payment,BA006
CJ-005403,2026-02-26,130516,USD,INFLOW,Continental Systems,4010,Consulting services payment,BA003
CJ-005404,2026-02-26,138514,USD,INFLOW,Pacific Trading Corp,4000,Product sales revenue,BA002
CJ-005405,2026-02-26,150338,USD,INFLOW,Southern Manufacturing,4010,License renewal payment,BA003
CJ-005406,2026-02-26,113719,USD,OUTFLOW,EY Global,6000,Vendor payment,BA003
CJ-005407,2026-02-26,107498,USD,OUTFLOW,Office Depot,6400,Utilities payment,BA001
CJ-005408,2026-02-26,121741,USD,OUTFLOW,Adobe Systems,6300,Utilities payment,BA003
CJ-005409,2026-02-26,117610,USD,OUTFLOW,Oracle Corp,5000,Professional services,BA003
CJ-005410,2026-02-26,143621,USD,OUTFLOW,EY Global,6400,Professional services,BA003
CJ-005411,2026-02-26,133306,USD,OUTFLOW,AT&T Services,6400,Material procurement,BA003
CJ-005412,2026-02-26,186095,USD,OUTFLOW,Deloitte Consulting,6300,Utilities payment,BA002
CJ-005413,2026-02-26,178081,USD,OUTFLOW,Salesforce Inc,6300,Vendor payment,BA002
CJ-005414,2026-02-26,43911,EUR,INFLOW,EuroTech Solutions,1210,Customer payment received,BA005
CJ-005415,2026-02-26,62333,EUR,INFLOW,Deutsche Industrial AG,1210,Consulting revenue,BA004
CJ-005416,2026-02-26,38028,EUR,OUTFLOW,BASF SE,5010,Equipment rental,BA005
CJ-005417,2026-02-26,77699,EUR,OUTFLOW,Airbus SE,6300,Vendor payment,BA004
CJ-005418,2026-02-26,45553,EUR,OUTFLOW,Bosch Group,6300,Service provider payment,BA005
CJ-005419,2026-02-26,51606,EUR,OUTFLOW,Bosch Group,5010,Equipment rental,BA005
CJ-005420,2026-02-26,12267,GBP,INFLOW,Bristol Aerospace,1220,Service fee payment,BA006
CJ-005421,2026-02-26,27814,GBP,OUTFLOW,Royal Mail,6200,Service provider payment,BA006
CJ-005422,2026-02-26,45833,GBP,OUTFLOW,Rolls-Royce Holdings,2020,Vendor payment,BA006
CJ-005423,2026-02-26,42299,GBP,OUTFLOW,Royal Mail,2020,Vendor payment,BA007
CJ-005424,2026-02-26,13487,GBP,OUTFLOW,Tesco PLC,2020,Vendor payment,BA006
CJ-005425,2026-02-27,86767,USD,INFLOW,Global Pharma Corp,4000,License renewal payment,BA003
CJ-005426,2026-02-27,90598,USD,INFLOW,American Logistics Inc,4000,Customer payment received,BA001
CJ-005427,2026-02-27,96409,USD,INFLOW,Sunrise Technologies,4010,Consulting services payment,BA002
CJ-005428,2026-02-27,90731,USD,OUTFLOW,Amazon Web Services,6100,Vendor payment,BA001
CJ-005429,2026-02-27,104816,USD,OUTFLOW,General Electric,5000,Material procurement,BA003
CJ-005430,2026-02-27,114398,USD,OUTFLOW,EY Global,6200,Professional services,BA002
CJ-005431,2026-02-27,104861,USD,OUTFLOW,Adobe Systems,5000,Professional services,BA001
CJ-005432,2026-02-27,37957,EUR,INFLOW,Siemens Digital Industries,4020,Product sales revenue,BA004
CJ-005433,2026-02-27,58152,EUR,INFLOW,Frankfurt Solutions,1210,Consulting revenue,BA005
CJ-005434,2026-02-27,54817,EUR,OUTFLOW,Lufthansa AG,5010,Material procurement,BA004
CJ-005435,2026-02-27,44513,EUR,OUTFLOW,Allianz SE,2010,Service provider payment,BA004
CJ-005436,2026-02-27,36795,EUR,OUTFLOW,Volkswagen AG,5010,Vendor payment,BA005
CJ-005437,2026-02-27,66602,EUR,OUTFLOW,BASF SE,5010,Vendor payment,BA004
CJ-005438,2026-02-27,51307,EUR,OUTFLOW,Deutsche Telekom,6300,Material procurement,BA005
CJ-005439,2026-02-27,25578,GBP,INFLOW,British Retail Group,4040,Service fee payment,BA007
CJ-005440,2026-02-27,32091,GBP,OUTFLOW,Vodafone Group,6200,Utilities payment,BA007
CJ-005441,2026-02-27,31071,GBP,OUTFLOW,BP Energy,6200,Utilities payment,BA006
CJ-005442,2026-03-02,149163,USD,INFLOW,Coastal Shipping USA,4000,Service fee payment,BA001
CJ-005443,2026-03-02,166084,USD,INFLOW,Sunbelt Energy Corp,4010,Service fee payment,BA002
CJ-005444,2026-03-02,164807,USD,INFLOW,Sunrise Technologies,1200,Service fee payment,BA001
CJ-005445,2026-03-02,112166,USD,INFLOW,Central Systems Inc,1200,Consulting services payment,BA003
CJ-005446,2026-03-02,139196,USD,INFLOW,National Services LLC,4000,Customer payment received,BA002
CJ-005447,2026-03-02,156871,USD,OUTFLOW,VMware Inc,2000,Material procurement,BA001
CJ-005448,2026-03-02,89064,USD,OUTFLOW,Oracle Corp,6300,Maintenance services,BA001
CJ-005449,2026-03-02,104268,USD,OUTFLOW,3M Company,6200,Vendor payment,BA001
CJ-005450,2026-03-02,133609,USD,OUTFLOW,Office Depot,2000,Utilities payment,BA002
CJ-005451,2026-03-02,156810,USD,OUTFLOW,Cisco Systems,6100,Utilities payment,BA003
CJ-005452,2026-03-02,168148,USD,OUTFLOW,Staples Inc,6200,Maintenance services,BA002
CJ-005453,2026-03-02,70447,EUR,INFLOW,Stuttgart Engineering,4030,Product sales revenue,BA004
CJ-005454,2026-03-02,62500,EUR,INFLOW,AutoMotive Industries GmbH,4020,Customer payment received,BA005
CJ-005455,2026-03-02,65510,EUR,INFLOW,EuroTech Solutions,4030,Service fee payment,BA005
CJ-005456,2026-03-02,84642,EUR,INFLOW,Hamburg Port Services,4020,Service fee payment,BA004
CJ-005457,2026-03-02,70315,EUR,INFLOW,Berlin Analytics GmbH,1210,Customer payment received,BA005
CJ-005458,2026-03-02,48787,EUR,OUTFLOW,Bayer AG,5010,Equipment rental,BA004
CJ-005459,2026-03-02,47065,EUR,OUTFLOW,Lufthansa AG,5010,Equipment rental,BA004
CJ-005460,2026-03-02,60423,EUR,OUTFLOW,BASF SE,6300,Vendor payment,BA005
CJ-005461,2026-03-02,78362,EUR,OUTFLOW,Lufthansa AG,5010,Equipment rental,BA004
CJ-005462,2026-03-02,67163,EUR,OUTFLOW,Bayer AG,6300,Equipment rental,BA004
CJ-005463,2026-03-02,74085,EUR,OUTFLOW,Siemens AG,2010,Material procurement,BA005
CJ-005464,2026-03-02,35315,GBP,INFLOW,Scottish Energy Solutions,4040,Customer payment received,BA006
CJ-005465,2026-03-02,18131,GBP,INFLOW,Edinburgh Systems,4040,Service fee payment,BA006
CJ-005466,2026-03-02,46356,GBP,INFLOW,Manchester United Industries,1220,Service fee payment,BA007
CJ-005467,2026-03-02,37606,GBP,OUTFLOW,BP Energy,2020,Service provider payment,BA007
CJ-005468,2026-03-02,18621,GBP,OUTFLOW,Unilever PLC,6200,Vendor payment,BA006
CJ-005469,2026-03-02,12197,GBP,OUTFLOW,AstraZeneca PLC,6200,Service provider payment,BA006
CJ-005470,2026-03-02,22641,GBP,OUTFLOW,AstraZeneca PLC,2020,Service provider payment,BA007
CJ-005471,2026-03-03,247612,USD,INFLOW,Midwest Manufacturing,4000,Customer payment received,BA002
CJ-005472,2026-03-03,201122,USD,INFLOW,Sunbelt Energy Corp,4010,Consulting services payment,BA001
CJ-005473,2026-03-03,166515,USD,INFLOW,Sunbelt Energy Corp,4000,Product sales revenue,BA002
CJ-005474,2026-03-03,163193,USD,INFLOW,Southern Manufacturing,1200,Consulting services payment,BA002
CJ-005475,2026-03-03,174392,USD,INFLOW,Central Systems Inc,4010,Product sales revenue,BA003
CJ-005476,2026-03-03,150959,USD,INFLOW,Midwest Agribusiness,1200,Consulting services payment,BA003
CJ-005477,2026-03-03,245268,USD,INFLOW,Midwest Agribusiness,4000,Consulting services payment,BA001
CJ-005478,2026-03-03,212963,USD,INFLOW,Sunbelt Energy Corp,4010,License renewal payment,BA002
CJ-005479,2026-03-03,67791,USD,OUTFLOW,EY Global,6000,Utilities payment,BA001
CJ-005480,2026-03-03,91365,USD,OUTFLOW,KPMG LLP,6400,Professional services,BA003
CJ-005481,2026-03-03,102631,USD,OUTFLOW,Microsoft Corp,6200,Utilities payment,BA002
CJ-005482,2026-03-03,61588,USD,OUTFLOW,Office Depot,6200,Maintenance services,BA001
CJ-005483,2026-03-03,63067,USD,OUTFLOW,Caterpillar Inc,6200,Material procurement,BA002
CJ-005484,2026-03-03,108229,EUR,INFLOW,EuroTech Solutions,1210,Customer payment received,BA005
CJ-005485,2026-03-03,121222,EUR,INFLOW,Siemens Digital Industries,4030,Service fee payment,BA005
CJ-005486,2026-03-03,54298,EUR,INFLOW,Berlin Analytics GmbH,1210,Service fee payment,BA004
CJ-005487,2026-03-03,101723,EUR,INFLOW,Milan Industries,4020,Service fee payment,BA004
CJ-005488,2026-03-03,58509,EUR,INFLOW,Siemens Digital Industries,4020,Service fee payment,BA004
CJ-005489,2026-03-03,97014,EUR,INFLOW,Milan Industries,4030,Consulting revenue,BA004
CJ-005490,2026-03-03,19600,EUR,OUTFLOW,Volkswagen AG,6300,Material procurement,BA004
CJ-005491,2026-03-03,52177,EUR,OUTFLOW,Deutsche Telekom,5010,Material procurement,BA005
CJ-005492,2026-03-03,53915,EUR,OUTFLOW,RWE Energy,2010,Service provider payment,BA004
CJ-005493,2026-03-03,39086,GBP,INFLOW,Cambridge Biotech,1220,Customer payment received,BA006
CJ-005494,2026-03-03,48855,GBP,INFLOW,Manchester United Industries,4040,Customer payment received,BA007
CJ-005495,2026-03-03,34072,GBP,INFLOW,Oxford Research Labs,4040,Service fee payment,BA007
CJ-005496,2026-03-03,52610,GBP,INFLOW,Westminster Holdings,4040,Product sales revenue,BA007
CJ-005497,2026-03-03,57981,GBP,INFLOW,Manchester United Industries,4040,Customer payment received,BA006
CJ-005498,2026-03-03,55535,GBP,INFLOW,Bristol Aerospace,1220,Product sales revenue,BA007
CJ-005499,2026-03-03,9612,GBP,OUTFLOW,Tesco PLC,6200,Utilities payment,BA007
CJ-005500,2026-03-04,160272,USD,INFLOW,Coastal Shipping USA,1200,Service fee payment,BA003
CJ-005501,2026-03-04,106792,USD,INFLOW,Midwest Agribusiness,4000,Customer payment received,BA003
CJ-005502,2026-03-04,122475,USD,INFLOW,Southern Manufacturing,4000,Consulting services payment,BA002
CJ-005503,2026-03-04,140824,USD,INFLOW,Southern Manufacturing,4000,Consulting services payment,BA002
CJ-005504,2026-03-04,167401,USD,INFLOW,Global Pharma Corp,4000,Consulting services payment,BA001
CJ-005505,2026-03-04,71299,USD,OUTFLOW,Caterpillar Inc,6400,Utilities payment,BA002
CJ-005506,2026-03-04,92063,USD,OUTFLOW,KPMG LLP,6100,Material procurement,BA001
CJ-005507,2026-03-04,73150,USD,OUTFLOW,Honeywell International,2000,Vendor payment,BA003
CJ-005508,2026-03-04,99364,USD,OUTFLOW,Verizon Business,6400,Professional services,BA003
CJ-005509,2026-03-04,103145,USD,OUTFLOW,KPMG LLP,6200,Utilities payment,BA001
CJ-005510,2026-03-04,46658,EUR,INFLOW,ACME Corp,4030,Service fee payment,BA005
CJ-005511,2026-03-04,57453,EUR,INFLOW,Siemens Digital Industries,4030,Product sales revenue,BA005
CJ-005512,2026-03-04,88564,EUR,INFLOW,ACME Corp,4020,Customer payment - received late,BA004
CJ-005513,2026-03-04,72511,EUR,INFLOW,Berlin Analytics GmbH,4020,Customer payment received,BA005
CJ-005514,2026-03-04,36266,EUR,OUTFLOW,Siemens AG,2010,Service provider payment,BA004
CJ-005515,2026-03-04,23307,EUR,OUTFLOW,Allianz SE,2010,Service provider payment,BA005
CJ-005516,2026-03-04,36868,EUR,OUTFLOW,ThyssenKrupp AG,5010,Material procurement,BA005
CJ-005517,2026-03-04,32161,EUR,OUTFLOW,Bosch Group,2010,Vendor payment,BA004
CJ-005518,2026-03-04,48269,GBP,INFLOW,Scottish Energy Solutions,1220,Customer payment received,BA007
CJ-005519,2026-03-04,43666,GBP,INFLOW,Westminster Holdings,4040,Customer payment received,BA007
CJ-005520,2026-03-04,23398,GBP,OUTFLOW,Shell Energy,2020,Service provider payment,BA007
CJ-005521,2026-03-05,138482,USD,INFLOW,Midwest Manufacturing,1200,Consulting services payment,BA003
CJ-005522,2026-03-05,86537,USD,INFLOW,Sunbelt Energy Corp,1200,Service fee payment,BA002
CJ-005523,2026-03-05,85723,USD,INFLOW,Pacific Trading Corp,4010,License renewal payment,BA002
CJ-005524,2026-03-05,113067,USD,INFLOW,Midwest Manufacturing,4000,Product sales revenue,BA003
CJ-005525,2026-03-05,114165,USD,INFLOW,TechGlobal Solutions,4000,Customer payment received,BA003
CJ-005526,2026-03-05,108202,USD,OUTFLOW,VMware Inc,6100,Maintenance services,BA002
CJ-005527,2026-03-05,72339,USD,OUTFLOW,Staples Inc,6400,Vendor payment,BA003
CJ-005528,2026-03-05,69186,USD,OUTFLOW,Microsoft Corp,2000,Service provider payment,BA002
CJ-005529,2026-03-05,101336,USD,OUTFLOW,Deloitte Consulting,2000,Service provider payment,BA001
CJ-005530,2026-03-05,101729,USD,OUTFLOW,General Electric,6300,Service provider payment,BA002
CJ-005531,2026-03-05,79746,EUR,INFLOW,Nordic Energy AS,4020,Product sales revenue,BA005
CJ-005532,2026-03-05,84775,EUR,INFLOW,Nordic Energy AS,4030,Product sales revenue,BA005
CJ-005533,2026-03-05,65498,EUR,INFLOW,Frankfurt Solutions,1210,Product sales revenue,BA004
CJ-005534,2026-03-05,42863,EUR,OUTFLOW,RWE Energy,2010,Vendor payment,BA004
CJ-005535,2026-03-05,45343,EUR,OUTFLOW,ThyssenKrupp AG,6300,Equipment rental,BA004
CJ-005536,2026-03-05,32112,GBP,INFLOW,Bristol Aerospace,1220,Service fee payment,BA007
CJ-005537,2026-03-05,29316,GBP,INFLOW,Edinburgh Systems,1220,Customer payment received,BA006
CJ-005538,2026-03-05,36808,GBP,INFLOW,Scottish Energy Solutions,4040,Product sales revenue,BA007
CJ-005539,2026-03-05,26590,GBP,OUTFLOW,Unilever PLC,6200,Utilities payment,BA007
CJ-005540,2026-03-05,16171,GBP,OUTFLOW,Tesco PLC,6200,Vendor payment,BA006
CJ-005541,2026-03-06,101955,USD,INFLOW,Midwest Manufacturing,1200,Customer payment received,BA003
CJ-005542,2026-03-06,75477,USD,INFLOW,Midwest Agribusiness,4010,Customer payment received,BA001
CJ-005543,2026-03-06,116787,USD,INFLOW,Pacific Trading Corp,1200,Consulting services payment,BA002
CJ-005544,2026-03-06,64484,USD,INFLOW,Coastal Shipping USA,4010,Consulting services payment,BA003
CJ-005545,2026-03-06,67024,USD,INFLOW,Sunbelt Energy Corp,4000,Customer payment received,BA002
CJ-005546,2026-03-06,80450,USD,OUTFLOW,Honeywell International,2000,Material procurement,BA001
CJ-005547,2026-03-06,89575,USD,OUTFLOW,VMware Inc,6400,Maintenance services,BA002
CJ-005548,2026-03-06,74907,USD,OUTFLOW,Adobe Systems,6300,Utilities payment,BA002
CJ-005549,2026-03-06,52395,USD,OUTFLOW,Accenture PLC,2000,Maintenance services,BA002
CJ-005550,2026-03-06,73767,USD,OUTFLOW,General Electric,6200,Vendor payment,BA001
CJ-005551,2026-03-06,49848,EUR,INFLOW,Berlin Analytics GmbH,1210,Product sales revenue,BA004
CJ-005552,2026-03-06,44085,EUR,INFLOW,Munich Automotive,4030,Service fee payment,BA005
CJ-005553,2026-03-06,28081,EUR,OUTFLOW,L'Oreal SA,2010,Vendor payment,BA004
CJ-005554,2026-03-06,24314,EUR,OUTFLOW,SAP SE,2010,Material procurement,BA005
CJ-005555,2026-03-06,24168,EUR,OUTFLOW,Lufthansa AG,6300,Equipment rental,BA005
CJ-005556,2026-03-06,11329,GBP,INFLOW,Bristol Aerospace,1220,Customer payment received,BA006
CJ-005557,2026-03-06,16335,GBP,OUTFLOW,British Gas,2020,Vendor payment,BA006
CJ-005558,2026-03-09,88898,USD,INFLOW,Sunbelt Energy Corp,1200,Product sales revenue,BA001
CJ-005559,2026-03-09,121562,USD,INFLOW,TransAtlantic Shipping,1200,Consulting services payment,BA001
CJ-005560,2026-03-09,117393,USD,INFLOW,Central Systems Inc,1200,Service fee payment,BA002
CJ-005561,2026-03-09,128511,USD,INFLOW,Sunrise Technologies,1200,Product sales revenue,BA002
CJ-005562,2026-03-09,115454,USD,OUTFLOW,Honeywell International,6400,Professional services,BA003
CJ-005563,2026-03-09,156653,USD,OUTFLOW,Adobe Systems,2000,Professional services,BA003
CJ-005564,2026-03-09,86017,USD,OUTFLOW,AT&T Services,6200,Maintenance services,BA001
CJ-005565,2026-03-09,166053,USD,OUTFLOW,3M Company,6400,Utilities payment,BA003
CJ-005566,2026-03-09,134645,USD,OUTFLOW,Salesforce Inc,5000,Utilities payment,BA002
CJ-005567,2026-03-09,146052,USD,OUTFLOW,Waste Management Inc,5000,Professional services,BA003
CJ-005568,2026-03-09,161753,USD,OUTFLOW,Accenture PLC,6300,Vendor payment,BA002
CJ-005569,2026-03-09,28037,EUR,INFLOW,Munich Automotive,4030,Consulting revenue,BA005
CJ-005570,2026-03-09,41907,EUR,INFLOW,Frankfurt Solutions,4020,Service fee payment,BA005
CJ-005571,2026-03-09,39826,EUR,INFLOW,Nordic Energy AS,4030,Service fee payment,BA004
CJ-005572,2026-03-09,54688,EUR,OUTFLOW,Deutsche Telekom,6300,Equipment rental,BA004
CJ-005573,2026-03-09,48619,EUR,OUTFLOW,Siemens AG,6300,Material procurement,BA004
CJ-005574,2026-03-09,62132,EUR,OUTFLOW,Bosch Group,2010,Material procurement,BA004
CJ-005575,2026-03-09,41421,EUR,OUTFLOW,Lufthansa AG,5010,Service provider payment,BA004
CJ-005576,2026-03-09,71567,EUR,OUTFLOW,Capgemini SE,2010,Material procurement,BA004
CJ-005577,2026-03-09,63154,EUR,OUTFLOW,Bosch Group,5010,Service provider payment,BA005
CJ-005578,2026-03-09,15224,GBP,INFLOW,British Retail Group,1220,Service fee payment,BA006
CJ-005579,2026-03-09,34110,GBP,OUTFLOW,BT Group,2020,Vendor payment,BA007
CJ-005580,2026-03-09,21004,GBP,OUTFLOW,BAE Systems,6200,Vendor payment,BA006
CJ-005581,2026-03-09,12970,GBP,OUTFLOW,Vodafone Group,6200,Utilities payment,BA007
CJ-005582,2026-03-09,25938,GBP,OUTFLOW,Vodafone Group,6200,Vendor payment,BA007
CJ-005583,2026-03-09,18976,GBP,OUTFLOW,British Gas,2020,Service provider payment,BA006
CJ-005584,2026-03-10,142267,USD,INFLOW,Northeast Industries,1200,Customer payment received,BA003
CJ-005585,2026-03-10,134479,USD,INFLOW,Continental Systems,4010,Service fee payment,BA001
CJ-005586,2026-03-10,180397,USD,INFLOW,Pacific Trading Corp,4000,Product sales revenue,BA003
CJ-005587,2026-03-10,197020,USD,INFLOW,Northeast Industries,4000,Consulting services payment,BA003
CJ-005588,2026-03-10,151344,USD,INFLOW,National Services LLC,4010,License renewal payment,BA003
CJ-005589,2026-03-10,156701,USD,INFLOW,National Services LLC,4010,Consulting services payment,BA001
CJ-005590,2026-03-10,175308,USD,INFLOW,Sunrise Technologies,4010,License renewal payment,BA001
CJ-005591,2026-03-10,190447,USD,INFLOW,Southern Manufacturing,1200,License renewal payment,BA001
CJ-005592,2026-03-10,76350,USD,OUTFLOW,Honeywell International,6100,Maintenance services,BA003
CJ-005593,2026-03-10,58765,USD,OUTFLOW,KPMG LLP,6300,Utilities payment,BA002
CJ-005594,2026-03-10,67534,USD,OUTFLOW,Caterpillar Inc,5000,Service provider payment,BA003
CJ-005595,2026-03-10,83415,USD,OUTFLOW,VMware Inc,6200,Service provider payment,BA003
CJ-005596,2026-03-10,86927,EUR,INFLOW,FranceTech SA,1210,Service fee payment,BA004
CJ-005597,2026-03-10,58139,EUR,INFLOW,FranceTech SA,4020,Service fee payment,BA005
CJ-005598,2026-03-10,86431,EUR,INFLOW,Frankfurt Solutions,4020,Customer payment received,BA004
CJ-005599,2026-03-10,102619,EUR,INFLOW,Siemens Digital Industries,4030,Service fee payment,BA004
CJ-005600,2026-03-10,101879,EUR,INFLOW,AutoMotive Industries GmbH,4020,Consulting revenue,BA005
CJ-005601,2026-03-10,25279,EUR,OUTFLOW,Lufthansa AG,5010,Vendor payment,BA005
CJ-005602,2026-03-10,37515,EUR,OUTFLOW,Allianz SE,5010,Vendor payment,BA005
CJ-005603,2026-03-10,21314,EUR,OUTFLOW,Bosch Group,5010,Material procurement,BA004
CJ-005604,2026-03-10,54814,EUR,OUTFLOW,Bosch Group,5010,Material procurement,BA004
CJ-005605,2026-03-10,40144,GBP,INFLOW,Bristol Aerospace,4040,Product sales revenue,BA006
CJ-005606,2026-03-10,25609,GBP,INFLOW,Bristol Aerospace,4040,Product sales revenue,BA007
CJ-005607,2026-03-10,45454,GBP,INFLOW,Oxford Research Labs,1220,Product sales revenue,BA006
CJ-005608,2026-03-10,32226,GBP,INFLOW,Highland Manufacturing,1220,Product sales revenue,BA006
CJ-005609,2026-03-10,25203,GBP,OUTFLOW,Royal Mail,2020,Utilities payment,BA006
CJ-005610,2026-03-10,20761,GBP,OUTFLOW,Sainsbury's,2020,Vendor payment,BA006
CJ-005611,2026-03-11,109271,USD,INFLOW,Northeast Industries,4000,Product sales revenue,BA001
CJ-005612,2026-03-11,131480,USD,INFLOW,Sunrise Technologies,4010,License renewal payment,BA002
CJ-005613,2026-03-11,115612,USD,INFLOW,TransAtlantic Shipping,1200,Service fee payment,BA003
CJ-005614,2026-03-11,103124,USD,INFLOW,Western Digital Corp,1200,Service fee payment,BA001
CJ-005615,2026-03-11,180028,USD,INFLOW,Central Systems Inc,1200,License renewal payment,BA002
CJ-005616,2026-03-11,105396,USD,OUTFLOW,KPMG LLP,6000,Service provider payment,BA001
CJ-005617,2026-03-11,87853,USD,OUTFLOW,Deloitte Consulting,6400,Professional services,BA001
CJ-005618,2026-03-11,96642,USD,OUTFLOW,AT&T Services,6400,Service provider payment,BA001
CJ-005619,2026-03-11,88958,EUR,INFLOW,ACME Corp,1210,Customer payment received,BA004
CJ-005620,2026-03-11,90937,EUR,INFLOW,Milan Industries,4030,Consulting revenue,BA005
CJ-005621,2026-03-11,75886,EUR,INFLOW,Milan Industries,1210,Service fee payment,BA004
CJ-005622,2026-03-11,98293,EUR,INFLOW,Hamburg Port Services,4030,Product sales revenue,BA005
CJ-005623,2026-03-11,57023,EUR,INFLOW,Vienna Tech GmbH,1210,Product sales revenue,BA004
CJ-005624,2026-03-11,32836,EUR,OUTFLOW,L'Oreal SA,2010,Service provider payment,BA004
CJ-005625,2026-03-11,35712,EUR,OUTFLOW,RWE Energy,5010,Vendor payment,BA005
CJ-005626,2026-03-11,27762,GBP,INFLOW,British Retail Group,4040,Customer payment received,BA007
CJ-005627,2026-03-11,13899,GBP,INFLOW,Cardiff Construction Ltd,1220,Customer payment received,BA006
CJ-005628,2026-03-11,14855,GBP,OUTFLOW,Shell Energy,6200,Service provider payment,BA007
CJ-005629,2026-03-11,26936,GBP,OUTFLOW,British Gas,2020,Vendor payment,BA007
CJ-005630,2026-03-11,11438,GBP,OUTFLOW,Rolls-Royce Holdings,6200,Utilities payment,BA007
CJ-005631,2026-03-12,146805,USD,INFLOW,Midwest Manufacturing,4000,Customer payment received,BA001
CJ-005632,2026-03-12,96430,USD,INFLOW,Atlantic Corp,4000,Product sales revenue,BA002
CJ-005633,2026-03-12,122825,USD,INFLOW,Atlantic Corp,1200,License renewal payment,BA003
CJ-005634,2026-03-12,88146,USD,INFLOW,American Logistics Inc,4000,License renewal payment,BA003
CJ-005635,2026-03-12,90254,USD,OUTFLOW,Staples Inc,6200,Professional services,BA002
CJ-005636,2026-03-12,114863,USD,OUTFLOW,Deloitte Consulting,5000,Vendor payment,BA001
CJ-005637,2026-03-12,91465,USD,OUTFLOW,Caterpillar Inc,6200,Vendor payment,BA002
CJ-005638,2026-03-12,110670,USD,OUTFLOW,AT&T Services,6000,Maintenance services,BA003
CJ-005639,2026-03-12,52212,EUR,INFLOW,Berlin Analytics GmbH,4030,Product sales revenue,BA005
CJ-005640,2026-03-12,66858,EUR,INFLOW,ACME Corp,4030,Project milestone payment - delayed,BA004
CJ-005641,2026-03-12,49875,EUR,OUTFLOW,Volkswagen AG,6300,Material procurement,BA004
CJ-005642,2026-03-12,28990,EUR,OUTFLOW,Allianz SE,6300,Material procurement,BA005
CJ-005643,2026-03-12,43110,EUR,OUTFLOW,Bosch Group,6300,Service provider payment,BA005
CJ-005644,2026-03-12,60211,EUR,OUTFLOW,Airbus SE,5010,Equipment rental,BA004
CJ-005645,2026-03-12,28755,GBP,INFLOW,Oxford Research Labs,1220,Product sales revenue,BA007
CJ-005646,2026-03-12,22588,GBP,OUTFLOW,BP Energy,6200,Service provider payment,BA007
CJ-005647,2026-03-12,31738,GBP,OUTFLOW,British Gas,6200,Vendor payment,BA006
CJ-005648,2026-03-13,81446,USD,INFLOW,TransAtlantic Shipping,1200,Customer payment received,BA002
CJ-005649,2026-03-13,79323,USD,INFLOW,Coastal Shipping USA,4000,Customer payment received,BA003
CJ-005650,2026-03-13,91103,USD,INFLOW,TechGlobal Solutions,4000,Consulting services payment,BA002
CJ-005651,2026-03-13,78740,USD,INFLOW,Coastal Shipping USA,1200,Customer payment received,BA001
CJ-005652,2026-03-13,71698,USD,INFLOW,Continental Systems,4010,Customer payment received,BA003
CJ-005653,2026-03-13,71023,USD,OUTFLOW,Caterpillar Inc,6300,Vendor payment,BA002
CJ-005654,2026-03-13,90687,USD,OUTFLOW,Amazon Web Services,6200,Maintenance services,BA002
CJ-005655,2026-03-13,61273,EUR,INFLOW,FranceTech SA,4030,Service fee payment,BA005
CJ-005656,2026-03-13,35171,EUR,INFLOW,FranceTech SA,4030,Customer payment received,BA004
CJ-005657,2026-03-13,39559,EUR,INFLOW,ACME Corp,4020,Consulting revenue,BA004
CJ-005658,2026-03-13,38594,EUR,OUTFLOW,RWE Energy,6300,Material procurement,BA005
CJ-005659,2026-03-13,17052,GBP,INFLOW,Cambridge Biotech,4040,Product sales revenue,BA007
CJ-005660,2026-03-13,7118,GBP,OUTFLOW,AstraZeneca PLC,6200,Utilities payment,BA006
CJ-005661,2026-03-13,10757,GBP,OUTFLOW,Shell Energy,6200,Service provider payment,BA006
CJ-005662,2026-03-16,120767,USD,INFLOW,Southern Manufacturing,4010,Customer payment received,BA002
CJ-005663,2026-03-16,111764,USD,INFLOW,National Services LLC,1200,Consulting services payment,BA001
CJ-005664,2026-03-16,73115,USD,INFLOW,Midwest Manufacturing,4000,License renewal payment,BA002
CJ-005665,2026-03-16,120209,USD,INFLOW,Sunrise Technologies,4000,Consulting services payment,BA003
CJ-005666,2026-03-16,89311,USD,OUTFLOW,Microsoft Corp,6100,Vendor payment,BA001
CJ-005667,2026-03-16,166146,USD,OUTFLOW,General Electric,6000,Professional services,BA003
CJ-005668,2026-03-16,108403,USD,OUTFLOW,Cisco Systems,6000,Utilities payment,BA003
CJ-005669,2026-03-16,109746,USD,OUTFLOW,Microsoft Corp,5000,Utilities payment,BA001
CJ-005670,2026-03-16,113262,USD,OUTFLOW,Cisco Systems,6000,Service provider payment,BA003
CJ-005671,2026-03-16,86222,USD,OUTFLOW,Salesforce Inc,6100,Professional services,BA001
CJ-005672,2026-03-16,118596,USD,OUTFLOW,General Electric,6300,Utilities payment,BA002
CJ-005673,2026-03-16,146992,USD,OUTFLOW,Waste Management Inc,2000,Service provider payment,BA002
CJ-005674,2026-03-16,31547,EUR,INFLOW,AutoMotive Industries GmbH,4030,Product sales revenue,BA004
CJ-005675,2026-03-16,68828,EUR,INFLOW,Vienna Tech GmbH,4020,Product sales revenue,BA005
CJ-005676,2026-03-16,46317,EUR,INFLOW,EuroTech Solutions,4030,Product sales revenue,BA004
CJ-005677,2026-03-16,52831,EUR,INFLOW,Milan Industries,4020,Service fee payment,BA005
CJ-005678,2026-03-16,43927,EUR,OUTFLOW,Allianz SE,5010,Material procurement,BA004
CJ-005679,2026-03-16,64857,EUR,OUTFLOW,Schneider Electric,2010,Vendor payment,BA004
CJ-005680,2026-03-16,57692,EUR,OUTFLOW,BASF SE,2010,Vendor payment,BA004
CJ-005681,2026-03-16,78649,EUR,OUTFLOW,Siemens AG,2010,Equipment rental,BA004
CJ-005682,2026-03-16,31877,GBP,INFLOW,Bristol Aerospace,1220,Customer payment received,BA006
CJ-005683,2026-03-16,16227,GBP,INFLOW,Manchester United Industries,1220,Product sales revenue,BA007
CJ-005684,2026-03-16,32064,GBP,INFLOW,Westminster Holdings,1220,Customer payment received,BA006
CJ-005685,2026-03-16,15823,GBP,OUTFLOW,Vodafone Group,6200,Vendor payment,BA006
CJ-005686,2026-03-16,11536,GBP,OUTFLOW,Unilever PLC,2020,Vendor payment,BA006
CJ-005687,2026-03-16,17356,GBP,OUTFLOW,British Gas,6200,Utilities payment,BA007
CJ-005688,2026-03-16,16081,GBP,OUTFLOW,BAE Systems,2020,Vendor payment,BA006
